image_id,decision,suspicious_slots,plate_text,ocr_plate_text,plate_text_corrected,suspicious_characters,slot_count,plate_type,input_path,rectified_path,notes,annotated_at
AADY1439,suspicious,5,,,false,S5,8,green_new_energy,/home/yuehe/cjn/lisence-plate-forgery/data/images/AADY1439.JPG,/home/yuehe/cjn/lisence-plate-forgery/outputs/annotation-remaining1363-local-v3_20260825_210051/AADY1439/03_rectified.jpg,,2026-08-25T22:09:35+08:00
ACDW3269,suspicious,7,,,false,S7,8,green_new_energy,/home/yuehe/cjn/lisence-plate-forgery/data/images/ACDW3269.JPG,/home/yuehe/cjn/lisence-plate-forgery/outputs/annotation-remaining1363-local-v3_20260825_210051/ACDW3269/03_rectified.jpg,,2026-08-25T22:09:52+08:00
ACTC3767,clear,,,,false,,8,green_new_energy,/home/yuehe/cjn/lisence-plate-forgery/data/images/ACTC3767.JPG,/home/yuehe/cjn/lisence-plate-forgery/outputs/annotation-remaining1363-local-v3_20260825_210051/ACTC3767/03_rectified.jpg,,2026-08-25T22:09:59+08:00
ACTN9514,suspicious,3,,,false,S3,8,green_new_energy,/home/yuehe/cjn/lisence-plate-forgery/data/images/ACTN9514.JPG,/home/yuehe/cjn/lisence-plate-forgery/outputs/annotation-remaining1363-local-v3_20260825_210051/ACTN9514/03_rectified.jpg,,2026-08-25T22:10:22+08:00
AFOL6295,clear,,,,false,,8,green_new_energy,/home/yuehe/cjn/lisence-plate-forgery/data/images/AFOL6295.JPG,/home/yuehe/cjn/lisence-plate-forgery/outputs/annotation-remaining1363-local-v3_20260825_210051/AFOL6295/03_rectified.jpg,,2026-08-25T22:10:26+08:00
AGYR0820,suspicious,3;5,,,false,S3;S5,8,green_new_energy,/home/yuehe/cjn/lisence-plate-forgery/data/images/AGYR0820.JPG,/home/yuehe/cjn/lisence-plate-forgery/outputs/annotation-remaining1363-local-v3_20260825_210051/AGYR0820/03_rectified.jpg,,2026-08-25T22:10:42+08:00
AIIR5852,clear,,,,false,,8,green_new_energy,/home/yuehe/cjn/lisence-plate-forgery/data/images/AIIR5852.JPG,/home/yuehe/cjn/lisence-plate-forgery/outputs/annotation-remaining1363-local-v3_20260825_210051/AIIR5852/03_rectified.jpg,,2026-08-25T22:10:53+08:00
ANHZ2961,suspicious,7,,,false,S7,8,green_new_energy,/home/yuehe/cjn/lisence-plate-forgery/data/images/ANHZ2961.JPG,/home/yuehe/cjn/lisence-plate-forgery/outputs/annotation-remaining1363-local-v3_20260825_210051/ANHZ2961/03_rectified.jpg,,2026-08-25T22:11:01+08:00
AOUD0781,suspicious,2,,,false,S2,8,green_new_energy,/home/yuehe/cjn/lisence-plate-forgery/data/images/AOUD0781.JPG,/home/yuehe/cjn/lisence-plate-forgery/outputs/annotation-remaining1363-local-v3_20260825_210051/AOUD0781/03_rectified.jpg,,2026-08-25T22:11:21+08:00
AVOD5031,suspicious,4;8,,,false,S4;S8,8,green_new_energy,/home/yuehe/cjn/lisence-plate-forgery/data/images/AVOD5031.JPG,/home/yuehe/cjn/lisence-plate-forgery/outputs/annotation-remaining1363-local-v3_20260825_210051/AVOD5031/03_rectified.jpg,,2026-08-25T22:11:29+08:00
AVZG5105,suspicious,3;6,,,false,S3;S6,8,green_new_energy,/home/yuehe/cjn/lisence-plate-forgery/data/images/AVZG5105.JPG,/home/yuehe/cjn/lisence-plate-forgery/outputs/annotation-remaining1363-local-v3_20260825_210051/AVZG5105/03_rectified.jpg,,2026-08-25T22:11:35+08:00
AXRG6268,suspicious,4,,,false,S4,8,green_new_energy,/home/yuehe/cjn/lisence-plate-forgery/data/images/AXRG6268.JPG,/home/yuehe/cjn/lisence-plate-forgery/outputs/annotation-remaining1363-local-v3_20260825_210051/AXRG6268/03_rectified.jpg,,2026-08-25T22:11:47+08:00
AYZI9349,suspicious,2,,,false,S2,8,green_new_energy,/home/yuehe/cjn/lisence-plate-forgery/data/images/AYZI9349.JPG,/home/yuehe/cjn/lisence-plate-forgery/outputs/annotation-remaining1363-local-v3_20260825_210051/AYZI9349/03_rectified.jpg,,2026-08-25T22:11:52+08:00
BASW2138,suspicious,3,,,false,S3,8,green_new_energy,/home/yuehe/cjn/lisence-plate-forgery/data/images/BASW2138.JPG,/home/yuehe/cjn/lisence-plate-forgery/outputs/annotation-remaining1363-local-v3_20260825_210051/BASW2138/03_rectified.jpg,,2026-08-25T22:11:57+08:00
BDTW3847,suspicious,3,,,false,S3,8,green_new_energy,/home/yuehe/cjn/lisence-plate-forgery/data/images/BDTW3847.JPG,/home/yuehe/cjn/lisence-plate-forgery/outputs/annotation-remaining1363-local-v3_20260825_210051/BDTW3847/03_rectified.jpg,,2026-08-25T22:12:03+08:00
BFHM0220,clear,,,,false,,8,green_new_energy,/home/yuehe/cjn/lisence-plate-forgery/data/images/BFHM0220.JPG,/home/yuehe/cjn/lisence-plate-forgery/outputs/annotation-remaining1363-local-v3_20260825_210051/BFHM0220/03_rectified.jpg,,2026-08-25T22:12:09+08:00
BFXL1396,suspicious,8,,,false,S8,8,green_new_energy,/home/yuehe/cjn/lisence-plate-forgery/data/images/BFXL1396.JPG,/home/yuehe/cjn/lisence-plate-forgery/outputs/annotation-remaining1363-local-v3_20260825_210051/BFXL1396/03_rectified.jpg,,2026-08-25T22:12:13+08:00
BJTN4725,suspicious,4,,,false,S4,8,green_new_energy,/home/yuehe/cjn/lisence-plate-forgery/data/images/BJTN4725.JPG,/home/yuehe/cjn/lisence-plate-forgery/outputs/annotation-remaining1363-local-v3_20260825_210051/BJTN4725/03_rectified.jpg,,2026-08-25T22:12:18+08:00
BJXM9659,suspicious,8,,,false,S8,8,green_new_energy,/home/yuehe/cjn/lisence-plate-forgery/data/images/BJXM9659.JPG,/home/yuehe/cjn/lisence-plate-forgery/outputs/annotation-remaining1363-local-v3_20260825_210051/BJXM9659/03_rectified.jpg,,2026-08-25T22:12:24+08:00
BMIP5927,suspicious,4,,,false,S4,8,green_new_energy,/home/yuehe/cjn/lisence-plate-forgery/data/images/BMIP5927.JPG,/home/yuehe/cjn/lisence-plate-forgery/outputs/annotation-remaining1363-local-v3_20260825_210051/BMIP5927/03_rectified.jpg,,2026-08-25T22:12:29+08:00
BNBV2021,suspicious,5,,,false,S5,8,green_new_energy,/home/yuehe/cjn/lisence-plate-forgery/data/images/BNBV2021.JPG,/home/yuehe/cjn/lisence-plate-forgery/outputs/annotation-remaining1363-local-v3_20260825_210051/BNBV2021/03_rectified.jpg,,2026-08-25T22:12:41+08:00
BNLA8507,suspicious,6,,,false,S6,8,green_new_energy,/home/yuehe/cjn/lisence-plate-forgery/data/images/BNLA8507.JPG,/home/yuehe/cjn/lisence-plate-forgery/outputs/annotation-remaining1363-local-v3_20260825_210051/BNLA8507/03_rectified.jpg,,2026-08-25T22:12:47+08:00
BSHB9072,suspicious,4,,,false,S4,8,green_new_energy,/home/yuehe/cjn/lisence-plate-forgery/data/images/BSHB9072.JPG,/home/yuehe/cjn/lisence-plate-forgery/outputs/annotation-remaining1363-local-v3_20260825_210051/BSHB9072/03_rectified.jpg,,2026-08-25T22:12:50+08:00
BULR2765,suspicious,3;4,,,false,S3;S4,8,green_new_energy,/home/yuehe/cjn/lisence-plate-forgery/data/images/BULR2765.JPG,/home/yuehe/cjn/lisence-plate-forgery/outputs/annotation-remaining1363-local-v3_20260825_210051/BULR2765/03_rectified.jpg,,2026-08-25T22:13:03+08:00
BWSC4946,clear,,,,false,,8,green_new_energy,/home/yuehe/cjn/lisence-plate-forgery/data/images/BWSC4946.JPG,/home/yuehe/cjn/lisence-plate-forgery/outputs/annotation-remaining1363-local-v3_20260825_210051/BWSC4946/03_rectified.jpg,,2026-08-25T22:13:07+08:00
BXMI3987,suspicious,6,,,false,S6,8,green_new_energy,/home/yuehe/cjn/lisence-plate-forgery/data/images/BXMI3987.JPG,/home/yuehe/cjn/lisence-plate-forgery/outputs/annotation-remaining1363-local-v3_20260825_210051/BXMI3987/03_rectified.jpg,,2026-08-25T22:13:12+08:00
BYEM0010,suspicious,2,,,false,S2,8,green_new_energy,/home/yuehe/cjn/lisence-plate-forgery/data/images/BYEM0010.JPG,/home/yuehe/cjn/lisence-plate-forgery/outputs/annotation-remaining1363-local-v3_20260825_210051/BYEM0010/03_rectified.jpg,,2026-08-25T22:13:16+08:00
BZJE5488,suspicious,2,,,false,S2,8,green_new_energy,/home/yuehe/cjn/lisence-plate-forgery/data/images/BZJE5488.JPG,/home/yuehe/cjn/lisence-plate-forgery/outputs/annotation-remaining1363-local-v3_20260825_210051/BZJE5488/03_rectified.jpg,,2026-08-25T22:13:19+08:00
CAKK2087,suspicious,4;7;8,,,false,S4;S7;S8,8,green_new_energy,/home/yuehe/cjn/lisence-plate-forgery/data/images/CAKK2087.JPG,/home/yuehe/cjn/lisence-plate-forgery/outputs/annotation-remaining1363-local-v3_20260825_210051/CAKK2087/03_rectified.jpg,,2026-08-25T22:13:43+08:00
CHEX2817,suspicious,7,,,false,S7,8,green_new_energy,/home/yuehe/cjn/lisence-plate-forgery/data/images/CHEX2817.JPG,/home/yuehe/cjn/lisence-plate-forgery/outputs/annotation-remaining1363-local-v3_20260825_210051/CHEX2817/03_rectified.jpg,,2026-08-25T22:13:52+08:00
CILW4845,clear,,,,false,,8,green_new_energy,/home/yuehe/cjn/lisence-plate-forgery/data/images/CILW4845.JPG,/home/yuehe/cjn/lisence-plate-forgery/outputs/annotation-remaining1363-local-v3_20260825_210051/CILW4845/03_rectified.jpg,,2026-08-25T22:13:59+08:00
CJQW7021,clear,,,,false,,8,green_new_energy,/home/yuehe/cjn/lisence-plate-forgery/data/images/CJQW7021.JPG,/home/yuehe/cjn/lisence-plate-forgery/outputs/annotation-remaining1363-local-v3_20260825_210051/CJQW7021/03_rectified.jpg,,2026-08-25T22:14:09+08:00
CKKQ3814,suspicious,3;4,,,false,S3;S4,8,green_new_energy,/home/yuehe/cjn/lisence-plate-forgery/data/images/CKKQ3814.JPG,/home/yuehe/cjn/lisence-plate-forgery/outputs/annotation-remaining1363-local-v3_20260825_210051/CKKQ3814/03_rectified.jpg,,2026-08-25T22:14:33+08:00
CKTE4503,clear,,,,false,,8,green_new_energy,/home/yuehe/cjn/lisence-plate-forgery/data/images/CKTE4503.JPG,/home/yuehe/cjn/lisence-plate-forgery/outputs/annotation-remaining1363-local-v3_20260825_210051/CKTE4503/03_rectified.jpg,,2026-08-25T22:14:40+08:00
CKXC5363,suspicious,3,,,false,S3,8,green_new_energy,/home/yuehe/cjn/lisence-plate-forgery/data/images/CKXC5363.JPG,/home/yuehe/cjn/lisence-plate-forgery/outputs/annotation-remaining1363-local-v3_20260825_210051/CKXC5363/03_rectified.jpg,,2026-08-25T22:14:54+08:00
CMCV2581,suspicious,5,,,false,S5,8,green_new_energy,/home/yuehe/cjn/lisence-plate-forgery/data/images/CMCV2581.JPG,/home/yuehe/cjn/lisence-plate-forgery/outputs/annotation-remaining1363-local-v3_20260825_210051/CMCV2581/03_rectified.jpg,,2026-08-25T22:15:03+08:00
CNDU2619,suspicious,7,,,false,S7,8,green_new_energy,/home/yuehe/cjn/lisence-plate-forgery/data/images/CNDU2619.JPG,/home/yuehe/cjn/lisence-plate-forgery/outputs/annotation-remaining1363-local-v3_20260825_210051/CNDU2619/03_rectified.jpg,,2026-08-25T22:15:08+08:00
CNWO4361,suspicious,7,,,false,S7,8,green_new_energy,/home/yuehe/cjn/lisence-plate-forgery/data/images/CNWO4361.JPG,/home/yuehe/cjn/lisence-plate-forgery/outputs/annotation-remaining1363-local-v3_20260825_210051/CNWO4361/03_rectified.jpg,,2026-08-25T22:15:13+08:00
CRLX8713,suspicious,3,,,false,S3,8,green_new_energy,/home/yuehe/cjn/lisence-plate-forgery/data/images/CRLX8713.JPG,/home/yuehe/cjn/lisence-plate-forgery/outputs/annotation-remaining1363-local-v3_20260825_210051/CRLX8713/03_rectified.jpg,,2026-08-25T22:15:16+08:00
CRPK9198,suspicious,8,,,false,S8,8,green_new_energy,/home/yuehe/cjn/lisence-plate-forgery/data/images/CRPK9198.JPG,/home/yuehe/cjn/lisence-plate-forgery/outputs/annotation-remaining1363-local-v3_20260825_210051/CRPK9198/03_rectified.jpg,,2026-08-25T22:15:19+08:00
CRQH9284,clear,,,,false,,8,green_new_energy,/home/yuehe/cjn/lisence-plate-forgery/data/images/CRQH9284.JPG,/home/yuehe/cjn/lisence-plate-forgery/outputs/annotation-remaining1363-local-v3_20260825_210051/CRQH9284/03_rectified.jpg,,2026-08-25T22:15:26+08:00
CSCT5012,suspicious,3;5,,,false,S3;S5,8,green_new_energy,/home/yuehe/cjn/lisence-plate-forgery/data/images/CSCT5012.JPG,/home/yuehe/cjn/lisence-plate-forgery/outputs/annotation-remaining1363-local-v3_20260825_210051/CSCT5012/03_rectified.jpg,,2026-08-25T22:15:31+08:00
CWJQ2741,suspicious,8,,,false,S8,8,green_new_energy,/home/yuehe/cjn/lisence-plate-forgery/data/images/CWJQ2741.JPG,/home/yuehe/cjn/lisence-plate-forgery/outputs/annotation-remaining1363-local-v3_20260825_210051/CWJQ2741/03_rectified.jpg,,2026-08-25T22:15:39+08:00
CWTK4502,suspicious,3;7,,,false,S3;S7,8,green_new_energy,/home/yuehe/cjn/lisence-plate-forgery/data/images/CWTK4502.JPG,/home/yuehe/cjn/lisence-plate-forgery/outputs/annotation-remaining1363-local-v3_20260825_210051/CWTK4502/03_rectified.jpg,,2026-08-25T22:15:43+08:00
DAWT2074,suspicious,3;7,,,false,S3;S7,8,green_new_energy,/home/yuehe/cjn/lisence-plate-forgery/data/images/DAWT2074.JPG,/home/yuehe/cjn/lisence-plate-forgery/outputs/annotation-remaining1363-local-v3_20260825_210051/DAWT2074/03_rectified.jpg,,2026-08-25T22:15:48+08:00
DBOS5668,suspicious,3,,,false,S3,8,green_new_energy,/home/yuehe/cjn/lisence-plate-forgery/data/images/DBOS5668.JPG,/home/yuehe/cjn/lisence-plate-forgery/outputs/annotation-remaining1363-local-v3_20260825_210051/DBOS5668/03_rectified.jpg,,2026-08-25T22:15:53+08:00
DCCN8612,suspicious,3,,,false,S3,8,green_new_energy,/home/yuehe/cjn/lisence-plate-forgery/data/images/DCCN8612.JPG,/home/yuehe/cjn/lisence-plate-forgery/outputs/annotation-remaining1363-local-v3_20260825_210051/DCCN8612/03_rectified.jpg,,2026-08-25T22:15:56+08:00
DCDH1816,suspicious,3;7,,,false,S3;S7,8,green_new_energy,/home/yuehe/cjn/lisence-plate-forgery/data/images/DCDH1816.JPG,/home/yuehe/cjn/lisence-plate-forgery/outputs/annotation-remaining1363-local-v3_20260825_210051/DCDH1816/03_rectified.jpg,,2026-08-25T22:16:05+08:00
DDKB1853,suspicious,5,,,false,S5,8,green_new_energy,/home/yuehe/cjn/lisence-plate-forgery/data/images/DDKB1853.JPG,/home/yuehe/cjn/lisence-plate-forgery/outputs/annotation-remaining1363-local-v3_20260825_210051/DDKB1853/03_rectified.jpg,,2026-08-25T22:16:11+08:00
DGQQ7147,suspicious,2,,,false,S2,8,green_new_energy,/home/yuehe/cjn/lisence-plate-forgery/data/images/DGQQ7147.JPG,/home/yuehe/cjn/lisence-plate-forgery/outputs/annotation-remaining1363-local-v3_20260825_210051/DGQQ7147/03_rectified.jpg,,2026-08-25T22:16:23+08:00
DKYG9978,suspicious,6,,,false,S6,8,green_new_energy,/home/yuehe/cjn/lisence-plate-forgery/data/images/DKYG9978.JPG,/home/yuehe/cjn/lisence-plate-forgery/outputs/annotation-remaining1363-local-v3_20260825_210051/DKYG9978/03_rectified.jpg,,2026-08-25T22:16:30+08:00
DNHQ5598,clear,,,,false,,8,green_new_energy,/home/yuehe/cjn/lisence-plate-forgery/data/images/DNHQ5598.JPG,/home/yuehe/cjn/lisence-plate-forgery/outputs/annotation-remaining1363-local-v3_20260825_210051/DNHQ5598/03_rectified.jpg,,2026-08-25T22:16:37+08:00
DNNX0602,suspicious,3;4,,,false,S3;S4,8,green_new_energy,/home/yuehe/cjn/lisence-plate-forgery/data/images/DNNX0602.JPG,/home/yuehe/cjn/lisence-plate-forgery/outputs/annotation-remaining1363-local-v3_20260825_210051/DNNX0602/03_rectified.jpg,,2026-08-25T22:16:43+08:00
DNQD9798,suspicious,5,,,false,S5,8,green_new_energy,/home/yuehe/cjn/lisence-plate-forgery/data/images/DNQD9798.JPG,/home/yuehe/cjn/lisence-plate-forgery/outputs/annotation-remaining1363-local-v3_20260825_210051/DNQD9798/03_rectified.jpg,,2026-08-25T22:16:48+08:00
DNVC4262,clear,,,,false,,8,green_new_energy,/home/yuehe/cjn/lisence-plate-forgery/data/images/DNVC4262.JPG,/home/yuehe/cjn/lisence-plate-forgery/outputs/annotation-remaining1363-local-v3_20260825_210051/DNVC4262/03_rectified.jpg,,2026-08-25T22:17:04+08:00
DRIU7806,suspicious,2;4;7,,,false,S2;S4;S7,8,green_new_energy,/home/yuehe/cjn/lisence-plate-forgery/data/images/DRIU7806.JPG,/home/yuehe/cjn/lisence-plate-forgery/outputs/annotation-remaining1363-local-v3_20260825_210051/DRIU7806/03_rectified.jpg,,2026-08-25T22:17:12+08:00
DRXX0387,suspicious,4,,,false,S4,8,green_new_energy,/home/yuehe/cjn/lisence-plate-forgery/data/images/DRXX0387.JPG,/home/yuehe/cjn/lisence-plate-forgery/outputs/annotation-remaining1363-local-v3_20260825_210051/DRXX0387/03_rectified.jpg,,2026-08-25T22:17:18+08:00
DTDQ2520,clear,,,,false,,8,green_new_energy,/home/yuehe/cjn/lisence-plate-forgery/data/images/DTDQ2520.JPG,/home/yuehe/cjn/lisence-plate-forgery/outputs/annotation-remaining1363-local-v3_20260825_210051/DTDQ2520/03_rectified.jpg,,2026-08-25T22:17:25+08:00
DUDJ4805,suspicious,3,,,false,S3,8,green_new_energy,/home/yuehe/cjn/lisence-plate-forgery/data/images/DUDJ4805.JPG,/home/yuehe/cjn/lisence-plate-forgery/outputs/annotation-remaining1363-local-v3_20260825_210051/DUDJ4805/03_rectified.jpg,,2026-08-25T22:17:31+08:00
DULH0250,suspicious,5,,,false,S5,8,green_new_energy,/home/yuehe/cjn/lisence-plate-forgery/data/images/DULH0250.JPG,/home/yuehe/cjn/lisence-plate-forgery/outputs/annotation-remaining1363-local-v3_20260825_210051/DULH0250/03_rectified.jpg,,2026-08-25T22:17:35+08:00
DXAT8629,suspicious,3,,,false,S3,8,green_new_energy,/home/yuehe/cjn/lisence-plate-forgery/data/images/DXAT8629.JPG,/home/yuehe/cjn/lisence-plate-forgery/outputs/annotation-remaining1363-local-v3_20260825_210051/DXAT8629/03_rectified.jpg,,2026-08-25T22:17:38+08:00
EAYA7781,clear,,,,false,,8,green_new_energy,/home/yuehe/cjn/lisence-plate-forgery/data/images/EAYA7781.JPG,/home/yuehe/cjn/lisence-plate-forgery/outputs/annotation-remaining1363-local-v3_20260825_210051/EAYA7781/03_rectified.jpg,,2026-08-25T22:17:43+08:00
EBOE6110,suspicious,3,,,false,S3,8,green_new_energy,/home/yuehe/cjn/lisence-plate-forgery/data/images/EBOE6110.JPG,/home/yuehe/cjn/lisence-plate-forgery/outputs/annotation-remaining1363-local-v3_20260825_210051/EBOE6110/03_rectified.jpg,,2026-08-25T22:17:49+08:00
EDAZ4811,suspicious,5,,,false,S5,8,green_new_energy,/home/yuehe/cjn/lisence-plate-forgery/data/images/EDAZ4811.JPG,/home/yuehe/cjn/lisence-plate-forgery/outputs/annotation-remaining1363-local-v3_20260825_210051/EDAZ4811/03_rectified.jpg,,2026-08-25T22:17:57+08:00
EFYZ2690,suspicious,8,,,false,S8,8,green_new_energy,/home/yuehe/cjn/lisence-plate-forgery/data/images/EFYZ2690.JPG,/home/yuehe/cjn/lisence-plate-forgery/outputs/annotation-remaining1363-local-v3_20260825_210051/EFYZ2690/03_rectified.jpg,,2026-08-25T22:18:01+08:00
EHOS9732,suspicious,4,,,false,S4,8,green_new_energy,/home/yuehe/cjn/lisence-plate-forgery/data/images/EHOS9732.JPG,/home/yuehe/cjn/lisence-plate-forgery/outputs/annotation-remaining1363-local-v3_20260825_210051/EHOS9732/03_rectified.jpg,,2026-08-25T22:18:05+08:00
EOEU9850,clear,,,,false,,8,green_new_energy,/home/yuehe/cjn/lisence-plate-forgery/data/images/EOEU9850.JPG,/home/yuehe/cjn/lisence-plate-forgery/outputs/annotation-remaining1363-local-v3_20260825_210051/EOEU9850/03_rectified.jpg,,2026-08-25T22:18:14+08:00
ERRS1255,suspicious,5,,,false,S5,8,green_new_energy,/home/yuehe/cjn/lisence-plate-forgery/data/images/ERRS1255.JPG,/home/yuehe/cjn/lisence-plate-forgery/outputs/annotation-remaining1363-local-v3_20260825_210051/ERRS1255/03_rectified.jpg,,2026-08-25T22:18:21+08:00
ETGV9921,clear,,,,false,,8,green_new_energy,/home/yuehe/cjn/lisence-plate-forgery/data/images/ETGV9921.JPG,/home/yuehe/cjn/lisence-plate-forgery/outputs/annotation-remaining1363-local-v3_20260825_210051/ETGV9921/03_rectified.jpg,,2026-08-25T22:18:26+08:00
EVGF1550,suspicious,7,,,false,S7,8,green_new_energy,/home/yuehe/cjn/lisence-plate-forgery/data/images/EVGF1550.JPG,/home/yuehe/cjn/lisence-plate-forgery/outputs/annotation-remaining1363-local-v3_20260825_210051/EVGF1550/03_rectified.jpg,,2026-08-25T22:18:30+08:00
EWIK3409,suspicious,4;8,,,false,S4;S8,8,green_new_energy,/home/yuehe/cjn/lisence-plate-forgery/data/images/EWIK3409.JPG,/home/yuehe/cjn/lisence-plate-forgery/outputs/annotation-remaining1363-local-v3_20260825_210051/EWIK3409/03_rectified.jpg,,2026-08-25T22:18:37+08:00
EWRP1426,suspicious,5,,,false,S5,8,green_new_energy,/home/yuehe/cjn/lisence-plate-forgery/data/images/EWRP1426.JPG,/home/yuehe/cjn/lisence-plate-forgery/outputs/annotation-remaining1363-local-v3_20260825_210051/EWRP1426/03_rectified.jpg,,2026-08-25T22:18:45+08:00
EWUY8609,suspicious,2,,,false,S2,8,green_new_energy,/home/yuehe/cjn/lisence-plate-forgery/data/images/EWUY8609.JPG,/home/yuehe/cjn/lisence-plate-forgery/outputs/annotation-remaining1363-local-v3_20260825_210051/EWUY8609/03_rectified.jpg,,2026-08-25T22:18:48+08:00
EXHN0135,clear,,,,false,,8,green_new_energy,/home/yuehe/cjn/lisence-plate-forgery/data/images/EXHN0135.JPG,/home/yuehe/cjn/lisence-plate-forgery/outputs/annotation-remaining1363-local-v3_20260825_210051/EXHN0135/03_rectified.jpg,,2026-08-25T22:18:51+08:00
FCXM6610,clear,,,,false,,8,green_new_energy,/home/yuehe/cjn/lisence-plate-forgery/data/images/FCXM6610.JPG,/home/yuehe/cjn/lisence-plate-forgery/outputs/annotation-remaining1363-local-v3_20260825_210051/FCXM6610/03_rectified.jpg,,2026-08-25T22:22:12+08:00
FCXU3376,clear,,,,false,,8,green_new_energy,/home/yuehe/cjn/lisence-plate-forgery/data/images/FCXU3376.JPG,/home/yuehe/cjn/lisence-plate-forgery/outputs/annotation-remaining1363-local-v3_20260825_210051/FCXU3376/03_rectified.jpg,,2026-08-25T22:22:25+08:00
FEED1139,suspicious,3,,,false,S3,8,green_new_energy,/home/yuehe/cjn/lisence-plate-forgery/data/images/FEED1139.JPG,/home/yuehe/cjn/lisence-plate-forgery/outputs/annotation-remaining1363-local-v3_20260825_210051/FEED1139/03_rectified.jpg,,2026-08-25T22:22:34+08:00
FFBU6828,suspicious,3,,,false,S3,8,green_new_energy,/home/yuehe/cjn/lisence-plate-forgery/data/images/FFBU6828.JPG,/home/yuehe/cjn/lisence-plate-forgery/outputs/annotation-remaining1363-local-v3_20260825_210051/FFBU6828/03_rectified.jpg,,2026-08-25T22:22:45+08:00
FGVZ2337,suspicious,3,,,false,S3,8,green_new_energy,/home/yuehe/cjn/lisence-plate-forgery/data/images/FGVZ2337.JPG,/home/yuehe/cjn/lisence-plate-forgery/outputs/annotation-remaining1363-local-v3_20260825_210051/FGVZ2337/03_rectified.jpg,,2026-08-25T22:22:52+08:00
FLER7783,suspicious,5,,,false,S5,8,green_new_energy,/home/yuehe/cjn/lisence-plate-forgery/data/images/FLER7783.JPG,/home/yuehe/cjn/lisence-plate-forgery/outputs/annotation-remaining1363-local-v3_20260825_210051/FLER7783/03_rectified.jpg,,2026-08-25T22:22:56+08:00
FNJF5326,suspicious,6,,,false,S6,8,green_new_energy,/home/yuehe/cjn/lisence-plate-forgery/data/images/FNJF5326.JPG,/home/yuehe/cjn/lisence-plate-forgery/outputs/annotation-remaining1363-local-v3_20260825_210051/FNJF5326/03_rectified.jpg,,2026-08-25T22:23:15+08:00
FONQ0592,suspicious,3;4,,,false,S3;S4,8,green_new_energy,/home/yuehe/cjn/lisence-plate-forgery/data/images/FONQ0592.JPG,/home/yuehe/cjn/lisence-plate-forgery/outputs/annotation-remaining1363-local-v3_20260825_210051/FONQ0592/03_rectified.jpg,,2026-08-25T22:23:22+08:00
FRKA4688,clear,,,,false,,8,green_new_energy,/home/yuehe/cjn/lisence-plate-forgery/data/images/FRKA4688.JPG,/home/yuehe/cjn/lisence-plate-forgery/outputs/annotation-remaining1363-local-v3_20260825_210051/FRKA4688/03_rectified.jpg,,2026-08-25T22:24:26+08:00
FRRX1834,suspicious,3,,,false,S3,8,green_new_energy,/home/yuehe/cjn/lisence-plate-forgery/data/images/FRRX1834.JPG,/home/yuehe/cjn/lisence-plate-forgery/outputs/annotation-remaining1363-local-v3_20260825_210051/FRRX1834/03_rectified.jpg,,2026-08-25T22:24:31+08:00
FTJS7248,clear,,,,false,,8,green_new_energy,/home/yuehe/cjn/lisence-plate-forgery/data/images/FTJS7248.JPG,/home/yuehe/cjn/lisence-plate-forgery/outputs/annotation-remaining1363-local-v3_20260825_210051/FTJS7248/03_rectified.jpg,,2026-08-25T22:24:35+08:00
FTQQ3016,clear,,,,false,,8,green_new_energy,/home/yuehe/cjn/lisence-plate-forgery/data/images/FTQQ3016.JPG,/home/yuehe/cjn/lisence-plate-forgery/outputs/annotation-remaining1363-local-v3_20260825_210051/FTQQ3016/03_rectified.jpg,,2026-08-25T22:24:38+08:00
FYNS2126,suspicious,2;4;7,,,false,S2;S4;S7,8,green_new_energy,/home/yuehe/cjn/lisence-plate-forgery/data/images/FYNS2126.JPG,/home/yuehe/cjn/lisence-plate-forgery/outputs/annotation-remaining1363-local-v3_20260825_210051/FYNS2126/03_rectified.jpg,,2026-08-25T22:24:47+08:00
FYNX8191,suspicious,3,,,false,S3,8,green_new_energy,/home/yuehe/cjn/lisence-plate-forgery/data/images/FYNX8191.JPG,/home/yuehe/cjn/lisence-plate-forgery/outputs/annotation-remaining1363-local-v3_20260825_210051/FYNX8191/03_rectified.jpg,,2026-08-25T22:24:51+08:00
GBZP4086,suspicious,8,,,false,S8,8,green_new_energy,/home/yuehe/cjn/lisence-plate-forgery/data/images/GBZP4086.JPG,/home/yuehe/cjn/lisence-plate-forgery/outputs/annotation-remaining1363-local-v3_20260825_210051/GBZP4086/03_rectified.jpg,,2026-08-25T22:24:55+08:00
GCFY7162,suspicious,2,,,false,S2,8,green_new_energy,/home/yuehe/cjn/lisence-plate-forgery/data/images/GCFY7162.JPG,/home/yuehe/cjn/lisence-plate-forgery/outputs/annotation-remaining1363-local-v3_20260825_210051/GCFY7162/03_rectified.jpg,,2026-08-25T22:24:57+08:00
GCTL0660,suspicious,3;4,,,false,S3;S4,8,green_new_energy,/home/yuehe/cjn/lisence-plate-forgery/data/images/GCTL0660.JPG,/home/yuehe/cjn/lisence-plate-forgery/outputs/annotation-remaining1363-local-v3_20260825_210051/GCTL0660/03_rectified.jpg,,2026-08-25T22:25:04+08:00
GDAR2393,suspicious,7,,,false,S7,8,green_new_energy,/home/yuehe/cjn/lisence-plate-forgery/data/images/GDAR2393.JPG,/home/yuehe/cjn/lisence-plate-forgery/outputs/annotation-remaining1363-local-v3_20260825_210051/GDAR2393/03_rectified.jpg,,2026-08-25T22:25:12+08:00
GDEP1911,clear,,,,false,,8,green_new_energy,/home/yuehe/cjn/lisence-plate-forgery/data/images/GDEP1911.JPG,/home/yuehe/cjn/lisence-plate-forgery/outputs/annotation-remaining1363-local-v3_20260825_210051/GDEP1911/03_rectified.jpg,,2026-08-25T22:25:17+08:00
GDQO6562,suspicious,3,,,false,S3,8,green_new_energy,/home/yuehe/cjn/lisence-plate-forgery/data/images/GDQO6562.JPG,/home/yuehe/cjn/lisence-plate-forgery/outputs/annotation-remaining1363-local-v3_20260825_210051/GDQO6562/03_rectified.jpg,,2026-08-25T22:25:24+08:00
GKHS4722,suspicious,6,,,false,S6,8,green_new_energy,/home/yuehe/cjn/lisence-plate-forgery/data/images/GKHS4722.JPG,/home/yuehe/cjn/lisence-plate-forgery/outputs/annotation-remaining1363-local-v3_20260825_210051/GKHS4722/03_rectified.jpg,,2026-08-25T22:25:45+08:00
GLJM5916,clear,,,,false,,8,green_new_energy,/home/yuehe/cjn/lisence-plate-forgery/data/images/GLJM5916.JPG,/home/yuehe/cjn/lisence-plate-forgery/outputs/annotation-remaining1363-local-v3_20260825_210051/GLJM5916/03_rectified.jpg,,2026-08-25T22:25:53+08:00
GLZC0584,unassessable,,,,false,,8,green_new_energy,/home/yuehe/cjn/lisence-plate-forgery/data/images/GLZC0584.JPG,/home/yuehe/cjn/lisence-plate-forgery/outputs/annotation-remaining1363-local-v3_20260825_210051/GLZC0584/03_rectified.jpg,S7 Q无法确定是否伪造,2026-08-25T22:29:07+08:00
GMFJ5810,clear,,,,false,,8,green_new_energy,/home/yuehe/cjn/lisence-plate-forgery/data/images/GMFJ5810.JPG,/home/yuehe/cjn/lisence-plate-forgery/outputs/annotation-remaining1363-local-v3_20260825_210051/GMFJ5810/03_rectified.jpg,,2026-08-25T22:29:15+08:00
GRAH8224,suspicious,5;6,,,false,S5;S6,8,green_new_energy,/home/yuehe/cjn/lisence-plate-forgery/data/images/GRAH8224.JPG,/home/yuehe/cjn/lisence-plate-forgery/outputs/annotation-remaining1363-local-v3_20260825_210051/GRAH8224/03_rectified.jpg,,2026-08-25T22:29:41+08:00
GRQB4973,clear,,,,false,,8,green_new_energy,/home/yuehe/cjn/lisence-plate-forgery/data/images/GRQB4973.JPG,/home/yuehe/cjn/lisence-plate-forgery/outputs/annotation-remaining1363-local-v3_20260825_210051/GRQB4973/03_rectified.jpg,,2026-08-25T22:29:47+08:00
GTPF7122,clear,,,,false,,8,green_new_energy,/home/yuehe/cjn/lisence-plate-forgery/data/images/GTPF7122.JPG,/home/yuehe/cjn/lisence-plate-forgery/outputs/annotation-remaining1363-local-v3_20260825_210051/GTPF7122/03_rectified.jpg,,2026-08-25T22:29:52+08:00
GWHU1570,suspicious,8,,,false,S8,8,green_new_energy,/home/yuehe/cjn/lisence-plate-forgery/data/images/GWHU1570.JPG,/home/yuehe/cjn/lisence-plate-forgery/outputs/annotation-remaining1363-local-v3_20260825_210051/GWHU1570/03_rectified.jpg,,2026-08-25T22:30:00+08:00
GXYJ6133,clear,,,,false,,8,green_new_energy,/home/yuehe/cjn/lisence-plate-forgery/data/images/GXYJ6133.JPG,/home/yuehe/cjn/lisence-plate-forgery/outputs/annotation-remaining1363-local-v3_20260825_210051/GXYJ6133/03_rectified.jpg,,2026-08-25T22:30:14+08:00
GYAM6091,suspicious,2,,,false,S2,8,green_new_energy,/home/yuehe/cjn/lisence-plate-forgery/data/images/GYAM6091.JPG,/home/yuehe/cjn/lisence-plate-forgery/outputs/annotation-remaining1363-local-v3_20260825_210051/GYAM6091/03_rectified.jpg,,2026-08-25T22:30:20+08:00
HAEC6164,suspicious,3,,,false,S3,8,green_new_energy,/home/yuehe/cjn/lisence-plate-forgery/data/images/HAEC6164.JPG,/home/yuehe/cjn/lisence-plate-forgery/outputs/annotation-remaining1363-local-v3_20260825_210051/HAEC6164/03_rectified.jpg,,2026-08-25T22:30:23+08:00
HALB7726,suspicious,8,,,false,S8,8,green_new_energy,/home/yuehe/cjn/lisence-plate-forgery/data/images/HALB7726.JPG,/home/yuehe/cjn/lisence-plate-forgery/outputs/annotation-remaining1363-local-v3_20260825_210051/HALB7726/03_rectified.jpg,,2026-08-25T22:30:26+08:00
HATN4008,clear,,,,false,,8,green_new_energy,/home/yuehe/cjn/lisence-plate-forgery/data/images/HATN4008.JPG,/home/yuehe/cjn/lisence-plate-forgery/outputs/annotation-remaining1363-local-v3_20260825_210051/HATN4008/03_rectified.jpg,,2026-08-25T22:30:33+08:00
HBLT9172,suspicious,5,,,false,S5,8,green_new_energy,/home/yuehe/cjn/lisence-plate-forgery/data/images/HBLT9172.JPG,/home/yuehe/cjn/lisence-plate-forgery/outputs/annotation-remaining1363-local-v3_20260825_210051/HBLT9172/03_rectified.jpg,,2026-08-25T22:30:37+08:00
HBYW7787,suspicious,5,,,false,S5,8,green_new_energy,/home/yuehe/cjn/lisence-plate-forgery/data/images/HBYW7787.JPG,/home/yuehe/cjn/lisence-plate-forgery/outputs/annotation-remaining1363-local-v3_20260825_210051/HBYW7787/03_rectified.jpg,,2026-08-25T22:30:42+08:00
HDQR8113,suspicious,8,,,false,S8,8,green_new_energy,/home/yuehe/cjn/lisence-plate-forgery/data/images/HDQR8113.JPG,/home/yuehe/cjn/lisence-plate-forgery/outputs/annotation-remaining1363-local-v3_20260825_210051/HDQR8113/03_rectified.jpg,,2026-08-25T22:30:45+08:00
HDXX6332,clear,,,,false,,8,green_new_energy,/home/yuehe/cjn/lisence-plate-forgery/data/images/HDXX6332.JPG,/home/yuehe/cjn/lisence-plate-forgery/outputs/annotation-remaining1363-local-v3_20260825_210051/HDXX6332/03_rectified.jpg,,2026-08-25T22:30:49+08:00
HERM9989,suspicious,2,,,false,S2,8,green_new_energy,/home/yuehe/cjn/lisence-plate-forgery/data/images/HERM9989.JPG,/home/yuehe/cjn/lisence-plate-forgery/outputs/annotation-remaining1363-local-v3_20260825_210051/HERM9989/03_rectified.jpg,,2026-08-25T22:30:52+08:00
HEWV4654,suspicious,8,,,false,S8,8,green_new_energy,/home/yuehe/cjn/lisence-plate-forgery/data/images/HEWV4654.JPG,/home/yuehe/cjn/lisence-plate-forgery/outputs/annotation-remaining1363-local-v3_20260825_210051/HEWV4654/03_rectified.jpg,,2026-08-25T22:30:55+08:00
HGNT2860,clear,,,,false,,8,green_new_energy,/home/yuehe/cjn/lisence-plate-forgery/data/images/HGNT2860.JPG,/home/yuehe/cjn/lisence-plate-forgery/outputs/annotation-remaining1363-local-v3_20260825_210051/HGNT2860/03_rectified.jpg,,2026-08-25T22:31:00+08:00
HGTL8290,clear,,,,false,,8,green_new_energy,/home/yuehe/cjn/lisence-plate-forgery/data/images/HGTL8290.JPG,/home/yuehe/cjn/lisence-plate-forgery/outputs/annotation-remaining1363-local-v3_20260825_210051/HGTL8290/03_rectified.jpg,,2026-08-25T22:31:06+08:00
HGZS1157,clear,,,,false,,8,green_new_energy,/home/yuehe/cjn/lisence-plate-forgery/data/images/HGZS1157.JPG,/home/yuehe/cjn/lisence-plate-forgery/outputs/annotation-remaining1363-local-v3_20260825_210051/HGZS1157/03_rectified.jpg,,2026-08-25T22:31:32+08:00
HHNC2761,suspicious,3,,,false,S3,8,green_new_energy,/home/yuehe/cjn/lisence-plate-forgery/data/images/HHNC2761.JPG,/home/yuehe/cjn/lisence-plate-forgery/outputs/annotation-remaining1363-local-v3_20260825_210051/HHNC2761/03_rectified.jpg,,2026-08-25T22:31:40+08:00
HIEZ9193,clear,,,,false,,8,green_new_energy,/home/yuehe/cjn/lisence-plate-forgery/data/images/HIEZ9193.JPG,/home/yuehe/cjn/lisence-plate-forgery/outputs/annotation-remaining1363-local-v3_20260825_210051/HIEZ9193/03_rectified.jpg,,2026-08-25T22:31:46+08:00
HINX0801,clear,,,,false,,8,green_new_energy,/home/yuehe/cjn/lisence-plate-forgery/data/images/HINX0801.JPG,/home/yuehe/cjn/lisence-plate-forgery/outputs/annotation-remaining1363-local-v3_20260825_210051/HINX0801/03_rectified.jpg,,2026-08-25T22:31:50+08:00
HKBE7743,clear,,,,false,,8,green_new_energy,/home/yuehe/cjn/lisence-plate-forgery/data/images/HKBE7743.JPG,/home/yuehe/cjn/lisence-plate-forgery/outputs/annotation-remaining1363-local-v3_20260825_210051/HKBE7743/03_rectified.jpg,,2026-08-25T22:31:55+08:00
HKMR6140,suspicious,3,,,false,S3,8,green_new_energy,/home/yuehe/cjn/lisence-plate-forgery/data/images/HKMR6140.JPG,/home/yuehe/cjn/lisence-plate-forgery/outputs/annotation-remaining1363-local-v3_20260825_210051/HKMR6140/03_rectified.jpg,,2026-08-25T22:31:58+08:00
HLZS6342,suspicious,4,,,false,S4,8,green_new_energy,/home/yuehe/cjn/lisence-plate-forgery/data/images/HLZS6342.JPG,/home/yuehe/cjn/lisence-plate-forgery/outputs/annotation-remaining1363-local-v3_20260825_210051/HLZS6342/03_rectified.jpg,,2026-08-25T22:32:01+08:00
HMDV5116,suspicious,6,,,false,S6,8,green_new_energy,/home/yuehe/cjn/lisence-plate-forgery/data/images/HMDV5116.JPG,/home/yuehe/cjn/lisence-plate-forgery/outputs/annotation-remaining1363-local-v3_20260825_210051/HMDV5116/03_rectified.jpg,,2026-08-25T22:32:07+08:00
HMFC5641,suspicious,4;8,,,false,S4;S8,8,green_new_energy,/home/yuehe/cjn/lisence-plate-forgery/data/images/HMFC5641.JPG,/home/yuehe/cjn/lisence-plate-forgery/outputs/annotation-remaining1363-local-v3_20260825_210051/HMFC5641/03_rectified.jpg,,2026-08-25T22:32:15+08:00
HQOL4116,suspicious,3;7,,,false,S3;S7,8,green_new_energy,/home/yuehe/cjn/lisence-plate-forgery/data/images/HQOL4116.JPG,/home/yuehe/cjn/lisence-plate-forgery/outputs/annotation-remaining1363-local-v3_20260825_210051/HQOL4116/03_rectified.jpg,,2026-08-25T22:32:19+08:00
HQQD5161,suspicious,3,,,false,S3,8,green_new_energy,/home/yuehe/cjn/lisence-plate-forgery/data/images/HQQD5161.JPG,/home/yuehe/cjn/lisence-plate-forgery/outputs/annotation-remaining1363-local-v3_20260825_210051/HQQD5161/03_rectified.jpg,,2026-08-25T22:32:25+08:00
HSAU2621,suspicious,4,,,false,S4,8,green_new_energy,/home/yuehe/cjn/lisence-plate-forgery/data/images/HSAU2621.JPG,/home/yuehe/cjn/lisence-plate-forgery/outputs/annotation-remaining1363-local-v3_20260825_210051/HSAU2621/03_rectified.jpg,,2026-08-25T22:32:27+08:00
HTCE0149,suspicious,8,,,false,S8,8,green_new_energy,/home/yuehe/cjn/lisence-plate-forgery/data/images/HTCE0149.JPG,/home/yuehe/cjn/lisence-plate-forgery/outputs/annotation-remaining1363-local-v3_20260825_210051/HTCE0149/03_rectified.jpg,,2026-08-25T22:32:30+08:00
HUHE7182,suspicious,3;4,,,false,S3;S4,8,green_new_energy,/home/yuehe/cjn/lisence-plate-forgery/data/images/HUHE7182.JPG,/home/yuehe/cjn/lisence-plate-forgery/outputs/annotation-remaining1363-local-v3_20260825_210051/HUHE7182/03_rectified.jpg,,2026-08-25T22:32:34+08:00
HUQT8256,suspicious,7,,,false,S7,8,green_new_energy,/home/yuehe/cjn/lisence-plate-forgery/data/images/HUQT8256.JPG,/home/yuehe/cjn/lisence-plate-forgery/outputs/annotation-remaining1363-local-v3_20260825_210051/HUQT8256/03_rectified.jpg,,2026-08-25T22:32:38+08:00
HVHU4549,suspicious,2,,,false,S2,8,green_new_energy,/home/yuehe/cjn/lisence-plate-forgery/data/images/HVHU4549.JPG,/home/yuehe/cjn/lisence-plate-forgery/outputs/annotation-remaining1363-local-v3_20260825_210051/HVHU4549/03_rectified.jpg,,2026-08-25T22:32:43+08:00
HYKA5771,suspicious,4;7,,,false,S4;S7,8,green_new_energy,/home/yuehe/cjn/lisence-plate-forgery/data/images/HYKA5771.JPG,/home/yuehe/cjn/lisence-plate-forgery/outputs/annotation-remaining1363-local-v3_20260825_210051/HYKA5771/03_rectified.jpg,,2026-08-25T22:32:51+08:00
HYQW8258,suspicious,6,,,false,S6,8,green_new_energy,/home/yuehe/cjn/lisence-plate-forgery/data/images/HYQW8258.JPG,/home/yuehe/cjn/lisence-plate-forgery/outputs/annotation-remaining1363-local-v3_20260825_210051/HYQW8258/03_rectified.jpg,,2026-08-25T22:32:54+08:00
IBQC5381,suspicious,8,,,false,S8,8,green_new_energy,/home/yuehe/cjn/lisence-plate-forgery/data/images/IBQC5381.JPG,/home/yuehe/cjn/lisence-plate-forgery/outputs/annotation-remaining1363-local-v3_20260825_210051/IBQC5381/03_rectified.jpg,,2026-08-25T22:32:57+08:00
IDQF1274,suspicious,3,,,false,S3,8,green_new_energy,/home/yuehe/cjn/lisence-plate-forgery/data/images/IDQF1274.JPG,/home/yuehe/cjn/lisence-plate-forgery/outputs/annotation-remaining1363-local-v3_20260825_210051/IDQF1274/03_rectified.jpg,,2026-08-25T22:33:00+08:00
IECB5011,suspicious,4;7,,,false,S4;S7,8,green_new_energy,/home/yuehe/cjn/lisence-plate-forgery/data/images/IECB5011.JPG,/home/yuehe/cjn/lisence-plate-forgery/outputs/annotation-remaining1363-local-v3_20260825_210051/IECB5011/03_rectified.jpg,,2026-08-25T22:33:08+08:00
IGFB7651,suspicious,4,,,false,S4,8,green_new_energy,/home/yuehe/cjn/lisence-plate-forgery/data/images/IGFB7651.JPG,/home/yuehe/cjn/lisence-plate-forgery/outputs/annotation-remaining1363-local-v3_20260825_210051/IGFB7651/03_rectified.jpg,,2026-08-25T22:33:13+08:00
IIJW1952,suspicious,3;5,,,false,S3;S5,8,green_new_energy,/home/yuehe/cjn/lisence-plate-forgery/data/images/IIJW1952.JPG,/home/yuehe/cjn/lisence-plate-forgery/outputs/annotation-remaining1363-local-v3_20260825_210051/IIJW1952/03_rectified.jpg,,2026-08-25T22:35:21+08:00
IJSC6044,clear,,,,false,,8,green_new_energy,/home/yuehe/cjn/lisence-plate-forgery/data/images/IJSC6044.JPG,/home/yuehe/cjn/lisence-plate-forgery/outputs/annotation-remaining1363-local-v3_20260825_210051/IJSC6044/03_rectified.jpg,,2026-08-25T22:35:28+08:00
IKFP1040,clear,,,,false,,8,green_new_energy,/home/yuehe/cjn/lisence-plate-forgery/data/images/IKFP1040.JPG,/home/yuehe/cjn/lisence-plate-forgery/outputs/annotation-remaining1363-local-v3_20260825_210051/IKFP1040/03_rectified.jpg,,2026-08-25T22:35:44+08:00
IMAM8710,suspicious,3,,,false,S3,8,green_new_energy,/home/yuehe/cjn/lisence-plate-forgery/data/images/IMAM8710.JPG,/home/yuehe/cjn/lisence-plate-forgery/outputs/annotation-remaining1363-local-v3_20260825_210051/IMAM8710/03_rectified.jpg,,2026-08-25T22:35:48+08:00
IMEB6778,suspicious,4,,,false,S4,8,green_new_energy,/home/yuehe/cjn/lisence-plate-forgery/data/images/IMEB6778.JPG,/home/yuehe/cjn/lisence-plate-forgery/outputs/annotation-remaining1363-local-v3_20260825_210051/IMEB6778/03_rectified.jpg,,2026-08-25T22:35:53+08:00
IMG_5381,suspicious,3,,,false,S3,8,green_new_energy,/home/yuehe/cjn/lisence-plate-forgery/data/images/IMG_5381.JPG,/home/yuehe/cjn/lisence-plate-forgery/outputs/annotation-remaining1363-local-v3_20260825_210051/IMG_5381/03_rectified.jpg,,2026-08-25T22:35:57+08:00
IMG_5382,suspicious,3,,,false,S3,8,green_new_energy,/home/yuehe/cjn/lisence-plate-forgery/data/images/IMG_5382.JPG,/home/yuehe/cjn/lisence-plate-forgery/outputs/annotation-remaining1363-local-v3_20260825_210051/IMG_5382/03_rectified.jpg,,2026-08-25T22:36:00+08:00
IMG_5818,suspicious,3;5,,,false,S3;S5,8,green_new_energy,/home/yuehe/cjn/lisence-plate-forgery/data/images/IMG_5818.JPG,/home/yuehe/cjn/lisence-plate-forgery/outputs/annotation-remaining1363-local-v3_20260825_210051/IMG_5818/03_rectified.jpg,,2026-08-25T22:36:05+08:00
IMG_6244,clear,,,,false,,8,green_new_energy,/home/yuehe/cjn/lisence-plate-forgery/data/images/IMG_6244.JPG,/home/yuehe/cjn/lisence-plate-forgery/outputs/annotation-remaining1363-local-v3_20260825_210051/IMG_6244/03_rectified.jpg,,2026-08-25T22:36:07+08:00
INLU3884,clear,,,,false,,8,green_new_energy,/home/yuehe/cjn/lisence-plate-forgery/data/images/INLU3884.JPG,/home/yuehe/cjn/lisence-plate-forgery/outputs/annotation-remaining1363-local-v3_20260825_210051/INLU3884/03_rectified.jpg,,2026-08-25T22:36:10+08:00
IPC_2025-08-08.11.04.22.0190,suspicious,3;7,,,false,S3;S7,7,blue_standard,/home/yuehe/cjn/lisence-plate-forgery/data/images/IPC_2025-08-08.11.04.22.0190.jpg,/home/yuehe/cjn/lisence-plate-forgery/outputs/annotation-remaining1363-local-v3_20260825_210051/IPC_2025-08-08.11.04.22.0190/03_rectified.jpg,,2026-08-25T22:36:20+08:00
IPC_2025-08-08.11.04.52.8490,suspicious,3;7,,,false,S3;S7,7,blue_standard,/home/yuehe/cjn/lisence-plate-forgery/data/images/IPC_2025-08-08.11.04.52.8490.jpg,/home/yuehe/cjn/lisence-plate-forgery/outputs/annotation-remaining1363-local-v3_20260825_210051/IPC_2025-08-08.11.04.52.8490/03_rectified.jpg,,2026-08-25T22:36:23+08:00
IPC_2025-08-08.11.05.06.7380,suspicious,3;7,,,false,S3;S7,7,blue_standard,/home/yuehe/cjn/lisence-plate-forgery/data/images/IPC_2025-08-08.11.05.06.7380.jpg,/home/yuehe/cjn/lisence-plate-forgery/outputs/annotation-remaining1363-local-v3_20260825_210051/IPC_2025-08-08.11.05.06.7380/03_rectified.jpg,,2026-08-25T22:36:28+08:00
IPC_2025-08-08.11.05.23.6680,suspicious,3;7,,,false,S3;S7,7,blue_standard,/home/yuehe/cjn/lisence-plate-forgery/data/images/IPC_2025-08-08.11.05.23.6680.jpg,/home/yuehe/cjn/lisence-plate-forgery/outputs/annotation-remaining1363-local-v3_20260825_210051/IPC_2025-08-08.11.05.23.6680/03_rectified.jpg,,2026-08-25T22:36:37+08:00
IPC_2025-08-08.11.05.30.6380,suspicious,3;7,,,false,S3;S7,7,blue_standard,/home/yuehe/cjn/lisence-plate-forgery/data/images/IPC_2025-08-08.11.05.30.6380.jpg,/home/yuehe/cjn/lisence-plate-forgery/outputs/annotation-remaining1363-local-v3_20260825_210051/IPC_2025-08-08.11.05.30.6380/03_rectified.jpg,,2026-08-25T22:36:40+08:00
IPC_2025-08-08.11.05.40.4230,suspicious,3;7,,,false,S3;S7,7,blue_standard,/home/yuehe/cjn/lisence-plate-forgery/data/images/IPC_2025-08-08.11.05.40.4230.jpg,/home/yuehe/cjn/lisence-plate-forgery/outputs/annotation-remaining1363-local-v3_20260825_210051/IPC_2025-08-08.11.05.40.4230/03_rectified.jpg,,2026-08-25T22:36:53+08:00
IPC_2025-08-08.11.05.58.7730,suspicious,3;6;7,,,false,S3;S6;S7,7,blue_standard,/home/yuehe/cjn/lisence-plate-forgery/data/images/IPC_2025-08-08.11.05.58.7730.jpg,/home/yuehe/cjn/lisence-plate-forgery/outputs/annotation-remaining1363-local-v3_20260825_210051/IPC_2025-08-08.11.05.58.7730/03_rectified.jpg,,2026-08-25T22:37:02+08:00
IPC_2025-08-08.11.06.04.1429,suspicious,3;6,,,false,S3;S6,7,blue_standard,/home/yuehe/cjn/lisence-plate-forgery/data/images/IPC_2025-08-08.11.06.04.1429.jpg,/home/yuehe/cjn/lisence-plate-forgery/outputs/annotation-remaining1363-local-v3_20260825_210051/IPC_2025-08-08.11.06.04.1429/03_rectified.jpg,,2026-08-25T22:37:40+08:00
IPC_2025-08-08.11.06.11.1040,suspicious,3;6;7,,,false,S3;S6;S7,7,blue_standard,/home/yuehe/cjn/lisence-plate-forgery/data/images/IPC_2025-08-08.11.06.11.1040.jpg,/home/yuehe/cjn/lisence-plate-forgery/outputs/annotation-remaining1363-local-v3_20260825_210051/IPC_2025-08-08.11.06.11.1040/03_rectified.jpg,,2026-08-25T22:37:47+08:00
IPC_2025-08-08.11.06.24.5649,suspicious,6;7,,,false,S6;S7,7,blue_standard,/home/yuehe/cjn/lisence-plate-forgery/data/images/IPC_2025-08-08.11.06.24.5649.jpg,/home/yuehe/cjn/lisence-plate-forgery/outputs/annotation-remaining1363-local-v3_20260825_210051/IPC_2025-08-08.11.06.24.5649/03_rectified.jpg,,2026-08-25T22:37:56+08:00
IPC_2025-08-08.11.06.33.1450,suspicious,6;7,,,false,S6;S7,7,blue_standard,/home/yuehe/cjn/lisence-plate-forgery/data/images/IPC_2025-08-08.11.06.33.1450.jpg,/home/yuehe/cjn/lisence-plate-forgery/outputs/annotation-remaining1363-local-v3_20260825_210051/IPC_2025-08-08.11.06.33.1450/03_rectified.jpg,,2026-08-25T22:38:00+08:00
IPC_2025-08-08.11.07.02.9400,clear,,,,false,,7,blue_standard,/home/yuehe/cjn/lisence-plate-forgery/data/images/IPC_2025-08-08.11.07.02.9400.jpg,/home/yuehe/cjn/lisence-plate-forgery/outputs/annotation-remaining1363-local-v3_20260825_210051/IPC_2025-08-08.11.07.02.9400/03_rectified.jpg,,2026-08-25T22:38:07+08:00
IPC_2025-08-08.11.07.07.4300,clear,,,,false,,7,blue_standard,/home/yuehe/cjn/lisence-plate-forgery/data/images/IPC_2025-08-08.11.07.07.4300.jpg,/home/yuehe/cjn/lisence-plate-forgery/outputs/annotation-remaining1363-local-v3_20260825_210051/IPC_2025-08-08.11.07.07.4300/03_rectified.jpg,,2026-08-25T22:38:11+08:00
IPC_2025-08-08.11.07.17.2580,clear,,,,false,,7,blue_standard,/home/yuehe/cjn/lisence-plate-forgery/data/images/IPC_2025-08-08.11.07.17.2580.jpg,/home/yuehe/cjn/lisence-plate-forgery/outputs/annotation-remaining1363-local-v3_20260825_210051/IPC_2025-08-08.11.07.17.2580/03_rectified.jpg,,2026-08-25T22:38:15+08:00
IPC_2025-08-08.11.07.22.2510,clear,,,,false,,7,blue_standard,/home/yuehe/cjn/lisence-plate-forgery/data/images/IPC_2025-08-08.11.07.22.2510.jpg,/home/yuehe/cjn/lisence-plate-forgery/outputs/annotation-remaining1363-local-v3_20260825_210051/IPC_2025-08-08.11.07.22.2510/03_rectified.jpg,,2026-08-25T22:38:21+08:00
IPC_2025-08-08.11.07.27.9190,clear,,,,false,,7,blue_standard,/home/yuehe/cjn/lisence-plate-forgery/data/images/IPC_2025-08-08.11.07.27.9190.jpg,/home/yuehe/cjn/lisence-plate-forgery/outputs/annotation-remaining1363-local-v3_20260825_210051/IPC_2025-08-08.11.07.27.9190/03_rectified.jpg,,2026-08-25T22:38:54+08:00
IPC_2025-08-08.11.07.31.7910,clear,,,,false,,7,blue_standard,/home/yuehe/cjn/lisence-plate-forgery/data/images/IPC_2025-08-08.11.07.31.7910.jpg,/home/yuehe/cjn/lisence-plate-forgery/outputs/annotation-remaining1363-local-v3_20260825_210051/IPC_2025-08-08.11.07.31.7910/03_rectified.jpg,,2026-08-25T22:39:02+08:00
IPC_2025-08-08.11.07.34.7630,clear,,,,false,,7,blue_standard,/home/yuehe/cjn/lisence-plate-forgery/data/images/IPC_2025-08-08.11.07.34.7630.jpg,/home/yuehe/cjn/lisence-plate-forgery/outputs/annotation-remaining1363-local-v3_20260825_210051/IPC_2025-08-08.11.07.34.7630/03_rectified.jpg,,2026-08-25T22:39:08+08:00
IPC_2025-08-08.11.07.38.7630,clear,,,,false,,7,blue_standard,/home/yuehe/cjn/lisence-plate-forgery/data/images/IPC_2025-08-08.11.07.38.7630.jpg,/home/yuehe/cjn/lisence-plate-forgery/outputs/annotation-remaining1363-local-v3_20260825_210051/IPC_2025-08-08.11.07.38.7630/03_rectified.jpg,,2026-08-25T22:39:11+08:00
IPC_2025-08-08.11.07.55.8840,suspicious,4;7,,,false,S4;S7,7,blue_standard,/home/yuehe/cjn/lisence-plate-forgery/data/images/IPC_2025-08-08.11.07.55.8840.jpg,/home/yuehe/cjn/lisence-plate-forgery/outputs/annotation-remaining1363-local-v3_20260825_210051/IPC_2025-08-08.11.07.55.8840/03_rectified.jpg,,2026-08-25T22:39:17+08:00
IPC_2025-08-08.11.08.01.7550,suspicious,4;7,,,false,S4;S7,7,blue_standard,/home/yuehe/cjn/lisence-plate-forgery/data/images/IPC_2025-08-08.11.08.01.7550.jpg,/home/yuehe/cjn/lisence-plate-forgery/outputs/annotation-remaining1363-local-v3_20260825_210051/IPC_2025-08-08.11.08.01.7550/03_rectified.jpg,,2026-08-25T22:39:21+08:00
IPC_2025-08-08.11.08.22.6300,suspicious,4;7,,,false,S4;S7,7,blue_standard,/home/yuehe/cjn/lisence-plate-forgery/data/images/IPC_2025-08-08.11.08.22.6300.jpg,/home/yuehe/cjn/lisence-plate-forgery/outputs/annotation-remaining1363-local-v3_20260825_210051/IPC_2025-08-08.11.08.22.6300/03_rectified.jpg,,2026-08-25T22:39:26+08:00
IPC_2025-08-08.11.08.32.2010,suspicious,4;7,,,false,S4;S7,7,blue_standard,/home/yuehe/cjn/lisence-plate-forgery/data/images/IPC_2025-08-08.11.08.32.2010.jpg,/home/yuehe/cjn/lisence-plate-forgery/outputs/annotation-remaining1363-local-v3_20260825_210051/IPC_2025-08-08.11.08.32.2010/03_rectified.jpg,,2026-08-25T22:39:36+08:00
IPC_2025-08-08.11.08.57.5060,clear,,,,false,,7,blue_standard,/home/yuehe/cjn/lisence-plate-forgery/data/images/IPC_2025-08-08.11.08.57.5060.jpg,/home/yuehe/cjn/lisence-plate-forgery/outputs/annotation-remaining1363-local-v3_20260825_210051/IPC_2025-08-08.11.08.57.5060/03_rectified.jpg,,2026-08-25T22:39:39+08:00
IPC_2025-08-08.11.09.13.8510,clear,,,,false,,7,blue_standard,/home/yuehe/cjn/lisence-plate-forgery/data/images/IPC_2025-08-08.11.09.13.8510.jpg,/home/yuehe/cjn/lisence-plate-forgery/outputs/annotation-remaining1363-local-v3_20260825_210051/IPC_2025-08-08.11.09.13.8510/03_rectified.jpg,,2026-08-25T22:39:56+08:00
IPC_2025-08-08.11.09.17.4290,clear,,,,false,,7,blue_standard,/home/yuehe/cjn/lisence-plate-forgery/data/images/IPC_2025-08-08.11.09.17.4290.jpg,/home/yuehe/cjn/lisence-plate-forgery/outputs/annotation-remaining1363-local-v3_20260825_210051/IPC_2025-08-08.11.09.17.4290/03_rectified.jpg,,2026-08-25T22:40:00+08:00
IPC_2025-08-08.11.09.23.9190,clear,,,,false,,7,blue_standard,/home/yuehe/cjn/lisence-plate-forgery/data/images/IPC_2025-08-08.11.09.23.9190.jpg,/home/yuehe/cjn/lisence-plate-forgery/outputs/annotation-remaining1363-local-v3_20260825_210051/IPC_2025-08-08.11.09.23.9190/03_rectified.jpg,,2026-08-25T22:40:03+08:00
IPC_2025-08-08.11.09.29.0330,clear,,,,false,,7,blue_standard,/home/yuehe/cjn/lisence-plate-forgery/data/images/IPC_2025-08-08.11.09.29.0330.jpg,/home/yuehe/cjn/lisence-plate-forgery/outputs/annotation-remaining1363-local-v3_20260825_210051/IPC_2025-08-08.11.09.29.0330/03_rectified.jpg,,2026-08-25T22:40:05+08:00
IPC_2025-08-08.11.09.34.5770,clear,,,,false,,7,blue_standard,/home/yuehe/cjn/lisence-plate-forgery/data/images/IPC_2025-08-08.11.09.34.5770.jpg,/home/yuehe/cjn/lisence-plate-forgery/outputs/annotation-remaining1363-local-v3_20260825_210051/IPC_2025-08-08.11.09.34.5770/03_rectified.jpg,,2026-08-25T22:40:10+08:00
IPC_2025-08-08.11.09.36.6850,suspicious,3;5,,,false,S3;S5,7,blue_standard,/home/yuehe/cjn/lisence-plate-forgery/data/images/IPC_2025-08-08.11.09.36.6850.jpg,/home/yuehe/cjn/lisence-plate-forgery/outputs/annotation-remaining1363-local-v3_20260825_210051/IPC_2025-08-08.11.09.36.6850/03_rectified.jpg,,2026-08-25T22:40:16+08:00
IPC_2025-08-08.11.09.40.8200,clear,,,,false,,7,blue_standard,/home/yuehe/cjn/lisence-plate-forgery/data/images/IPC_2025-08-08.11.09.40.8200.jpg,/home/yuehe/cjn/lisence-plate-forgery/outputs/annotation-remaining1363-local-v3_20260825_210051/IPC_2025-08-08.11.09.40.8200/03_rectified.jpg,,2026-08-25T22:40:19+08:00
IPC_2025-08-08.11.09.58.5260,suspicious,3;5,,,false,S3;S5,7,blue_standard,/home/yuehe/cjn/lisence-plate-forgery/data/images/IPC_2025-08-08.11.09.58.5260.jpg,/home/yuehe/cjn/lisence-plate-forgery/outputs/annotation-remaining1363-local-v3_20260825_210051/IPC_2025-08-08.11.09.58.5260/03_rectified.jpg,,2026-08-25T22:40:23+08:00
IPC_2025-08-08.11.10.07.2150,suspicious,3;5,,,false,S3;S5,7,blue_standard,/home/yuehe/cjn/lisence-plate-forgery/data/images/IPC_2025-08-08.11.10.07.2150.jpg,/home/yuehe/cjn/lisence-plate-forgery/outputs/annotation-remaining1363-local-v3_20260825_210051/IPC_2025-08-08.11.10.07.2150/03_rectified.jpg,,2026-08-25T22:40:28+08:00
IPC_2025-08-08.11.10.13.6500,suspicious,3;5,,,false,S3;S5,7,blue_standard,/home/yuehe/cjn/lisence-plate-forgery/data/images/IPC_2025-08-08.11.10.13.6500.jpg,/home/yuehe/cjn/lisence-plate-forgery/outputs/annotation-remaining1363-local-v3_20260825_210051/IPC_2025-08-08.11.10.13.6500/03_rectified.jpg,,2026-08-25T22:40:33+08:00
IPC_2025-08-08.11.10.13.7500,suspicious,3;5,,,false,S3;S5,7,blue_standard,/home/yuehe/cjn/lisence-plate-forgery/data/images/IPC_2025-08-08.11.10.13.7500.jpg,/home/yuehe/cjn/lisence-plate-forgery/outputs/annotation-remaining1363-local-v3_20260825_210051/IPC_2025-08-08.11.10.13.7500/03_rectified.jpg,,2026-08-25T22:40:37+08:00
IPC_2025-08-08.11.10.19.7780,suspicious,3;5,,,false,S3;S5,7,blue_standard,/home/yuehe/cjn/lisence-plate-forgery/data/images/IPC_2025-08-08.11.10.19.7780.jpg,/home/yuehe/cjn/lisence-plate-forgery/outputs/annotation-remaining1363-local-v3_20260825_210051/IPC_2025-08-08.11.10.19.7780/03_rectified.jpg,,2026-08-25T22:40:41+08:00
IPC_2025-08-08.11.10.45.9400,clear,,,,false,,7,blue_standard,/home/yuehe/cjn/lisence-plate-forgery/data/images/IPC_2025-08-08.11.10.45.9400.jpg,/home/yuehe/cjn/lisence-plate-forgery/outputs/annotation-remaining1363-local-v3_20260825_210051/IPC_2025-08-08.11.10.45.9400/03_rectified.jpg,,2026-08-25T22:40:49+08:00
IPC_2025-08-08.11.10.58.8240,clear,,,,false,,7,blue_standard,/home/yuehe/cjn/lisence-plate-forgery/data/images/IPC_2025-08-08.11.10.58.8240.jpg,/home/yuehe/cjn/lisence-plate-forgery/outputs/annotation-remaining1363-local-v3_20260825_210051/IPC_2025-08-08.11.10.58.8240/03_rectified.jpg,,2026-08-25T22:40:53+08:00
IPC_2025-08-08.11.11.03.4150,clear,,,,false,,7,blue_standard,/home/yuehe/cjn/lisence-plate-forgery/data/images/IPC_2025-08-08.11.11.03.4150.jpg,/home/yuehe/cjn/lisence-plate-forgery/outputs/annotation-remaining1363-local-v3_20260825_210051/IPC_2025-08-08.11.11.03.4150/03_rectified.jpg,,2026-08-25T22:40:55+08:00
IPC_2025-08-08.11.11.06.8510,clear,,,,false,,7,blue_standard,/home/yuehe/cjn/lisence-plate-forgery/data/images/IPC_2025-08-08.11.11.06.8510.jpg,/home/yuehe/cjn/lisence-plate-forgery/outputs/annotation-remaining1363-local-v3_20260825_210051/IPC_2025-08-08.11.11.06.8510/03_rectified.jpg,,2026-08-25T22:41:03+08:00
IPC_2025-08-08.11.11.23.0080,suspicious,2;4;7,,,false,S2;S4;S7,7,blue_standard,/home/yuehe/cjn/lisence-plate-forgery/data/images/IPC_2025-08-08.11.11.23.0080.jpg,/home/yuehe/cjn/lisence-plate-forgery/outputs/annotation-remaining1363-local-v3_20260825_210051/IPC_2025-08-08.11.11.23.0080/03_rectified.jpg,,2026-08-25T22:41:13+08:00
IPC_2025-08-08.11.11.27.8110,suspicious,2;4;7,,,false,S2;S4;S7,7,blue_standard,/home/yuehe/cjn/lisence-plate-forgery/data/images/IPC_2025-08-08.11.11.27.8110.jpg,/home/yuehe/cjn/lisence-plate-forgery/outputs/annotation-remaining1363-local-v3_20260825_210051/IPC_2025-08-08.11.11.27.8110/03_rectified.jpg,,2026-08-25T22:41:20+08:00
IPC_2025-08-08.11.11.35.6390,suspicious,2;4;7,,,false,S2;S4;S7,7,blue_standard,/home/yuehe/cjn/lisence-plate-forgery/data/images/IPC_2025-08-08.11.11.35.6390.jpg,/home/yuehe/cjn/lisence-plate-forgery/outputs/annotation-remaining1363-local-v3_20260825_210051/IPC_2025-08-08.11.11.35.6390/03_rectified.jpg,,2026-08-25T22:41:25+08:00
IPC_2025-08-08.11.11.39.0490,suspicious,2;4;7,,,false,S2;S4;S7,7,blue_standard,/home/yuehe/cjn/lisence-plate-forgery/data/images/IPC_2025-08-08.11.11.39.0490.jpg,/home/yuehe/cjn/lisence-plate-forgery/outputs/annotation-remaining1363-local-v3_20260825_210051/IPC_2025-08-08.11.11.39.0490/03_rectified.jpg,,2026-08-25T22:41:30+08:00
IPC_2025-08-08.11.11.43.8880,suspicious,2;4;7,,,false,S2;S4;S7,7,blue_standard,/home/yuehe/cjn/lisence-plate-forgery/data/images/IPC_2025-08-08.11.11.43.8880.jpg,/home/yuehe/cjn/lisence-plate-forgery/outputs/annotation-remaining1363-local-v3_20260825_210051/IPC_2025-08-08.11.11.43.8880/03_rectified.jpg,,2026-08-25T22:41:34+08:00
IPC_2025-08-08.11.12.18.9610,clear,,,,false,,7,blue_standard,/home/yuehe/cjn/lisence-plate-forgery/data/images/IPC_2025-08-08.11.12.18.9610.jpg,/home/yuehe/cjn/lisence-plate-forgery/outputs/annotation-remaining1363-local-v3_20260825_210051/IPC_2025-08-08.11.12.18.9610/03_rectified.jpg,,2026-08-25T22:41:39+08:00
IPC_2025-08-08.11.12.23.9330,clear,,,,false,,7,blue_standard,/home/yuehe/cjn/lisence-plate-forgery/data/images/IPC_2025-08-08.11.12.23.9330.jpg,/home/yuehe/cjn/lisence-plate-forgery/outputs/annotation-remaining1363-local-v3_20260825_210051/IPC_2025-08-08.11.12.23.9330/03_rectified.jpg,,2026-08-25T22:41:42+08:00
IPC_2025-08-08.11.12.27.1130,clear,,,,false,,7,blue_standard,/home/yuehe/cjn/lisence-plate-forgery/data/images/IPC_2025-08-08.11.12.27.1130.jpg,/home/yuehe/cjn/lisence-plate-forgery/outputs/annotation-remaining1363-local-v3_20260825_210051/IPC_2025-08-08.11.12.27.1130/03_rectified.jpg,,2026-08-25T22:41:45+08:00
IPC_2025-08-08.11.12.31.3469,clear,,,,false,,7,blue_standard,/home/yuehe/cjn/lisence-plate-forgery/data/images/IPC_2025-08-08.11.12.31.3469.jpg,/home/yuehe/cjn/lisence-plate-forgery/outputs/annotation-remaining1363-local-v3_20260825_210051/IPC_2025-08-08.11.12.31.3469/03_rectified.jpg,,2026-08-25T22:41:49+08:00
IPC_2025-08-08.11.12.35.1560,clear,,,,false,,7,blue_standard,/home/yuehe/cjn/lisence-plate-forgery/data/images/IPC_2025-08-08.11.12.35.1560.jpg,/home/yuehe/cjn/lisence-plate-forgery/outputs/annotation-remaining1363-local-v3_20260825_210051/IPC_2025-08-08.11.12.35.1560/03_rectified.jpg,,2026-08-25T22:41:52+08:00
IPC_2025-08-08.11.12.48.2990,clear,,,,false,,7,blue_standard,/home/yuehe/cjn/lisence-plate-forgery/data/images/IPC_2025-08-08.11.12.48.2990.jpg,/home/yuehe/cjn/lisence-plate-forgery/outputs/annotation-remaining1363-local-v3_20260825_210051/IPC_2025-08-08.11.12.48.2990/03_rectified.jpg,,2026-08-25T22:41:55+08:00
IPC_2025-08-08.11.12.59.7720,suspicious,3;4;7,,,false,S3;S4;S7,7,blue_standard,/home/yuehe/cjn/lisence-plate-forgery/data/images/IPC_2025-08-08.11.12.59.7720.jpg,/home/yuehe/cjn/lisence-plate-forgery/outputs/annotation-remaining1363-local-v3_20260825_210051/IPC_2025-08-08.11.12.59.7720/03_rectified.jpg,,2026-08-25T22:42:04+08:00
IPC_2025-08-08.11.13.04.4240,suspicious,3;4;7,,,false,S3;S4;S7,7,blue_standard,/home/yuehe/cjn/lisence-plate-forgery/data/images/IPC_2025-08-08.11.13.04.4240.jpg,/home/yuehe/cjn/lisence-plate-forgery/outputs/annotation-remaining1363-local-v3_20260825_210051/IPC_2025-08-08.11.13.04.4240/03_rectified.jpg,,2026-08-25T22:42:12+08:00
IPC_2025-08-08.11.13.10.1409,suspicious,3;4;7,,,false,S3;S4;S7,7,blue_standard,/home/yuehe/cjn/lisence-plate-forgery/data/images/IPC_2025-08-08.11.13.10.1409.jpg,/home/yuehe/cjn/lisence-plate-forgery/outputs/annotation-remaining1363-local-v3_20260825_210051/IPC_2025-08-08.11.13.10.1409/03_rectified.jpg,,2026-08-25T22:42:18+08:00
IPC_2025-08-08.11.13.16.1000,suspicious,3;4;7,,,false,S3;S4;S7,7,blue_standard,/home/yuehe/cjn/lisence-plate-forgery/data/images/IPC_2025-08-08.11.13.16.1000.jpg,/home/yuehe/cjn/lisence-plate-forgery/outputs/annotation-remaining1363-local-v3_20260825_210051/IPC_2025-08-08.11.13.16.1000/03_rectified.jpg,,2026-08-25T22:42:21+08:00
IPC_2025-08-08.11.13.24.1930,suspicious,3;4;7,,,false,S3;S4;S7,7,blue_standard,/home/yuehe/cjn/lisence-plate-forgery/data/images/IPC_2025-08-08.11.13.24.1930.jpg,/home/yuehe/cjn/lisence-plate-forgery/outputs/annotation-remaining1363-local-v3_20260825_210051/IPC_2025-08-08.11.13.24.1930/03_rectified.jpg,,2026-08-25T22:42:24+08:00
IPC_2025-08-08.11.13.28.4710,suspicious,3;4;7,,,false,S3;S4;S7,7,blue_standard,/home/yuehe/cjn/lisence-plate-forgery/data/images/IPC_2025-08-08.11.13.28.4710.jpg,/home/yuehe/cjn/lisence-plate-forgery/outputs/annotation-remaining1363-local-v3_20260825_210051/IPC_2025-08-08.11.13.28.4710/03_rectified.jpg,,2026-08-25T22:42:31+08:00
IPC_2025-08-08.11.13.37.7450,suspicious,3;4;7,,,false,S3;S4;S7,7,blue_standard,/home/yuehe/cjn/lisence-plate-forgery/data/images/IPC_2025-08-08.11.13.37.7450.jpg,/home/yuehe/cjn/lisence-plate-forgery/outputs/annotation-remaining1363-local-v3_20260825_210051/IPC_2025-08-08.11.13.37.7450/03_rectified.jpg,,2026-08-25T22:42:41+08:00
IPC_2025-08-08.11.14.04.9500,clear,,,,false,,7,blue_standard,/home/yuehe/cjn/lisence-plate-forgery/data/images/IPC_2025-08-08.11.14.04.9500.jpg,/home/yuehe/cjn/lisence-plate-forgery/outputs/annotation-remaining1363-local-v3_20260825_210051/IPC_2025-08-08.11.14.04.9500/03_rectified.jpg,,2026-08-25T22:42:44+08:00
IPC_2025-08-08.11.14.09.5330,clear,,,,false,,7,blue_standard,/home/yuehe/cjn/lisence-plate-forgery/data/images/IPC_2025-08-08.11.14.09.5330.jpg,/home/yuehe/cjn/lisence-plate-forgery/outputs/annotation-remaining1363-local-v3_20260825_210051/IPC_2025-08-08.11.14.09.5330/03_rectified.jpg,,2026-08-25T22:42:47+08:00
IPC_2025-08-08.11.14.11.9410,clear,,,,false,,7,blue_standard,/home/yuehe/cjn/lisence-plate-forgery/data/images/IPC_2025-08-08.11.14.11.9410.jpg,/home/yuehe/cjn/lisence-plate-forgery/outputs/annotation-remaining1363-local-v3_20260825_210051/IPC_2025-08-08.11.14.11.9410/03_rectified.jpg,,2026-08-25T22:42:49+08:00
IPC_2025-08-08.11.14.16.3410,clear,,,,false,,7,blue_standard,/home/yuehe/cjn/lisence-plate-forgery/data/images/IPC_2025-08-08.11.14.16.3410.jpg,/home/yuehe/cjn/lisence-plate-forgery/outputs/annotation-remaining1363-local-v3_20260825_210051/IPC_2025-08-08.11.14.16.3410/03_rectified.jpg,,2026-08-25T22:42:52+08:00
IPC_2025-08-08.11.14.20.1770,clear,,,,false,,7,blue_standard,/home/yuehe/cjn/lisence-plate-forgery/data/images/IPC_2025-08-08.11.14.20.1770.jpg,/home/yuehe/cjn/lisence-plate-forgery/outputs/annotation-remaining1363-local-v3_20260825_210051/IPC_2025-08-08.11.14.20.1770/03_rectified.jpg,,2026-08-25T22:43:03+08:00
IPC_2025-08-08.11.14.23.8110,clear,,,,false,,7,blue_standard,/home/yuehe/cjn/lisence-plate-forgery/data/images/IPC_2025-08-08.11.14.23.8110.jpg,/home/yuehe/cjn/lisence-plate-forgery/outputs/annotation-remaining1363-local-v3_20260825_210051/IPC_2025-08-08.11.14.23.8110/03_rectified.jpg,,2026-08-25T22:43:10+08:00
IPC_2025-08-08.11.14.37.6929,clear,,,,false,,7,blue_standard,/home/yuehe/cjn/lisence-plate-forgery/data/images/IPC_2025-08-08.11.14.37.6929.jpg,/home/yuehe/cjn/lisence-plate-forgery/outputs/annotation-remaining1363-local-v3_20260825_210051/IPC_2025-08-08.11.14.37.6929/03_rectified.jpg,,2026-08-25T22:43:12+08:00
IPC_2025-08-08.11.14.46.8169,clear,,,,false,,7,blue_standard,/home/yuehe/cjn/lisence-plate-forgery/data/images/IPC_2025-08-08.11.14.46.8169.jpg,/home/yuehe/cjn/lisence-plate-forgery/outputs/annotation-remaining1363-local-v3_20260825_210051/IPC_2025-08-08.11.14.46.8169/03_rectified.jpg,,2026-08-25T22:43:44+08:00
IPC_2025-08-08.11.14.56.1130,suspicious,3,,,false,S3,7,blue_standard,/home/yuehe/cjn/lisence-plate-forgery/data/images/IPC_2025-08-08.11.14.56.1130.jpg,/home/yuehe/cjn/lisence-plate-forgery/outputs/annotation-remaining1363-local-v3_20260825_210051/IPC_2025-08-08.11.14.56.1130/03_rectified.jpg,,2026-08-25T22:43:49+08:00
IPC_2025-08-08.11.15.04.0300,suspicious,3,,,false,S3,7,blue_standard,/home/yuehe/cjn/lisence-plate-forgery/data/images/IPC_2025-08-08.11.15.04.0300.jpg,/home/yuehe/cjn/lisence-plate-forgery/outputs/annotation-remaining1363-local-v3_20260825_210051/IPC_2025-08-08.11.15.04.0300/03_rectified.jpg,,2026-08-25T22:43:52+08:00
IPC_2025-08-08.11.15.13.3920,suspicious,3,,,false,S3,7,blue_standard,/home/yuehe/cjn/lisence-plate-forgery/data/images/IPC_2025-08-08.11.15.13.3920.jpg,/home/yuehe/cjn/lisence-plate-forgery/outputs/annotation-remaining1363-local-v3_20260825_210051/IPC_2025-08-08.11.15.13.3920/03_rectified.jpg,,2026-08-25T22:43:55+08:00
IPC_2025-08-08.11.15.17.8020,suspicious,3,,,false,S3,7,blue_standard,/home/yuehe/cjn/lisence-plate-forgery/data/images/IPC_2025-08-08.11.15.17.8020.jpg,/home/yuehe/cjn/lisence-plate-forgery/outputs/annotation-remaining1363-local-v3_20260825_210051/IPC_2025-08-08.11.15.17.8020/03_rectified.jpg,,2026-08-25T22:43:57+08:00
IPC_2025-08-08.11.15.21.7130,suspicious,3,,,false,S3,7,blue_standard,/home/yuehe/cjn/lisence-plate-forgery/data/images/IPC_2025-08-08.11.15.21.7130.jpg,/home/yuehe/cjn/lisence-plate-forgery/outputs/annotation-remaining1363-local-v3_20260825_210051/IPC_2025-08-08.11.15.21.7130/03_rectified.jpg,,2026-08-25T22:43:59+08:00
IPC_2025-08-08.11.15.47.9630,suspicious,3;7,,,false,S3;S7,7,blue_standard,/home/yuehe/cjn/lisence-plate-forgery/data/images/IPC_2025-08-08.11.15.47.9630.jpg,/home/yuehe/cjn/lisence-plate-forgery/outputs/annotation-remaining1363-local-v3_20260825_210051/IPC_2025-08-08.11.15.47.9630/03_rectified.jpg,,2026-08-25T22:44:27+08:00
IPC_2025-08-08.11.15.51.9690,suspicious,3;7,,,false,S3;S7,7,blue_standard,/home/yuehe/cjn/lisence-plate-forgery/data/images/IPC_2025-08-08.11.15.51.9690.jpg,/home/yuehe/cjn/lisence-plate-forgery/outputs/annotation-remaining1363-local-v3_20260825_210051/IPC_2025-08-08.11.15.51.9690/03_rectified.jpg,,2026-08-25T22:44:32+08:00
IPC_2025-08-08.11.15.54.0190,suspicious,3;7,,,false,S3;S7,7,blue_standard,/home/yuehe/cjn/lisence-plate-forgery/data/images/IPC_2025-08-08.11.15.54.0190.jpg,/home/yuehe/cjn/lisence-plate-forgery/outputs/annotation-remaining1363-local-v3_20260825_210051/IPC_2025-08-08.11.15.54.0190/03_rectified.jpg,,2026-08-25T22:44:35+08:00
IPC_2025-08-08.11.15.58.4590,suspicious,3;7,,,false,S3;S7,7,blue_standard,/home/yuehe/cjn/lisence-plate-forgery/data/images/IPC_2025-08-08.11.15.58.4590.jpg,/home/yuehe/cjn/lisence-plate-forgery/outputs/annotation-remaining1363-local-v3_20260825_210051/IPC_2025-08-08.11.15.58.4590/03_rectified.jpg,,2026-08-25T22:44:38+08:00
IPC_2025-08-08.11.16.03.1820,suspicious,3;7,,,false,S3;S7,7,blue_standard,/home/yuehe/cjn/lisence-plate-forgery/data/images/IPC_2025-08-08.11.16.03.1820.jpg,/home/yuehe/cjn/lisence-plate-forgery/outputs/annotation-remaining1363-local-v3_20260825_210051/IPC_2025-08-08.11.16.03.1820/03_rectified.jpg,,2026-08-25T22:44:42+08:00
IPC_2025-08-08.11.16.07.9280,suspicious,3;7,,,false,S3;S7,7,blue_standard,/home/yuehe/cjn/lisence-plate-forgery/data/images/IPC_2025-08-08.11.16.07.9280.jpg,/home/yuehe/cjn/lisence-plate-forgery/outputs/annotation-remaining1363-local-v3_20260825_210051/IPC_2025-08-08.11.16.07.9280/03_rectified.jpg,,2026-08-25T22:44:45+08:00
IPC_2025-08-08.11.16.32.7830,clear,,,,false,,7,blue_standard,/home/yuehe/cjn/lisence-plate-forgery/data/images/IPC_2025-08-08.11.16.32.7830.jpg,/home/yuehe/cjn/lisence-plate-forgery/outputs/annotation-remaining1363-local-v3_20260825_210051/IPC_2025-08-08.11.16.32.7830/03_rectified.jpg,,2026-08-25T22:44:49+08:00
IPC_2025-08-08.11.16.40.0690,clear,,,,false,,7,blue_standard,/home/yuehe/cjn/lisence-plate-forgery/data/images/IPC_2025-08-08.11.16.40.0690.jpg,/home/yuehe/cjn/lisence-plate-forgery/outputs/annotation-remaining1363-local-v3_20260825_210051/IPC_2025-08-08.11.16.40.0690/03_rectified.jpg,,2026-08-25T22:44:51+08:00
IPC_2025-08-08.11.16.44.1700,clear,,,,false,,7,blue_standard,/home/yuehe/cjn/lisence-plate-forgery/data/images/IPC_2025-08-08.11.16.44.1700.jpg,/home/yuehe/cjn/lisence-plate-forgery/outputs/annotation-remaining1363-local-v3_20260825_210051/IPC_2025-08-08.11.16.44.1700/03_rectified.jpg,,2026-08-25T22:44:54+08:00
IPC_2025-08-08.11.16.49.7980,clear,,,,false,,7,blue_standard,/home/yuehe/cjn/lisence-plate-forgery/data/images/IPC_2025-08-08.11.16.49.7980.jpg,/home/yuehe/cjn/lisence-plate-forgery/outputs/annotation-remaining1363-local-v3_20260825_210051/IPC_2025-08-08.11.16.49.7980/03_rectified.jpg,,2026-08-25T22:44:57+08:00
IPC_2025-08-08.11.17.01.4630,clear,,,,false,,7,blue_standard,/home/yuehe/cjn/lisence-plate-forgery/data/images/IPC_2025-08-08.11.17.01.4630.jpg,/home/yuehe/cjn/lisence-plate-forgery/outputs/annotation-remaining1363-local-v3_20260825_210051/IPC_2025-08-08.11.17.01.4630/03_rectified.jpg,,2026-08-25T22:45:00+08:00
IPC_2025-08-08.11.17.12.3040,clear,,,,false,,7,blue_standard,/home/yuehe/cjn/lisence-plate-forgery/data/images/IPC_2025-08-08.11.17.12.3040.jpg,/home/yuehe/cjn/lisence-plate-forgery/outputs/annotation-remaining1363-local-v3_20260825_210051/IPC_2025-08-08.11.17.12.3040/03_rectified.jpg,,2026-08-25T22:45:02+08:00
IPC_2025-08-08.11.17.25.4710,clear,,,,false,,7,blue_standard,/home/yuehe/cjn/lisence-plate-forgery/data/images/IPC_2025-08-08.11.17.25.4710.jpg,/home/yuehe/cjn/lisence-plate-forgery/outputs/annotation-remaining1363-local-v3_20260825_210051/IPC_2025-08-08.11.17.25.4710/03_rectified.jpg,,2026-08-25T22:45:03+08:00
IPC_2025-08-08.11.17.40.4160,suspicious,4;5;7,,,false,S4;S5;S7,7,blue_standard,/home/yuehe/cjn/lisence-plate-forgery/data/images/IPC_2025-08-08.11.17.40.4160.jpg,/home/yuehe/cjn/lisence-plate-forgery/outputs/annotation-remaining1363-local-v3_20260825_210051/IPC_2025-08-08.11.17.40.4160/03_rectified.jpg,,2026-08-25T22:45:19+08:00
IPC_2025-08-08.11.17.44.9110,suspicious,4;5;7,,,false,S4;S5;S7,7,blue_standard,/home/yuehe/cjn/lisence-plate-forgery/data/images/IPC_2025-08-08.11.17.44.9110.jpg,/home/yuehe/cjn/lisence-plate-forgery/outputs/annotation-remaining1363-local-v3_20260825_210051/IPC_2025-08-08.11.17.44.9110/03_rectified.jpg,,2026-08-25T22:45:22+08:00
IPC_2025-08-08.11.17.47.7460,suspicious,4;5;7,,,false,S4;S5;S7,7,blue_standard,/home/yuehe/cjn/lisence-plate-forgery/data/images/IPC_2025-08-08.11.17.47.7460.jpg,/home/yuehe/cjn/lisence-plate-forgery/outputs/annotation-remaining1363-local-v3_20260825_210051/IPC_2025-08-08.11.17.47.7460/03_rectified.jpg,,2026-08-25T22:45:25+08:00
IPC_2025-08-08.11.18.15.0690,suspicious,4;5;7,,,false,S4;S5;S7,7,blue_standard,/home/yuehe/cjn/lisence-plate-forgery/data/images/IPC_2025-08-08.11.18.15.0690.jpg,/home/yuehe/cjn/lisence-plate-forgery/outputs/annotation-remaining1363-local-v3_20260825_210051/IPC_2025-08-08.11.18.15.0690/03_rectified.jpg,,2026-08-25T22:45:27+08:00
IPC_2025-08-08.11.18.56.9010,clear,,,,false,,7,blue_standard,/home/yuehe/cjn/lisence-plate-forgery/data/images/IPC_2025-08-08.11.18.56.9010.jpg,/home/yuehe/cjn/lisence-plate-forgery/outputs/annotation-remaining1363-local-v3_20260825_210051/IPC_2025-08-08.11.18.56.9010/03_rectified.jpg,,2026-08-25T22:45:39+08:00
IPC_2025-08-08.11.18.59.8630,clear,,,,false,,7,blue_standard,/home/yuehe/cjn/lisence-plate-forgery/data/images/IPC_2025-08-08.11.18.59.8630.jpg,/home/yuehe/cjn/lisence-plate-forgery/outputs/annotation-remaining1363-local-v3_20260825_210051/IPC_2025-08-08.11.18.59.8630/03_rectified.jpg,,2026-08-25T22:45:40+08:00
IPC_2025-08-08.11.19.13.6520,clear,,,,false,,7,blue_standard,/home/yuehe/cjn/lisence-plate-forgery/data/images/IPC_2025-08-08.11.19.13.6520.jpg,/home/yuehe/cjn/lisence-plate-forgery/outputs/annotation-remaining1363-local-v3_20260825_210051/IPC_2025-08-08.11.19.13.6520/03_rectified.jpg,,2026-08-25T22:45:43+08:00
IPC_2025-08-08.11.19.23.7210,clear,,,,false,,7,blue_standard,/home/yuehe/cjn/lisence-plate-forgery/data/images/IPC_2025-08-08.11.19.23.7210.jpg,/home/yuehe/cjn/lisence-plate-forgery/outputs/annotation-remaining1363-local-v3_20260825_210051/IPC_2025-08-08.11.19.23.7210/03_rectified.jpg,,2026-08-25T22:45:44+08:00
IPC_2025-08-08.11.20.10.7760,suspicious,2;3;6,,,false,S2;S3;S6,7,blue_standard,/home/yuehe/cjn/lisence-plate-forgery/data/images/IPC_2025-08-08.11.20.10.7760.jpg,/home/yuehe/cjn/lisence-plate-forgery/outputs/annotation-remaining1363-local-v3_20260825_210051/IPC_2025-08-08.11.20.10.7760/03_rectified.jpg,,2026-08-25T22:46:45+08:00
IPC_2025-08-08.11.20.13.2810,suspicious,2;3,,,false,S2;S3,7,blue_standard,/home/yuehe/cjn/lisence-plate-forgery/data/images/IPC_2025-08-08.11.20.13.2810.jpg,/home/yuehe/cjn/lisence-plate-forgery/outputs/annotation-remaining1363-local-v3_20260825_210051/IPC_2025-08-08.11.20.13.2810/03_rectified.jpg,,2026-08-25T22:46:13+08:00
IPC_2025-08-08.11.20.13.5470,suspicious,2;3,,,false,S2;S3,7,blue_standard,/home/yuehe/cjn/lisence-plate-forgery/data/images/IPC_2025-08-08.11.20.13.5470.jpg,/home/yuehe/cjn/lisence-plate-forgery/outputs/annotation-remaining1363-local-v3_20260825_210051/IPC_2025-08-08.11.20.13.5470/03_rectified.jpg,,2026-08-25T22:46:17+08:00
IPC_2025-08-08.11.20.17.4980,suspicious,2;3;6,,,false,S2;S3;S6,7,blue_standard,/home/yuehe/cjn/lisence-plate-forgery/data/images/IPC_2025-08-08.11.20.17.4980.jpg,/home/yuehe/cjn/lisence-plate-forgery/outputs/annotation-remaining1363-local-v3_20260825_210051/IPC_2025-08-08.11.20.17.4980/03_rectified.jpg,,2026-08-25T22:46:56+08:00
IPC_2025-08-08.11.20.23.6600,suspicious,2;3;6,,,false,S2;S3;S6,7,blue_standard,/home/yuehe/cjn/lisence-plate-forgery/data/images/IPC_2025-08-08.11.20.23.6600.jpg,/home/yuehe/cjn/lisence-plate-forgery/outputs/annotation-remaining1363-local-v3_20260825_210051/IPC_2025-08-08.11.20.23.6600/03_rectified.jpg,,2026-08-25T22:47:02+08:00
IPC_2025-08-08.11.20.30.9300,suspicious,2;3;6,,,false,S2;S3;S6,7,blue_standard,/home/yuehe/cjn/lisence-plate-forgery/data/images/IPC_2025-08-08.11.20.30.9300.jpg,/home/yuehe/cjn/lisence-plate-forgery/outputs/annotation-remaining1363-local-v3_20260825_210051/IPC_2025-08-08.11.20.30.9300/03_rectified.jpg,,2026-08-25T22:47:09+08:00
IPC_2025-08-08.11.20.39.2620,suspicious,2;3;6,,,false,S2;S3;S6,7,blue_standard,/home/yuehe/cjn/lisence-plate-forgery/data/images/IPC_2025-08-08.11.20.39.2620.jpg,/home/yuehe/cjn/lisence-plate-forgery/outputs/annotation-remaining1363-local-v3_20260825_210051/IPC_2025-08-08.11.20.39.2620/03_rectified.jpg,,2026-08-25T22:47:14+08:00
IPC_2025-08-08.11.21.07.6030,clear,,,,false,,7,blue_standard,/home/yuehe/cjn/lisence-plate-forgery/data/images/IPC_2025-08-08.11.21.07.6030.jpg,/home/yuehe/cjn/lisence-plate-forgery/outputs/annotation-remaining1363-local-v3_20260825_210051/IPC_2025-08-08.11.21.07.6030/03_rectified.jpg,,2026-08-25T22:47:22+08:00
IPC_2025-08-08.11.21.13.3710,clear,,,,false,,7,blue_standard,/home/yuehe/cjn/lisence-plate-forgery/data/images/IPC_2025-08-08.11.21.13.3710.jpg,/home/yuehe/cjn/lisence-plate-forgery/outputs/annotation-remaining1363-local-v3_20260825_210051/IPC_2025-08-08.11.21.13.3710/03_rectified.jpg,,2026-08-25T22:47:25+08:00
IPC_2025-08-08.11.21.18.8500,clear,,,,false,,7,blue_standard,/home/yuehe/cjn/lisence-plate-forgery/data/images/IPC_2025-08-08.11.21.18.8500.jpg,/home/yuehe/cjn/lisence-plate-forgery/outputs/annotation-remaining1363-local-v3_20260825_210051/IPC_2025-08-08.11.21.18.8500/03_rectified.jpg,,2026-08-25T22:47:28+08:00
IPC_2025-08-08.11.21.24.5530,clear,,,,false,,7,blue_standard,/home/yuehe/cjn/lisence-plate-forgery/data/images/IPC_2025-08-08.11.21.24.5530.jpg,/home/yuehe/cjn/lisence-plate-forgery/outputs/annotation-remaining1363-local-v3_20260825_210051/IPC_2025-08-08.11.21.24.5530/03_rectified.jpg,,2026-08-25T22:47:29+08:00
IPC_2025-08-08.11.21.28.8430,suspicious,7,,,false,S7,7,blue_standard,/home/yuehe/cjn/lisence-plate-forgery/data/images/IPC_2025-08-08.11.21.28.8430.jpg,/home/yuehe/cjn/lisence-plate-forgery/outputs/annotation-remaining1363-local-v3_20260825_210051/IPC_2025-08-08.11.21.28.8430/03_rectified.jpg,,2026-08-25T22:47:33+08:00
IPC_2025-08-08.11.21.29.7170,clear,,,,false,,7,blue_standard,/home/yuehe/cjn/lisence-plate-forgery/data/images/IPC_2025-08-08.11.21.29.7170.jpg,/home/yuehe/cjn/lisence-plate-forgery/outputs/annotation-remaining1363-local-v3_20260825_210051/IPC_2025-08-08.11.21.29.7170/03_rectified.jpg,,2026-08-25T22:47:36+08:00
IPC_2025-08-08.11.21.32.5360,suspicious,7,,,false,S7,7,blue_standard,/home/yuehe/cjn/lisence-plate-forgery/data/images/IPC_2025-08-08.11.21.32.5360.jpg,/home/yuehe/cjn/lisence-plate-forgery/outputs/annotation-remaining1363-local-v3_20260825_210051/IPC_2025-08-08.11.21.32.5360/03_rectified.jpg,,2026-08-25T22:47:38+08:00
IPC_2025-08-08.11.21.34.4310,clear,,,,false,,7,blue_standard,/home/yuehe/cjn/lisence-plate-forgery/data/images/IPC_2025-08-08.11.21.34.4310.jpg,/home/yuehe/cjn/lisence-plate-forgery/outputs/annotation-remaining1363-local-v3_20260825_210051/IPC_2025-08-08.11.21.34.4310/03_rectified.jpg,,2026-08-25T22:47:42+08:00
IPC_2025-08-08.11.21.36.2960,suspicious,7,,,false,S7,7,blue_standard,/home/yuehe/cjn/lisence-plate-forgery/data/images/IPC_2025-08-08.11.21.36.2960.jpg,/home/yuehe/cjn/lisence-plate-forgery/outputs/annotation-remaining1363-local-v3_20260825_210051/IPC_2025-08-08.11.21.36.2960/03_rectified.jpg,,2026-08-25T22:47:44+08:00
IPC_2025-08-08.11.21.43.2030,suspicious,7,,,false,S7,7,blue_standard,/home/yuehe/cjn/lisence-plate-forgery/data/images/IPC_2025-08-08.11.21.43.2030.jpg,/home/yuehe/cjn/lisence-plate-forgery/outputs/annotation-remaining1363-local-v3_20260825_210051/IPC_2025-08-08.11.21.43.2030/03_rectified.jpg,,2026-08-25T22:47:49+08:00
IPC_2025-08-08.11.21.44.6919,clear,,,,false,,7,blue_standard,/home/yuehe/cjn/lisence-plate-forgery/data/images/IPC_2025-08-08.11.21.44.6919.jpg,/home/yuehe/cjn/lisence-plate-forgery/outputs/annotation-remaining1363-local-v3_20260825_210051/IPC_2025-08-08.11.21.44.6919/03_rectified.jpg,,2026-08-25T22:47:52+08:00
IPC_2025-08-08.11.21.47.0050,suspicious,7,,,false,S7,7,blue_standard,/home/yuehe/cjn/lisence-plate-forgery/data/images/IPC_2025-08-08.11.21.47.0050.jpg,/home/yuehe/cjn/lisence-plate-forgery/outputs/annotation-remaining1363-local-v3_20260825_210051/IPC_2025-08-08.11.21.47.0050/03_rectified.jpg,,2026-08-25T22:47:54+08:00
IPC_2025-08-08.11.22.07.3990,suspicious,3;7,,,false,S3;S7,7,blue_standard,/home/yuehe/cjn/lisence-plate-forgery/data/images/IPC_2025-08-08.11.22.07.3990.jpg,/home/yuehe/cjn/lisence-plate-forgery/outputs/annotation-remaining1363-local-v3_20260825_210051/IPC_2025-08-08.11.22.07.3990/03_rectified.jpg,,2026-08-25T22:48:06+08:00
IPC_2025-08-08.11.22.09.7360,suspicious,3;7,,,false,S3;S7,7,blue_standard,/home/yuehe/cjn/lisence-plate-forgery/data/images/IPC_2025-08-08.11.22.09.7360.jpg,/home/yuehe/cjn/lisence-plate-forgery/outputs/annotation-remaining1363-local-v3_20260825_210051/IPC_2025-08-08.11.22.09.7360/03_rectified.jpg,,2026-08-25T22:48:10+08:00
IPC_2025-08-08.11.22.13.9230,suspicious,3;7,,,false,S3;S7,7,blue_standard,/home/yuehe/cjn/lisence-plate-forgery/data/images/IPC_2025-08-08.11.22.13.9230.jpg,/home/yuehe/cjn/lisence-plate-forgery/outputs/annotation-remaining1363-local-v3_20260825_210051/IPC_2025-08-08.11.22.13.9230/03_rectified.jpg,,2026-08-25T22:48:12+08:00
IPC_2025-08-08.11.22.18.2210,suspicious,3;7,,,false,S3;S7,7,blue_standard,/home/yuehe/cjn/lisence-plate-forgery/data/images/IPC_2025-08-08.11.22.18.2210.jpg,/home/yuehe/cjn/lisence-plate-forgery/outputs/annotation-remaining1363-local-v3_20260825_210051/IPC_2025-08-08.11.22.18.2210/03_rectified.jpg,,2026-08-25T22:48:15+08:00
IPC_2025-08-08.11.22.46.9810,suspicious,3;5;7,,,false,S3;S5;S7,7,blue_standard,/home/yuehe/cjn/lisence-plate-forgery/data/images/IPC_2025-08-08.11.22.46.9810.jpg,/home/yuehe/cjn/lisence-plate-forgery/outputs/annotation-remaining1363-local-v3_20260825_210051/IPC_2025-08-08.11.22.46.9810/03_rectified.jpg,,2026-08-25T22:48:32+08:00
IPC_2025-08-08.11.22.50.5860,suspicious,3;5;7,,,false,S3;S5;S7,7,blue_standard,/home/yuehe/cjn/lisence-plate-forgery/data/images/IPC_2025-08-08.11.22.50.5860.jpg,/home/yuehe/cjn/lisence-plate-forgery/outputs/annotation-remaining1363-local-v3_20260825_210051/IPC_2025-08-08.11.22.50.5860/03_rectified.jpg,,2026-08-25T22:48:38+08:00
IPC_2025-08-08.11.22.55.2980,suspicious,3;5;7,,,false,S3;S5;S7,7,blue_standard,/home/yuehe/cjn/lisence-plate-forgery/data/images/IPC_2025-08-08.11.22.55.2980.jpg,/home/yuehe/cjn/lisence-plate-forgery/outputs/annotation-remaining1363-local-v3_20260825_210051/IPC_2025-08-08.11.22.55.2980/03_rectified.jpg,,2026-08-25T22:48:44+08:00
IPC_2025-08-08.11.22.57.5649,suspicious,3;5;7,,,false,S3;S5;S7,7,blue_standard,/home/yuehe/cjn/lisence-plate-forgery/data/images/IPC_2025-08-08.11.22.57.5649.jpg,/home/yuehe/cjn/lisence-plate-forgery/outputs/annotation-remaining1363-local-v3_20260825_210051/IPC_2025-08-08.11.22.57.5649/03_rectified.jpg,,2026-08-25T22:48:47+08:00
IPC_2025-08-08.11.23.04.6929,suspicious,3;5;7,,,false,S3;S5;S7,7,blue_standard,/home/yuehe/cjn/lisence-plate-forgery/data/images/IPC_2025-08-08.11.23.04.6929.jpg,/home/yuehe/cjn/lisence-plate-forgery/outputs/annotation-remaining1363-local-v3_20260825_210051/IPC_2025-08-08.11.23.04.6929/03_rectified.jpg,,2026-08-25T22:48:50+08:00
IPC_2025-08-08.11.23.35.0280,clear,,,,false,,7,blue_standard,/home/yuehe/cjn/lisence-plate-forgery/data/images/IPC_2025-08-08.11.23.35.0280.jpg,/home/yuehe/cjn/lisence-plate-forgery/outputs/annotation-remaining1363-local-v3_20260825_210051/IPC_2025-08-08.11.23.35.0280/03_rectified.jpg,,2026-08-25T22:48:54+08:00
IPC_2025-08-08.11.23.40.8060,clear,,,,false,,7,blue_standard,/home/yuehe/cjn/lisence-plate-forgery/data/images/IPC_2025-08-08.11.23.40.8060.jpg,/home/yuehe/cjn/lisence-plate-forgery/outputs/annotation-remaining1363-local-v3_20260825_210051/IPC_2025-08-08.11.23.40.8060/03_rectified.jpg,,2026-08-25T22:48:57+08:00
IPC_2025-08-08.11.23.46.0760,clear,,,,false,,7,blue_standard,/home/yuehe/cjn/lisence-plate-forgery/data/images/IPC_2025-08-08.11.23.46.0760.jpg,/home/yuehe/cjn/lisence-plate-forgery/outputs/annotation-remaining1363-local-v3_20260825_210051/IPC_2025-08-08.11.23.46.0760/03_rectified.jpg,,2026-08-25T22:49:07+08:00
IPC_2025-08-08.11.23.49.5540,clear,,,,false,,7,blue_standard,/home/yuehe/cjn/lisence-plate-forgery/data/images/IPC_2025-08-08.11.23.49.5540.jpg,/home/yuehe/cjn/lisence-plate-forgery/outputs/annotation-remaining1363-local-v3_20260825_210051/IPC_2025-08-08.11.23.49.5540/03_rectified.jpg,,2026-08-25T22:49:13+08:00
IPC_2025-08-08.11.23.52.8880,suspicious,5,,,false,S5,7,blue_standard,/home/yuehe/cjn/lisence-plate-forgery/data/images/IPC_2025-08-08.11.23.52.8880.jpg,/home/yuehe/cjn/lisence-plate-forgery/outputs/annotation-remaining1363-local-v3_20260825_210051/IPC_2025-08-08.11.23.52.8880/03_rectified.jpg,,2026-08-25T22:49:18+08:00
IPC_2025-08-08.11.23.55.2580,clear,,,,false,,7,blue_standard,/home/yuehe/cjn/lisence-plate-forgery/data/images/IPC_2025-08-08.11.23.55.2580.jpg,/home/yuehe/cjn/lisence-plate-forgery/outputs/annotation-remaining1363-local-v3_20260825_210051/IPC_2025-08-08.11.23.55.2580/03_rectified.jpg,,2026-08-25T22:49:20+08:00
IPC_2025-08-08.11.24.00.1100,suspicious,5,,,false,S5,7,blue_standard,/home/yuehe/cjn/lisence-plate-forgery/data/images/IPC_2025-08-08.11.24.00.1100.jpg,/home/yuehe/cjn/lisence-plate-forgery/outputs/annotation-remaining1363-local-v3_20260825_210051/IPC_2025-08-08.11.24.00.1100/03_rectified.jpg,,2026-08-25T22:49:25+08:00
IPC_2025-08-08.11.24.00.9520,clear,,,,false,,7,blue_standard,/home/yuehe/cjn/lisence-plate-forgery/data/images/IPC_2025-08-08.11.24.00.9520.jpg,/home/yuehe/cjn/lisence-plate-forgery/outputs/annotation-remaining1363-local-v3_20260825_210051/IPC_2025-08-08.11.24.00.9520/03_rectified.jpg,,2026-08-25T22:49:27+08:00
IPC_2025-08-08.11.24.06.6630,clear,,,,false,,7,blue_standard,/home/yuehe/cjn/lisence-plate-forgery/data/images/IPC_2025-08-08.11.24.06.6630.jpg,/home/yuehe/cjn/lisence-plate-forgery/outputs/annotation-remaining1363-local-v3_20260825_210051/IPC_2025-08-08.11.24.06.6630/03_rectified.jpg,,2026-08-25T22:49:30+08:00
IPC_2025-08-08.11.24.10.7480,clear,,,,false,,7,blue_standard,/home/yuehe/cjn/lisence-plate-forgery/data/images/IPC_2025-08-08.11.24.10.7480.jpg,/home/yuehe/cjn/lisence-plate-forgery/outputs/annotation-remaining1363-local-v3_20260825_210051/IPC_2025-08-08.11.24.10.7480/03_rectified.jpg,,2026-08-25T22:49:34+08:00
IPC_2025-08-08.11.24.14.1200,clear,,,,false,,7,blue_standard,/home/yuehe/cjn/lisence-plate-forgery/data/images/IPC_2025-08-08.11.24.14.1200.jpg,/home/yuehe/cjn/lisence-plate-forgery/outputs/annotation-remaining1363-local-v3_20260825_210051/IPC_2025-08-08.11.24.14.1200/03_rectified.jpg,,2026-08-25T22:49:37+08:00
IPC_2025-08-08.11.24.19.5430,clear,,,,false,,7,blue_standard,/home/yuehe/cjn/lisence-plate-forgery/data/images/IPC_2025-08-08.11.24.19.5430.jpg,/home/yuehe/cjn/lisence-plate-forgery/outputs/annotation-remaining1363-local-v3_20260825_210051/IPC_2025-08-08.11.24.19.5430/03_rectified.jpg,,2026-08-25T22:49:40+08:00
IPC_2025-08-08.11.24.26.1719,suspicious,3;5,,,false,S3;S5,7,blue_standard,/home/yuehe/cjn/lisence-plate-forgery/data/images/IPC_2025-08-08.11.24.26.1719.jpg,/home/yuehe/cjn/lisence-plate-forgery/outputs/annotation-remaining1363-local-v3_20260825_210051/IPC_2025-08-08.11.24.26.1719/03_rectified.jpg,,2026-08-25T22:49:46+08:00
IPC_2025-08-08.11.24.30.0900,suspicious,3;5,,,false,S3;S5,7,blue_standard,/home/yuehe/cjn/lisence-plate-forgery/data/images/IPC_2025-08-08.11.24.30.0900.jpg,/home/yuehe/cjn/lisence-plate-forgery/outputs/annotation-remaining1363-local-v3_20260825_210051/IPC_2025-08-08.11.24.30.0900/03_rectified.jpg,,2026-08-25T22:49:50+08:00
IPC_2025-08-08.11.24.35.2470,suspicious,3;5,,,false,S3;S5,7,blue_standard,/home/yuehe/cjn/lisence-plate-forgery/data/images/IPC_2025-08-08.11.24.35.2470.jpg,/home/yuehe/cjn/lisence-plate-forgery/outputs/annotation-remaining1363-local-v3_20260825_210051/IPC_2025-08-08.11.24.35.2470/03_rectified.jpg,,2026-08-25T22:49:53+08:00
IPC_2025-08-08.11.25.02.7520,clear,,,,false,,7,blue_standard,/home/yuehe/cjn/lisence-plate-forgery/data/images/IPC_2025-08-08.11.25.02.7520.jpg,/home/yuehe/cjn/lisence-plate-forgery/outputs/annotation-remaining1363-local-v3_20260825_210051/IPC_2025-08-08.11.25.02.7520/03_rectified.jpg,,2026-08-25T22:49:56+08:00
IPC_2025-08-08.11.25.08.9610,clear,,,,false,,7,blue_standard,/home/yuehe/cjn/lisence-plate-forgery/data/images/IPC_2025-08-08.11.25.08.9610.jpg,/home/yuehe/cjn/lisence-plate-forgery/outputs/annotation-remaining1363-local-v3_20260825_210051/IPC_2025-08-08.11.25.08.9610/03_rectified.jpg,,2026-08-25T22:50:00+08:00
IPC_2025-08-08.11.25.12.4500,clear,,,,false,,7,blue_standard,/home/yuehe/cjn/lisence-plate-forgery/data/images/IPC_2025-08-08.11.25.12.4500.jpg,/home/yuehe/cjn/lisence-plate-forgery/outputs/annotation-remaining1363-local-v3_20260825_210051/IPC_2025-08-08.11.25.12.4500/03_rectified.jpg,,2026-08-25T22:50:02+08:00
IPC_2025-08-08.11.25.17.9820,clear,,,,false,,7,blue_standard,/home/yuehe/cjn/lisence-plate-forgery/data/images/IPC_2025-08-08.11.25.17.9820.jpg,/home/yuehe/cjn/lisence-plate-forgery/outputs/annotation-remaining1363-local-v3_20260825_210051/IPC_2025-08-08.11.25.17.9820/03_rectified.jpg,,2026-08-25T22:50:07+08:00
IPC_2025-08-08.11.25.20.7170,clear,,,,false,,7,blue_standard,/home/yuehe/cjn/lisence-plate-forgery/data/images/IPC_2025-08-08.11.25.20.7170.jpg,/home/yuehe/cjn/lisence-plate-forgery/outputs/annotation-remaining1363-local-v3_20260825_210051/IPC_2025-08-08.11.25.20.7170/03_rectified.jpg,,2026-08-25T22:50:09+08:00
IPC_2025-08-08.11.25.26.0550,clear,,,,false,,7,blue_standard,/home/yuehe/cjn/lisence-plate-forgery/data/images/IPC_2025-08-08.11.25.26.0550.jpg,/home/yuehe/cjn/lisence-plate-forgery/outputs/annotation-remaining1363-local-v3_20260825_210051/IPC_2025-08-08.11.25.26.0550/03_rectified.jpg,,2026-08-25T22:50:11+08:00
IPC_2025-08-08.11.25.29.5010,clear,,,,false,,7,blue_standard,/home/yuehe/cjn/lisence-plate-forgery/data/images/IPC_2025-08-08.11.25.29.5010.jpg,/home/yuehe/cjn/lisence-plate-forgery/outputs/annotation-remaining1363-local-v3_20260825_210051/IPC_2025-08-08.11.25.29.5010/03_rectified.jpg,,2026-08-25T22:50:18+08:00
IPC_2025-08-08.11.25.34.8230,clear,,,,false,,7,blue_standard,/home/yuehe/cjn/lisence-plate-forgery/data/images/IPC_2025-08-08.11.25.34.8230.jpg,/home/yuehe/cjn/lisence-plate-forgery/outputs/annotation-remaining1363-local-v3_20260825_210051/IPC_2025-08-08.11.25.34.8230/03_rectified.jpg,,2026-08-25T22:50:22+08:00
IPC_2025-08-08.11.25.40.9350,clear,,,,false,,7,blue_standard,/home/yuehe/cjn/lisence-plate-forgery/data/images/IPC_2025-08-08.11.25.40.9350.jpg,/home/yuehe/cjn/lisence-plate-forgery/outputs/annotation-remaining1363-local-v3_20260825_210051/IPC_2025-08-08.11.25.40.9350/03_rectified.jpg,,2026-08-25T22:50:25+08:00
IPC_2025-08-08.11.26.35.8120,suspicious,4,,,false,S4,8,green_new_energy,/home/yuehe/cjn/lisence-plate-forgery/data/images/IPC_2025-08-08.11.26.35.8120.jpg,/home/yuehe/cjn/lisence-plate-forgery/outputs/annotation-remaining1363-local-v3_20260825_210051/IPC_2025-08-08.11.26.35.8120/03_rectified.jpg,,2026-08-25T22:50:29+08:00
IPC_2025-08-08.11.26.38.9000,suspicious,4,,,false,S4,8,green_new_energy,/home/yuehe/cjn/lisence-plate-forgery/data/images/IPC_2025-08-08.11.26.38.9000.jpg,/home/yuehe/cjn/lisence-plate-forgery/outputs/annotation-remaining1363-local-v3_20260825_210051/IPC_2025-08-08.11.26.38.9000/03_rectified.jpg,,2026-08-25T22:50:32+08:00
IPC_2025-08-08.11.26.45.3320,suspicious,4,,,false,S4,8,green_new_energy,/home/yuehe/cjn/lisence-plate-forgery/data/images/IPC_2025-08-08.11.26.45.3320.jpg,/home/yuehe/cjn/lisence-plate-forgery/outputs/annotation-remaining1363-local-v3_20260825_210051/IPC_2025-08-08.11.26.45.3320/03_rectified.jpg,,2026-08-25T22:50:35+08:00
IPC_2025-08-08.11.26.50.4580,suspicious,4,,,false,S4,8,green_new_energy,/home/yuehe/cjn/lisence-plate-forgery/data/images/IPC_2025-08-08.11.26.50.4580.jpg,/home/yuehe/cjn/lisence-plate-forgery/outputs/annotation-remaining1363-local-v3_20260825_210051/IPC_2025-08-08.11.26.50.4580/03_rectified.jpg,,2026-08-25T22:50:37+08:00
IPC_2025-08-08.11.27.11.1780,suspicious,4;7,,,false,S4;S7,8,green_new_energy,/home/yuehe/cjn/lisence-plate-forgery/data/images/IPC_2025-08-08.11.27.11.1780.jpg,/home/yuehe/cjn/lisence-plate-forgery/outputs/annotation-remaining1363-local-v3_20260825_210051/IPC_2025-08-08.11.27.11.1780/03_rectified.jpg,,2026-08-25T22:50:44+08:00
IPC_2025-08-08.11.27.18.8040,suspicious,4;7,,,false,S4;S7,8,green_new_energy,/home/yuehe/cjn/lisence-plate-forgery/data/images/IPC_2025-08-08.11.27.18.8040.jpg,/home/yuehe/cjn/lisence-plate-forgery/outputs/annotation-remaining1363-local-v3_20260825_210051/IPC_2025-08-08.11.27.18.8040/03_rectified.jpg,,2026-08-25T22:50:55+08:00
IPC_2025-08-08.11.27.30.0869,suspicious,4;7,,,false,S4;S7,8,green_new_energy,/home/yuehe/cjn/lisence-plate-forgery/data/images/IPC_2025-08-08.11.27.30.0869.jpg,/home/yuehe/cjn/lisence-plate-forgery/outputs/annotation-remaining1363-local-v3_20260825_210051/IPC_2025-08-08.11.27.30.0869/03_rectified.jpg,,2026-08-25T22:50:57+08:00
IPC_2025-08-08.11.27.35.8030,suspicious,4;7,,,false,S4;S7,8,green_new_energy,/home/yuehe/cjn/lisence-plate-forgery/data/images/IPC_2025-08-08.11.27.35.8030.jpg,/home/yuehe/cjn/lisence-plate-forgery/outputs/annotation-remaining1363-local-v3_20260825_210051/IPC_2025-08-08.11.27.35.8030/03_rectified.jpg,,2026-08-25T22:51:00+08:00
IPC_2025-08-08.11.28.41.7320,suspicious,4;8,,,false,S4;S8,8,green_new_energy,/home/yuehe/cjn/lisence-plate-forgery/data/images/IPC_2025-08-08.11.28.41.7320.jpg,/home/yuehe/cjn/lisence-plate-forgery/outputs/annotation-remaining1363-local-v3_20260825_210051/IPC_2025-08-08.11.28.41.7320/03_rectified.jpg,,2026-08-25T22:51:05+08:00
IPC_2025-08-08.11.28.49.7670,suspicious,4;8,,,false,S4;S8,8,green_new_energy,/home/yuehe/cjn/lisence-plate-forgery/data/images/IPC_2025-08-08.11.28.49.7670.jpg,/home/yuehe/cjn/lisence-plate-forgery/outputs/annotation-remaining1363-local-v3_20260825_210051/IPC_2025-08-08.11.28.49.7670/03_rectified.jpg,,2026-08-25T22:51:08+08:00
IPC_2025-08-08.11.29.08.6990,clear,,,,false,,8,green_new_energy,/home/yuehe/cjn/lisence-plate-forgery/data/images/IPC_2025-08-08.11.29.08.6990.jpg,/home/yuehe/cjn/lisence-plate-forgery/outputs/annotation-remaining1363-local-v3_20260825_210051/IPC_2025-08-08.11.29.08.6990/03_rectified.jpg,,2026-08-25T22:51:11+08:00
IPC_2025-08-08.11.29.13.4560,clear,,,,false,,8,green_new_energy,/home/yuehe/cjn/lisence-plate-forgery/data/images/IPC_2025-08-08.11.29.13.4560.jpg,/home/yuehe/cjn/lisence-plate-forgery/outputs/annotation-remaining1363-local-v3_20260825_210051/IPC_2025-08-08.11.29.13.4560/03_rectified.jpg,,2026-08-25T22:51:13+08:00
IPC_2025-08-08.11.29.17.3760,clear,,,,false,,8,green_new_energy,/home/yuehe/cjn/lisence-plate-forgery/data/images/IPC_2025-08-08.11.29.17.3760.jpg,/home/yuehe/cjn/lisence-plate-forgery/outputs/annotation-remaining1363-local-v3_20260825_210051/IPC_2025-08-08.11.29.17.3760/03_rectified.jpg,,2026-08-25T22:51:16+08:00
IPC_2025-08-08.11.29.24.0230,clear,,,,false,,8,green_new_energy,/home/yuehe/cjn/lisence-plate-forgery/data/images/IPC_2025-08-08.11.29.24.0230.jpg,/home/yuehe/cjn/lisence-plate-forgery/outputs/annotation-remaining1363-local-v3_20260825_210051/IPC_2025-08-08.11.29.24.0230/03_rectified.jpg,,2026-08-25T22:51:18+08:00
IPC_2025-08-08.11.29.26.4970,clear,,,,false,,8,green_new_energy,/home/yuehe/cjn/lisence-plate-forgery/data/images/IPC_2025-08-08.11.29.26.4970.jpg,/home/yuehe/cjn/lisence-plate-forgery/outputs/annotation-remaining1363-local-v3_20260825_210051/IPC_2025-08-08.11.29.26.4970/03_rectified.jpg,,2026-08-25T22:51:20+08:00
IPC_2025-08-08.11.29.31.0460,clear,,,,false,,8,green_new_energy,/home/yuehe/cjn/lisence-plate-forgery/data/images/IPC_2025-08-08.11.29.31.0460.jpg,/home/yuehe/cjn/lisence-plate-forgery/outputs/annotation-remaining1363-local-v3_20260825_210051/IPC_2025-08-08.11.29.31.0460/03_rectified.jpg,,2026-08-25T22:51:22+08:00
IPC_2025-08-08.11.29.41.1250,clear,,,,false,,8,green_new_energy,/home/yuehe/cjn/lisence-plate-forgery/data/images/IPC_2025-08-08.11.29.41.1250.jpg,/home/yuehe/cjn/lisence-plate-forgery/outputs/annotation-remaining1363-local-v3_20260825_210051/IPC_2025-08-08.11.29.41.1250/03_rectified.jpg,,2026-08-25T22:51:24+08:00
IPC_2025-08-08.11.30.21.2829,suspicious,5,,,false,S5,7,blue_standard,/home/yuehe/cjn/lisence-plate-forgery/data/images/IPC_2025-08-08.11.30.21.2829.jpg,/home/yuehe/cjn/lisence-plate-forgery/outputs/annotation-remaining1363-local-v3_20260825_210051/IPC_2025-08-08.11.30.21.2829/03_rectified.jpg,,2026-08-25T22:51:31+08:00
IPC_2025-08-08.11.30.28.2970,suspicious,5,,,false,S5,7,blue_standard,/home/yuehe/cjn/lisence-plate-forgery/data/images/IPC_2025-08-08.11.30.28.2970.jpg,/home/yuehe/cjn/lisence-plate-forgery/outputs/annotation-remaining1363-local-v3_20260825_210051/IPC_2025-08-08.11.30.28.2970/03_rectified.jpg,,2026-08-25T22:51:36+08:00
IPC_2025-08-08.11.30.39.3300,suspicious,5,,,false,S5,7,blue_standard,/home/yuehe/cjn/lisence-plate-forgery/data/images/IPC_2025-08-08.11.30.39.3300.jpg,/home/yuehe/cjn/lisence-plate-forgery/outputs/annotation-remaining1363-local-v3_20260825_210051/IPC_2025-08-08.11.30.39.3300/03_rectified.jpg,,2026-08-25T22:51:38+08:00
IPC_2025-08-08.11.30.48.5790,suspicious,5,,,false,S5,7,blue_standard,/home/yuehe/cjn/lisence-plate-forgery/data/images/IPC_2025-08-08.11.30.48.5790.jpg,/home/yuehe/cjn/lisence-plate-forgery/outputs/annotation-remaining1363-local-v3_20260825_210051/IPC_2025-08-08.11.30.48.5790/03_rectified.jpg,,2026-08-25T22:51:39+08:00
IPC_2025-08-08.11.30.53.7140,suspicious,5,,,false,S5,7,blue_standard,/home/yuehe/cjn/lisence-plate-forgery/data/images/IPC_2025-08-08.11.30.53.7140.jpg,/home/yuehe/cjn/lisence-plate-forgery/outputs/annotation-remaining1363-local-v3_20260825_210051/IPC_2025-08-08.11.30.53.7140/03_rectified.jpg,,2026-08-25T22:51:41+08:00
IPC_2025-08-08.11.30.58.2480,suspicious,5,,,false,S5,7,blue_standard,/home/yuehe/cjn/lisence-plate-forgery/data/images/IPC_2025-08-08.11.30.58.2480.jpg,/home/yuehe/cjn/lisence-plate-forgery/outputs/annotation-remaining1363-local-v3_20260825_210051/IPC_2025-08-08.11.30.58.2480/03_rectified.jpg,,2026-08-25T22:51:43+08:00
IPC_2025-08-08.11.31.10.3770,suspicious,3;5,,,false,S3;S5,7,blue_standard,/home/yuehe/cjn/lisence-plate-forgery/data/images/IPC_2025-08-08.11.31.10.3770.jpg,/home/yuehe/cjn/lisence-plate-forgery/outputs/annotation-remaining1363-local-v3_20260825_210051/IPC_2025-08-08.11.31.10.3770/03_rectified.jpg,,2026-08-25T22:51:52+08:00
IPC_2025-08-08.11.31.16.1180,suspicious,3;5,,,false,S3;S5,7,blue_standard,/home/yuehe/cjn/lisence-plate-forgery/data/images/IPC_2025-08-08.11.31.16.1180.jpg,/home/yuehe/cjn/lisence-plate-forgery/outputs/annotation-remaining1363-local-v3_20260825_210051/IPC_2025-08-08.11.31.16.1180/03_rectified.jpg,,2026-08-25T22:51:54+08:00
IPC_2025-08-08.11.31.21.9100,suspicious,3;5,,,false,S3;S5,7,blue_standard,/home/yuehe/cjn/lisence-plate-forgery/data/images/IPC_2025-08-08.11.31.21.9100.jpg,/home/yuehe/cjn/lisence-plate-forgery/outputs/annotation-remaining1363-local-v3_20260825_210051/IPC_2025-08-08.11.31.21.9100/03_rectified.jpg,,2026-08-25T22:51:57+08:00
IPC_2025-08-08.11.31.22.0920,suspicious,3;5,,,false,S3;S5,7,blue_standard,/home/yuehe/cjn/lisence-plate-forgery/data/images/IPC_2025-08-08.11.31.22.0920.jpg,/home/yuehe/cjn/lisence-plate-forgery/outputs/annotation-remaining1363-local-v3_20260825_210051/IPC_2025-08-08.11.31.22.0920/03_rectified.jpg,,2026-08-25T22:51:59+08:00
IPC_2025-08-08.11.31.28.4680,suspicious,3;5,,,false,S3;S5,7,blue_standard,/home/yuehe/cjn/lisence-plate-forgery/data/images/IPC_2025-08-08.11.31.28.4680.jpg,/home/yuehe/cjn/lisence-plate-forgery/outputs/annotation-remaining1363-local-v3_20260825_210051/IPC_2025-08-08.11.31.28.4680/03_rectified.jpg,,2026-08-25T22:52:02+08:00
IPC_2025-08-08.11.32.13.1000,suspicious,3;4;5,,,false,S3;S4;S5,7,blue_standard,/home/yuehe/cjn/lisence-plate-forgery/data/images/IPC_2025-08-08.11.32.13.1000.jpg,/home/yuehe/cjn/lisence-plate-forgery/outputs/annotation-remaining1363-local-v3_20260825_210051/IPC_2025-08-08.11.32.13.1000/03_rectified.jpg,,2026-08-25T22:52:10+08:00
IPC_2025-08-08.11.32.17.4260,suspicious,3;4;5,,,false,S3;S4;S5,7,blue_standard,/home/yuehe/cjn/lisence-plate-forgery/data/images/IPC_2025-08-08.11.32.17.4260.jpg,/home/yuehe/cjn/lisence-plate-forgery/outputs/annotation-remaining1363-local-v3_20260825_210051/IPC_2025-08-08.11.32.17.4260/03_rectified.jpg,,2026-08-25T22:52:13+08:00
IPC_2025-08-08.11.32.25.6830,suspicious,3;4;5,,,false,S3;S4;S5,7,blue_standard,/home/yuehe/cjn/lisence-plate-forgery/data/images/IPC_2025-08-08.11.32.25.6830.jpg,/home/yuehe/cjn/lisence-plate-forgery/outputs/annotation-remaining1363-local-v3_20260825_210051/IPC_2025-08-08.11.32.25.6830/03_rectified.jpg,,2026-08-25T22:52:15+08:00
IPC_2025-08-08.11.32.30.2270,suspicious,3;4;5,,,false,S3;S4;S5,7,blue_standard,/home/yuehe/cjn/lisence-plate-forgery/data/images/IPC_2025-08-08.11.32.30.2270.jpg,/home/yuehe/cjn/lisence-plate-forgery/outputs/annotation-remaining1363-local-v3_20260825_210051/IPC_2025-08-08.11.32.30.2270/03_rectified.jpg,,2026-08-25T22:52:18+08:00
IPC_2025-08-08.11.33.06.1210,clear,,,,false,,7,blue_standard,/home/yuehe/cjn/lisence-plate-forgery/data/images/IPC_2025-08-08.11.33.06.1210.jpg,/home/yuehe/cjn/lisence-plate-forgery/outputs/annotation-remaining1363-local-v3_20260825_210051/IPC_2025-08-08.11.33.06.1210/03_rectified.jpg,,2026-08-25T22:52:22+08:00
IPC_2025-08-08.11.33.09.6740,clear,,,,false,,7,blue_standard,/home/yuehe/cjn/lisence-plate-forgery/data/images/IPC_2025-08-08.11.33.09.6740.jpg,/home/yuehe/cjn/lisence-plate-forgery/outputs/annotation-remaining1363-local-v3_20260825_210051/IPC_2025-08-08.11.33.09.6740/03_rectified.jpg,,2026-08-25T22:52:24+08:00
IPC_2025-08-08.11.33.12.7880,clear,,,,false,,7,blue_standard,/home/yuehe/cjn/lisence-plate-forgery/data/images/IPC_2025-08-08.11.33.12.7880.jpg,/home/yuehe/cjn/lisence-plate-forgery/outputs/annotation-remaining1363-local-v3_20260825_210051/IPC_2025-08-08.11.33.12.7880/03_rectified.jpg,,2026-08-25T22:52:27+08:00
IPC_2025-08-08.11.33.16.8460,clear,,,,false,,7,blue_standard,/home/yuehe/cjn/lisence-plate-forgery/data/images/IPC_2025-08-08.11.33.16.8460.jpg,/home/yuehe/cjn/lisence-plate-forgery/outputs/annotation-remaining1363-local-v3_20260825_210051/IPC_2025-08-08.11.33.16.8460/03_rectified.jpg,,2026-08-25T22:52:29+08:00
IPC_2025-08-08.11.33.21.0460,clear,,,,false,,7,blue_standard,/home/yuehe/cjn/lisence-plate-forgery/data/images/IPC_2025-08-08.11.33.21.0460.jpg,/home/yuehe/cjn/lisence-plate-forgery/outputs/annotation-remaining1363-local-v3_20260825_210051/IPC_2025-08-08.11.33.21.0460/03_rectified.jpg,,2026-08-25T22:52:32+08:00
IPC_2025-08-08.11.33.24.9230,clear,,,,false,,7,blue_standard,/home/yuehe/cjn/lisence-plate-forgery/data/images/IPC_2025-08-08.11.33.24.9230.jpg,/home/yuehe/cjn/lisence-plate-forgery/outputs/annotation-remaining1363-local-v3_20260825_210051/IPC_2025-08-08.11.33.24.9230/03_rectified.jpg,,2026-08-25T22:52:34+08:00
IPC_2025-08-08.11.33.31.3980,clear,,,,false,,7,blue_standard,/home/yuehe/cjn/lisence-plate-forgery/data/images/IPC_2025-08-08.11.33.31.3980.jpg,/home/yuehe/cjn/lisence-plate-forgery/outputs/annotation-remaining1363-local-v3_20260825_210051/IPC_2025-08-08.11.33.31.3980/03_rectified.jpg,,2026-08-25T22:52:36+08:00
IPC_2025-08-08.11.33.34.8510,clear,,,,false,,7,blue_standard,/home/yuehe/cjn/lisence-plate-forgery/data/images/IPC_2025-08-08.11.33.34.8510.jpg,/home/yuehe/cjn/lisence-plate-forgery/outputs/annotation-remaining1363-local-v3_20260825_210051/IPC_2025-08-08.11.33.34.8510/03_rectified.jpg,,2026-08-25T22:52:38+08:00
IPC_2025-08-08.11.33.38.4530,suspicious,7,,,false,S7,8,green_new_energy,/home/yuehe/cjn/lisence-plate-forgery/data/images/IPC_2025-08-08.11.33.38.4530.jpg,/home/yuehe/cjn/lisence-plate-forgery/outputs/annotation-remaining1363-local-v3_20260825_210051/IPC_2025-08-08.11.33.38.4530/03_rectified.jpg,,2026-08-25T22:52:42+08:00
IPC_2025-08-08.11.33.45.9710,suspicious,7,,,false,S7,8,green_new_energy,/home/yuehe/cjn/lisence-plate-forgery/data/images/IPC_2025-08-08.11.33.45.9710.jpg,/home/yuehe/cjn/lisence-plate-forgery/outputs/annotation-remaining1363-local-v3_20260825_210051/IPC_2025-08-08.11.33.45.9710/03_rectified.jpg,,2026-08-25T22:52:44+08:00
IPC_2025-08-08.11.33.53.4840,suspicious,7,,,false,S7,8,green_new_energy,/home/yuehe/cjn/lisence-plate-forgery/data/images/IPC_2025-08-08.11.33.53.4840.jpg,/home/yuehe/cjn/lisence-plate-forgery/outputs/annotation-remaining1363-local-v3_20260825_210051/IPC_2025-08-08.11.33.53.4840/03_rectified.jpg,,2026-08-25T22:52:47+08:00
IPC_2025-08-08.11.34.01.3690,suspicious,7,,,false,S7,8,green_new_energy,/home/yuehe/cjn/lisence-plate-forgery/data/images/IPC_2025-08-08.11.34.01.3690.jpg,/home/yuehe/cjn/lisence-plate-forgery/outputs/annotation-remaining1363-local-v3_20260825_210051/IPC_2025-08-08.11.34.01.3690/03_rectified.jpg,,2026-08-25T22:52:49+08:00
IPC_2025-08-08.11.34.20.0420,suspicious,4;7,,,false,S4;S7,8,green_new_energy,/home/yuehe/cjn/lisence-plate-forgery/data/images/IPC_2025-08-08.11.34.20.0420.jpg,/home/yuehe/cjn/lisence-plate-forgery/outputs/annotation-remaining1363-local-v3_20260825_210051/IPC_2025-08-08.11.34.20.0420/03_rectified.jpg,,2026-08-25T22:52:53+08:00
IPC_2025-08-08.11.34.49.9160,suspicious,4;7,,,false,S4;S7,8,green_new_energy,/home/yuehe/cjn/lisence-plate-forgery/data/images/IPC_2025-08-08.11.34.49.9160.jpg,/home/yuehe/cjn/lisence-plate-forgery/outputs/annotation-remaining1363-local-v3_20260825_210051/IPC_2025-08-08.11.34.49.9160/03_rectified.jpg,,2026-08-25T22:52:57+08:00
IPC_2025-08-08.11.35.15.7910,suspicious,4;7,,,false,S4;S7,8,green_new_energy,/home/yuehe/cjn/lisence-plate-forgery/data/images/IPC_2025-08-08.11.35.15.7910.jpg,/home/yuehe/cjn/lisence-plate-forgery/outputs/annotation-remaining1363-local-v3_20260825_210051/IPC_2025-08-08.11.35.15.7910/03_rectified.jpg,,2026-08-25T22:53:00+08:00
IPC_2025-08-08.11.35.20.8380,suspicious,4;7,,,false,S4;S7,8,green_new_energy,/home/yuehe/cjn/lisence-plate-forgery/data/images/IPC_2025-08-08.11.35.20.8380.jpg,/home/yuehe/cjn/lisence-plate-forgery/outputs/annotation-remaining1363-local-v3_20260825_210051/IPC_2025-08-08.11.35.20.8380/03_rectified.jpg,,2026-08-25T22:53:08+08:00
IPC_2025-08-08.11.35.28.7390,suspicious,4;7,,,false,S4;S7,8,green_new_energy,/home/yuehe/cjn/lisence-plate-forgery/data/images/IPC_2025-08-08.11.35.28.7390.jpg,/home/yuehe/cjn/lisence-plate-forgery/outputs/annotation-remaining1363-local-v3_20260825_210051/IPC_2025-08-08.11.35.28.7390/03_rectified.jpg,,2026-08-25T22:53:11+08:00
IPC_2025-08-08.11.36.04.1820,clear,,,,false,,8,green_new_energy,/home/yuehe/cjn/lisence-plate-forgery/data/images/IPC_2025-08-08.11.36.04.1820.jpg,/home/yuehe/cjn/lisence-plate-forgery/outputs/annotation-remaining1363-local-v3_20260825_210051/IPC_2025-08-08.11.36.04.1820/03_rectified.jpg,,2026-08-25T22:53:19+08:00
IPC_2025-08-08.11.36.08.3650,clear,,,,false,,8,green_new_energy,/home/yuehe/cjn/lisence-plate-forgery/data/images/IPC_2025-08-08.11.36.08.3650.jpg,/home/yuehe/cjn/lisence-plate-forgery/outputs/annotation-remaining1363-local-v3_20260825_210051/IPC_2025-08-08.11.36.08.3650/03_rectified.jpg,,2026-08-25T22:53:22+08:00
IPC_2025-08-08.11.36.13.9130,clear,,,,false,,8,green_new_energy,/home/yuehe/cjn/lisence-plate-forgery/data/images/IPC_2025-08-08.11.36.13.9130.jpg,/home/yuehe/cjn/lisence-plate-forgery/outputs/annotation-remaining1363-local-v3_20260825_210051/IPC_2025-08-08.11.36.13.9130/03_rectified.jpg,,2026-08-25T22:53:25+08:00
IPC_2025-08-08.11.36.17.6290,clear,,,,false,,8,green_new_energy,/home/yuehe/cjn/lisence-plate-forgery/data/images/IPC_2025-08-08.11.36.17.6290.jpg,/home/yuehe/cjn/lisence-plate-forgery/outputs/annotation-remaining1363-local-v3_20260825_210051/IPC_2025-08-08.11.36.17.6290/03_rectified.jpg,,2026-08-25T22:53:28+08:00
IPC_2025-08-08.11.36.20.9480,clear,,,,false,,8,green_new_energy,/home/yuehe/cjn/lisence-plate-forgery/data/images/IPC_2025-08-08.11.36.20.9480.jpg,/home/yuehe/cjn/lisence-plate-forgery/outputs/annotation-remaining1363-local-v3_20260825_210051/IPC_2025-08-08.11.36.20.9480/03_rectified.jpg,,2026-08-25T22:53:31+08:00
IPC_2025-08-08.11.36.25.7040,clear,,,,false,,8,green_new_energy,/home/yuehe/cjn/lisence-plate-forgery/data/images/IPC_2025-08-08.11.36.25.7040.jpg,/home/yuehe/cjn/lisence-plate-forgery/outputs/annotation-remaining1363-local-v3_20260825_210051/IPC_2025-08-08.11.36.25.7040/03_rectified.jpg,,2026-08-25T22:53:34+08:00
IPC_2025-08-08.11.36.26.8430,suspicious,4,,,false,S4,7,blue_standard,/home/yuehe/cjn/lisence-plate-forgery/data/images/IPC_2025-08-08.11.36.26.8430.jpg,/home/yuehe/cjn/lisence-plate-forgery/outputs/annotation-remaining1363-local-v3_20260825_210051/IPC_2025-08-08.11.36.26.8430/03_rectified.jpg,,2026-08-25T22:53:39+08:00
IPC_2025-08-08.11.36.28.4780,clear,,,,false,,8,green_new_energy,/home/yuehe/cjn/lisence-plate-forgery/data/images/IPC_2025-08-08.11.36.28.4780.jpg,/home/yuehe/cjn/lisence-plate-forgery/outputs/annotation-remaining1363-local-v3_20260825_210051/IPC_2025-08-08.11.36.28.4780/03_rectified.jpg,,2026-08-25T22:53:41+08:00
IPC_2025-08-08.11.36.33.2480,suspicious,4,,,false,S4,7,blue_standard,/home/yuehe/cjn/lisence-plate-forgery/data/images/IPC_2025-08-08.11.36.33.2480.jpg,/home/yuehe/cjn/lisence-plate-forgery/outputs/annotation-remaining1363-local-v3_20260825_210051/IPC_2025-08-08.11.36.33.2480/03_rectified.jpg,,2026-08-25T22:53:44+08:00
IPC_2025-08-08.11.36.34.5620,clear,,,,false,,8,green_new_energy,/home/yuehe/cjn/lisence-plate-forgery/data/images/IPC_2025-08-08.11.36.34.5620.jpg,/home/yuehe/cjn/lisence-plate-forgery/outputs/annotation-remaining1363-local-v3_20260825_210051/IPC_2025-08-08.11.36.34.5620/03_rectified.jpg,,2026-08-25T22:53:48+08:00
IPC_2025-08-08.11.36.39.5130,suspicious,4,,,false,S4,7,blue_standard,/home/yuehe/cjn/lisence-plate-forgery/data/images/IPC_2025-08-08.11.36.39.5130.jpg,/home/yuehe/cjn/lisence-plate-forgery/outputs/annotation-remaining1363-local-v3_20260825_210051/IPC_2025-08-08.11.36.39.5130/03_rectified.jpg,,2026-08-25T22:53:50+08:00
IPC_2025-08-08.11.36.42.8290,clear,,,,false,,8,green_new_energy,/home/yuehe/cjn/lisence-plate-forgery/data/images/IPC_2025-08-08.11.36.42.8290.jpg,/home/yuehe/cjn/lisence-plate-forgery/outputs/annotation-remaining1363-local-v3_20260825_210051/IPC_2025-08-08.11.36.42.8290/03_rectified.jpg,,2026-08-25T22:53:54+08:00
IPC_2025-08-08.11.36.51.5040,suspicious,4;7,,,false,S4;S7,7,blue_standard,/home/yuehe/cjn/lisence-plate-forgery/data/images/IPC_2025-08-08.11.36.51.5040.jpg,/home/yuehe/cjn/lisence-plate-forgery/outputs/annotation-remaining1363-local-v3_20260825_210051/IPC_2025-08-08.11.36.51.5040/03_rectified.jpg,,2026-08-25T22:54:00+08:00
IPC_2025-08-08.11.36.55.1840,suspicious,4;7,,,false,S4;S7,7,blue_standard,/home/yuehe/cjn/lisence-plate-forgery/data/images/IPC_2025-08-08.11.36.55.1840.jpg,/home/yuehe/cjn/lisence-plate-forgery/outputs/annotation-remaining1363-local-v3_20260825_210051/IPC_2025-08-08.11.36.55.1840/03_rectified.jpg,,2026-08-25T22:54:03+08:00
IPC_2025-08-08.11.36.59.3690,suspicious,4;7,,,false,S4;S7,7,blue_standard,/home/yuehe/cjn/lisence-plate-forgery/data/images/IPC_2025-08-08.11.36.59.3690.jpg,/home/yuehe/cjn/lisence-plate-forgery/outputs/annotation-remaining1363-local-v3_20260825_210051/IPC_2025-08-08.11.36.59.3690/03_rectified.jpg,,2026-08-25T22:54:06+08:00
IPC_2025-08-08.11.37.27.7440,suspicious,4;6;7,,,false,S4;S6;S7,7,blue_standard,/home/yuehe/cjn/lisence-plate-forgery/data/images/IPC_2025-08-08.11.37.27.7440.jpg,/home/yuehe/cjn/lisence-plate-forgery/outputs/annotation-remaining1363-local-v3_20260825_210051/IPC_2025-08-08.11.37.27.7440/03_rectified.jpg,,2026-08-25T22:54:10+08:00
IPC_2025-08-08.11.37.31.8650,suspicious,4;6;7,,,false,S4;S6;S7,7,blue_standard,/home/yuehe/cjn/lisence-plate-forgery/data/images/IPC_2025-08-08.11.37.31.8650.jpg,/home/yuehe/cjn/lisence-plate-forgery/outputs/annotation-remaining1363-local-v3_20260825_210051/IPC_2025-08-08.11.37.31.8650/03_rectified.jpg,,2026-08-25T22:54:13+08:00
IPC_2025-08-08.11.38.11.5050,clear,,,,false,,7,blue_standard,/home/yuehe/cjn/lisence-plate-forgery/data/images/IPC_2025-08-08.11.38.11.5050.jpg,/home/yuehe/cjn/lisence-plate-forgery/outputs/annotation-remaining1363-local-v3_20260825_210051/IPC_2025-08-08.11.38.11.5050/03_rectified.jpg,,2026-08-25T22:54:19+08:00
IPC_2025-08-08.11.38.17.0080,clear,,,,false,,7,blue_standard,/home/yuehe/cjn/lisence-plate-forgery/data/images/IPC_2025-08-08.11.38.17.0080.jpg,/home/yuehe/cjn/lisence-plate-forgery/outputs/annotation-remaining1363-local-v3_20260825_210051/IPC_2025-08-08.11.38.17.0080/03_rectified.jpg,,2026-08-25T22:54:23+08:00
IPC_2025-08-08.11.38.21.0610,suspicious,5,,,false,S5,7,blue_standard,/home/yuehe/cjn/lisence-plate-forgery/data/images/IPC_2025-08-08.11.38.21.0610.jpg,/home/yuehe/cjn/lisence-plate-forgery/outputs/annotation-remaining1363-local-v3_20260825_210051/IPC_2025-08-08.11.38.21.0610/03_rectified.jpg,,2026-08-25T22:54:27+08:00
IPC_2025-08-08.11.38.21.7630,clear,,,,false,,7,blue_standard,/home/yuehe/cjn/lisence-plate-forgery/data/images/IPC_2025-08-08.11.38.21.7630.jpg,/home/yuehe/cjn/lisence-plate-forgery/outputs/annotation-remaining1363-local-v3_20260825_210051/IPC_2025-08-08.11.38.21.7630/03_rectified.jpg,,2026-08-25T22:54:29+08:00
IPC_2025-08-08.11.38.25.5240,clear,,,,false,,7,blue_standard,/home/yuehe/cjn/lisence-plate-forgery/data/images/IPC_2025-08-08.11.38.25.5240.jpg,/home/yuehe/cjn/lisence-plate-forgery/outputs/annotation-remaining1363-local-v3_20260825_210051/IPC_2025-08-08.11.38.25.5240/03_rectified.jpg,,2026-08-25T22:54:33+08:00
IPC_2025-08-08.11.38.32.0740,clear,,,,false,,7,blue_standard,/home/yuehe/cjn/lisence-plate-forgery/data/images/IPC_2025-08-08.11.38.32.0740.jpg,/home/yuehe/cjn/lisence-plate-forgery/outputs/annotation-remaining1363-local-v3_20260825_210051/IPC_2025-08-08.11.38.32.0740/03_rectified.jpg,,2026-08-25T22:54:35+08:00
IPC_2025-08-08.11.38.33.1940,suspicious,5,,,false,S5,7,blue_standard,/home/yuehe/cjn/lisence-plate-forgery/data/images/IPC_2025-08-08.11.38.33.1940.jpg,/home/yuehe/cjn/lisence-plate-forgery/outputs/annotation-remaining1363-local-v3_20260825_210051/IPC_2025-08-08.11.38.33.1940/03_rectified.jpg,,2026-08-25T22:54:38+08:00
IPC_2025-08-08.11.38.39.3459,clear,,,,false,,7,blue_standard,/home/yuehe/cjn/lisence-plate-forgery/data/images/IPC_2025-08-08.11.38.39.3459.jpg,/home/yuehe/cjn/lisence-plate-forgery/outputs/annotation-remaining1363-local-v3_20260825_210051/IPC_2025-08-08.11.38.39.3459/03_rectified.jpg,,2026-08-25T22:54:40+08:00
IPC_2025-08-08.11.38.39.4240,suspicious,5,,,false,S5,7,blue_standard,/home/yuehe/cjn/lisence-plate-forgery/data/images/IPC_2025-08-08.11.38.39.4240.jpg,/home/yuehe/cjn/lisence-plate-forgery/outputs/annotation-remaining1363-local-v3_20260825_210051/IPC_2025-08-08.11.38.39.4240/03_rectified.jpg,,2026-08-25T22:54:44+08:00
IPC_2025-08-08.11.38.45.4560,clear,,,,false,,7,blue_standard,/home/yuehe/cjn/lisence-plate-forgery/data/images/IPC_2025-08-08.11.38.45.4560.jpg,/home/yuehe/cjn/lisence-plate-forgery/outputs/annotation-remaining1363-local-v3_20260825_210051/IPC_2025-08-08.11.38.45.4560/03_rectified.jpg,,2026-08-25T22:54:45+08:00
IPC_2025-08-08.11.38.58.0869,suspicious,3;5,,,false,S3;S5,7,blue_standard,/home/yuehe/cjn/lisence-plate-forgery/data/images/IPC_2025-08-08.11.38.58.0869.jpg,/home/yuehe/cjn/lisence-plate-forgery/outputs/annotation-remaining1363-local-v3_20260825_210051/IPC_2025-08-08.11.38.58.0869/03_rectified.jpg,,2026-08-25T22:54:49+08:00
IPC_2025-08-08.11.39.02.4850,suspicious,3;5,,,false,S3;S5,7,blue_standard,/home/yuehe/cjn/lisence-plate-forgery/data/images/IPC_2025-08-08.11.39.02.4850.jpg,/home/yuehe/cjn/lisence-plate-forgery/outputs/annotation-remaining1363-local-v3_20260825_210051/IPC_2025-08-08.11.39.02.4850/03_rectified.jpg,,2026-08-25T22:54:54+08:00
IPC_2025-08-08.11.39.07.8530,suspicious,3;5,,,false,S3;S5,7,blue_standard,/home/yuehe/cjn/lisence-plate-forgery/data/images/IPC_2025-08-08.11.39.07.8530.jpg,/home/yuehe/cjn/lisence-plate-forgery/outputs/annotation-remaining1363-local-v3_20260825_210051/IPC_2025-08-08.11.39.07.8530/03_rectified.jpg,,2026-08-25T22:54:57+08:00
IPC_2025-08-08.11.39.28.7410,suspicious,3;5,,,false,S3;S5,7,blue_standard,/home/yuehe/cjn/lisence-plate-forgery/data/images/IPC_2025-08-08.11.39.28.7410.jpg,/home/yuehe/cjn/lisence-plate-forgery/outputs/annotation-remaining1363-local-v3_20260825_210051/IPC_2025-08-08.11.39.28.7410/03_rectified.jpg,,2026-08-25T22:55:01+08:00
IPC_2025-08-08.11.39.38.4660,suspicious,2;3;5,,,false,S2;S3;S5,7,blue_standard,/home/yuehe/cjn/lisence-plate-forgery/data/images/IPC_2025-08-08.11.39.38.4660.jpg,/home/yuehe/cjn/lisence-plate-forgery/outputs/annotation-remaining1363-local-v3_20260825_210051/IPC_2025-08-08.11.39.38.4660/03_rectified.jpg,,2026-08-25T22:55:07+08:00
IPC_2025-08-08.11.39.45.4290,suspicious,2;3;5,,,false,S2;S3;S5,7,blue_standard,/home/yuehe/cjn/lisence-plate-forgery/data/images/IPC_2025-08-08.11.39.45.4290.jpg,/home/yuehe/cjn/lisence-plate-forgery/outputs/annotation-remaining1363-local-v3_20260825_210051/IPC_2025-08-08.11.39.45.4290/03_rectified.jpg,,2026-08-25T22:55:12+08:00
IPC_2025-08-08.11.39.54.3320,suspicious,5,,,false,S5,8,green_new_energy,/home/yuehe/cjn/lisence-plate-forgery/data/images/IPC_2025-08-08.11.39.54.3320.jpg,/home/yuehe/cjn/lisence-plate-forgery/outputs/annotation-remaining1363-local-v3_20260825_210051/IPC_2025-08-08.11.39.54.3320/03_rectified.jpg,,2026-08-25T22:55:21+08:00
IPC_2025-08-08.11.40.00.3060,suspicious,5,,,false,S5,8,green_new_energy,/home/yuehe/cjn/lisence-plate-forgery/data/images/IPC_2025-08-08.11.40.00.3060.jpg,/home/yuehe/cjn/lisence-plate-forgery/outputs/annotation-remaining1363-local-v3_20260825_210051/IPC_2025-08-08.11.40.00.3060/03_rectified.jpg,,2026-08-25T22:55:28+08:00
IPC_2025-08-08.11.40.05.5180,suspicious,5,,,false,S5,8,green_new_energy,/home/yuehe/cjn/lisence-plate-forgery/data/images/IPC_2025-08-08.11.40.05.5180.jpg,/home/yuehe/cjn/lisence-plate-forgery/outputs/annotation-remaining1363-local-v3_20260825_210051/IPC_2025-08-08.11.40.05.5180/03_rectified.jpg,,2026-08-25T22:55:31+08:00
IPC_2025-08-08.11.40.22.5490,clear,,,,false,,7,blue_standard,/home/yuehe/cjn/lisence-plate-forgery/data/images/IPC_2025-08-08.11.40.22.5490.jpg,/home/yuehe/cjn/lisence-plate-forgery/outputs/annotation-remaining1363-local-v3_20260825_210051/IPC_2025-08-08.11.40.22.5490/03_rectified.jpg,,2026-08-25T22:55:34+08:00
IPC_2025-08-08.11.40.26.7320,clear,,,,false,,7,blue_standard,/home/yuehe/cjn/lisence-plate-forgery/data/images/IPC_2025-08-08.11.40.26.7320.jpg,/home/yuehe/cjn/lisence-plate-forgery/outputs/annotation-remaining1363-local-v3_20260825_210051/IPC_2025-08-08.11.40.26.7320/03_rectified.jpg,,2026-08-25T22:55:36+08:00
IPC_2025-08-08.11.40.42.5560,suspicious,5,,,false,S5,8,green_new_energy,/home/yuehe/cjn/lisence-plate-forgery/data/images/IPC_2025-08-08.11.40.42.5560.jpg,/home/yuehe/cjn/lisence-plate-forgery/outputs/annotation-remaining1363-local-v3_20260825_210051/IPC_2025-08-08.11.40.42.5560/03_rectified.jpg,,2026-08-25T22:55:39+08:00
IPC_2025-08-08.11.40.57.5940,clear,,,,false,,7,blue_standard,/home/yuehe/cjn/lisence-plate-forgery/data/images/IPC_2025-08-08.11.40.57.5940.jpg,/home/yuehe/cjn/lisence-plate-forgery/outputs/annotation-remaining1363-local-v3_20260825_210051/IPC_2025-08-08.11.40.57.5940/03_rectified.jpg,,2026-08-25T22:55:41+08:00
IPC_2025-08-08.11.41.04.1419,suspicious,4;5,,,false,S4;S5,8,green_new_energy,/home/yuehe/cjn/lisence-plate-forgery/data/images/IPC_2025-08-08.11.41.04.1419.jpg,/home/yuehe/cjn/lisence-plate-forgery/outputs/annotation-remaining1363-local-v3_20260825_210051/IPC_2025-08-08.11.41.04.1419/03_rectified.jpg,,2026-08-25T22:55:51+08:00
IPC_2025-08-08.11.41.07.8580,suspicious,4;5,,,false,S4;S5,8,green_new_energy,/home/yuehe/cjn/lisence-plate-forgery/data/images/IPC_2025-08-08.11.41.07.8580.jpg,/home/yuehe/cjn/lisence-plate-forgery/outputs/annotation-remaining1363-local-v3_20260825_210051/IPC_2025-08-08.11.41.07.8580/03_rectified.jpg,,2026-08-25T22:55:57+08:00
IPC_2025-08-08.11.41.14.7360,clear,,,,false,,7,blue_standard,/home/yuehe/cjn/lisence-plate-forgery/data/images/IPC_2025-08-08.11.41.14.7360.jpg,/home/yuehe/cjn/lisence-plate-forgery/outputs/annotation-remaining1363-local-v3_20260825_210051/IPC_2025-08-08.11.41.14.7360/03_rectified.jpg,,2026-08-25T22:55:59+08:00
IPC_2025-08-08.11.41.23.2770,clear,,,,false,,7,blue_standard,/home/yuehe/cjn/lisence-plate-forgery/data/images/IPC_2025-08-08.11.41.23.2770.jpg,/home/yuehe/cjn/lisence-plate-forgery/outputs/annotation-remaining1363-local-v3_20260825_210051/IPC_2025-08-08.11.41.23.2770/03_rectified.jpg,,2026-08-25T22:56:02+08:00
IPC_2025-08-08.11.41.27.4360,clear,,,,false,,7,blue_standard,/home/yuehe/cjn/lisence-plate-forgery/data/images/IPC_2025-08-08.11.41.27.4360.jpg,/home/yuehe/cjn/lisence-plate-forgery/outputs/annotation-remaining1363-local-v3_20260825_210051/IPC_2025-08-08.11.41.27.4360/03_rectified.jpg,,2026-08-25T22:56:04+08:00
IPC_2025-08-08.11.41.40.7030,suspicious,4;5,,,false,S4;S5,8,green_new_energy,/home/yuehe/cjn/lisence-plate-forgery/data/images/IPC_2025-08-08.11.41.40.7030.jpg,/home/yuehe/cjn/lisence-plate-forgery/outputs/annotation-remaining1363-local-v3_20260825_210051/IPC_2025-08-08.11.41.40.7030/03_rectified.jpg,,2026-08-25T22:56:08+08:00
IPC_2025-08-08.11.41.40.9490,suspicious,4;5,,,false,S4;S5,8,green_new_energy,/home/yuehe/cjn/lisence-plate-forgery/data/images/IPC_2025-08-08.11.41.40.9490.jpg,/home/yuehe/cjn/lisence-plate-forgery/outputs/annotation-remaining1363-local-v3_20260825_210051/IPC_2025-08-08.11.41.40.9490/03_rectified.jpg,,2026-08-25T22:56:11+08:00
IPC_2025-08-08.11.42.17.5709,suspicious,4;5,,,false,S4;S5,8,green_new_energy,/home/yuehe/cjn/lisence-plate-forgery/data/images/IPC_2025-08-08.11.42.17.5709.jpg,/home/yuehe/cjn/lisence-plate-forgery/outputs/annotation-remaining1363-local-v3_20260825_210051/IPC_2025-08-08.11.42.17.5709/03_rectified.jpg,,2026-08-25T22:56:14+08:00
IPC_2025-08-08.11.42.17.6620,suspicious,4;5,,,false,S4;S5,8,green_new_energy,/home/yuehe/cjn/lisence-plate-forgery/data/images/IPC_2025-08-08.11.42.17.6620.jpg,/home/yuehe/cjn/lisence-plate-forgery/outputs/annotation-remaining1363-local-v3_20260825_210051/IPC_2025-08-08.11.42.17.6620/03_rectified.jpg,,2026-08-25T22:56:17+08:00
IPC_2025-08-08.11.42.25.9140,suspicious,4;5,,,false,S4;S5,8,green_new_energy,/home/yuehe/cjn/lisence-plate-forgery/data/images/IPC_2025-08-08.11.42.25.9140.jpg,/home/yuehe/cjn/lisence-plate-forgery/outputs/annotation-remaining1363-local-v3_20260825_210051/IPC_2025-08-08.11.42.25.9140/03_rectified.jpg,,2026-08-25T22:56:19+08:00
IPC_2025-08-08.11.42.37.6110,suspicious,4;5,,,false,S4;S5,8,green_new_energy,/home/yuehe/cjn/lisence-plate-forgery/data/images/IPC_2025-08-08.11.42.37.6110.jpg,/home/yuehe/cjn/lisence-plate-forgery/outputs/annotation-remaining1363-local-v3_20260825_210051/IPC_2025-08-08.11.42.37.6110/03_rectified.jpg,,2026-08-25T22:56:22+08:00
IPC_2025-08-08.11.43.21.3630,suspicious,6,,,false,S6,7,blue_standard,/home/yuehe/cjn/lisence-plate-forgery/data/images/IPC_2025-08-08.11.43.21.3630.jpg,/home/yuehe/cjn/lisence-plate-forgery/outputs/annotation-remaining1363-local-v3_20260825_210051/IPC_2025-08-08.11.43.21.3630/03_rectified.jpg,,2026-08-25T22:56:27+08:00
IPC_2025-08-08.11.43.25.1810,suspicious,6,,,false,S6,7,blue_standard,/home/yuehe/cjn/lisence-plate-forgery/data/images/IPC_2025-08-08.11.43.25.1810.jpg,/home/yuehe/cjn/lisence-plate-forgery/outputs/annotation-remaining1363-local-v3_20260825_210051/IPC_2025-08-08.11.43.25.1810/03_rectified.jpg,,2026-08-25T22:56:32+08:00
IPC_2025-08-08.11.43.30.3030,suspicious,6,,,false,S6,7,blue_standard,/home/yuehe/cjn/lisence-plate-forgery/data/images/IPC_2025-08-08.11.43.30.3030.jpg,/home/yuehe/cjn/lisence-plate-forgery/outputs/annotation-remaining1363-local-v3_20260825_210051/IPC_2025-08-08.11.43.30.3030/03_rectified.jpg,,2026-08-25T22:56:34+08:00
IPC_2025-08-08.11.43.34.5970,suspicious,6,,,false,S6,7,blue_standard,/home/yuehe/cjn/lisence-plate-forgery/data/images/IPC_2025-08-08.11.43.34.5970.jpg,/home/yuehe/cjn/lisence-plate-forgery/outputs/annotation-remaining1363-local-v3_20260825_210051/IPC_2025-08-08.11.43.34.5970/03_rectified.jpg,,2026-08-25T22:56:36+08:00
IPC_2025-08-08.11.43.56.9200,suspicious,4;6,,,false,S4;S6,7,blue_standard,/home/yuehe/cjn/lisence-plate-forgery/data/images/IPC_2025-08-08.11.43.56.9200.jpg,/home/yuehe/cjn/lisence-plate-forgery/outputs/annotation-remaining1363-local-v3_20260825_210051/IPC_2025-08-08.11.43.56.9200/03_rectified.jpg,,2026-08-25T22:56:40+08:00
IPC_2025-08-08.11.44.00.3250,suspicious,4;6,,,false,S4;S6,7,blue_standard,/home/yuehe/cjn/lisence-plate-forgery/data/images/IPC_2025-08-08.11.44.00.3250.jpg,/home/yuehe/cjn/lisence-plate-forgery/outputs/annotation-remaining1363-local-v3_20260825_210051/IPC_2025-08-08.11.44.00.3250/03_rectified.jpg,,2026-08-25T22:56:43+08:00
IPC_2025-08-08.11.44.06.8210,suspicious,4;6,,,false,S4;S6,7,blue_standard,/home/yuehe/cjn/lisence-plate-forgery/data/images/IPC_2025-08-08.11.44.06.8210.jpg,/home/yuehe/cjn/lisence-plate-forgery/outputs/annotation-remaining1363-local-v3_20260825_210051/IPC_2025-08-08.11.44.06.8210/03_rectified.jpg,,2026-08-25T22:56:49+08:00
IPC_2025-08-08.11.44.11.9680,suspicious,4;6,,,false,S4;S6,7,blue_standard,/home/yuehe/cjn/lisence-plate-forgery/data/images/IPC_2025-08-08.11.44.11.9680.jpg,/home/yuehe/cjn/lisence-plate-forgery/outputs/annotation-remaining1363-local-v3_20260825_210051/IPC_2025-08-08.11.44.11.9680/03_rectified.jpg,,2026-08-25T22:56:52+08:00
IPC_2025-08-08.11.44.38.3720,suspicious,2;6,,,false,S2;S6,7,blue_standard,/home/yuehe/cjn/lisence-plate-forgery/data/images/IPC_2025-08-08.11.44.38.3720.jpg,/home/yuehe/cjn/lisence-plate-forgery/outputs/annotation-remaining1363-local-v3_20260825_210051/IPC_2025-08-08.11.44.38.3720/03_rectified.jpg,,2026-08-25T22:56:56+08:00
IPC_2025-08-08.11.44.42.2350,suspicious,2;6,,,false,S2;S6,7,blue_standard,/home/yuehe/cjn/lisence-plate-forgery/data/images/IPC_2025-08-08.11.44.42.2350.jpg,/home/yuehe/cjn/lisence-plate-forgery/outputs/annotation-remaining1363-local-v3_20260825_210051/IPC_2025-08-08.11.44.42.2350/03_rectified.jpg,,2026-08-25T22:56:58+08:00
IPC_2025-08-08.11.44.48.9500,suspicious,2;6,,,false,S2;S6,7,blue_standard,/home/yuehe/cjn/lisence-plate-forgery/data/images/IPC_2025-08-08.11.44.48.9500.jpg,/home/yuehe/cjn/lisence-plate-forgery/outputs/annotation-remaining1363-local-v3_20260825_210051/IPC_2025-08-08.11.44.48.9500/03_rectified.jpg,,2026-08-25T22:57:01+08:00
IPC_2025-08-08.11.45.20.4210,clear,,,,false,,7,blue_standard,/home/yuehe/cjn/lisence-plate-forgery/data/images/IPC_2025-08-08.11.45.20.4210.jpg,/home/yuehe/cjn/lisence-plate-forgery/outputs/annotation-remaining1363-local-v3_20260825_210051/IPC_2025-08-08.11.45.20.4210/03_rectified.jpg,,2026-08-25T22:57:03+08:00
IPC_2025-08-08.11.45.23.4000,clear,,,,false,,7,blue_standard,/home/yuehe/cjn/lisence-plate-forgery/data/images/IPC_2025-08-08.11.45.23.4000.jpg,/home/yuehe/cjn/lisence-plate-forgery/outputs/annotation-remaining1363-local-v3_20260825_210051/IPC_2025-08-08.11.45.23.4000/03_rectified.jpg,,2026-08-25T22:57:05+08:00
IPC_2025-08-08.11.45.27.4260,clear,,,,false,,7,blue_standard,/home/yuehe/cjn/lisence-plate-forgery/data/images/IPC_2025-08-08.11.45.27.4260.jpg,/home/yuehe/cjn/lisence-plate-forgery/outputs/annotation-remaining1363-local-v3_20260825_210051/IPC_2025-08-08.11.45.27.4260/03_rectified.jpg,,2026-08-25T22:57:07+08:00
IPC_2025-08-08.11.45.33.2630,clear,,,,false,,7,blue_standard,/home/yuehe/cjn/lisence-plate-forgery/data/images/IPC_2025-08-08.11.45.33.2630.jpg,/home/yuehe/cjn/lisence-plate-forgery/outputs/annotation-remaining1363-local-v3_20260825_210051/IPC_2025-08-08.11.45.33.2630/03_rectified.jpg,,2026-08-25T22:57:09+08:00
IPC_2025-08-08.11.45.38.0429,suspicious,4,,,false,S4,7,blue_standard,/home/yuehe/cjn/lisence-plate-forgery/data/images/IPC_2025-08-08.11.45.38.0429.jpg,/home/yuehe/cjn/lisence-plate-forgery/outputs/annotation-remaining1363-local-v3_20260825_210051/IPC_2025-08-08.11.45.38.0429/03_rectified.jpg,,2026-08-25T22:57:14+08:00
IPC_2025-08-08.11.45.39.2560,clear,,,,false,,7,blue_standard,/home/yuehe/cjn/lisence-plate-forgery/data/images/IPC_2025-08-08.11.45.39.2560.jpg,/home/yuehe/cjn/lisence-plate-forgery/outputs/annotation-remaining1363-local-v3_20260825_210051/IPC_2025-08-08.11.45.39.2560/03_rectified.jpg,,2026-08-25T22:57:16+08:00
IPC_2025-08-08.11.45.42.9910,clear,,,,false,,7,blue_standard,/home/yuehe/cjn/lisence-plate-forgery/data/images/IPC_2025-08-08.11.45.42.9910.jpg,/home/yuehe/cjn/lisence-plate-forgery/outputs/annotation-remaining1363-local-v3_20260825_210051/IPC_2025-08-08.11.45.42.9910/03_rectified.jpg,,2026-08-25T22:57:18+08:00
IPC_2025-08-08.11.45.45.9730,clear,,,,false,,7,blue_standard,/home/yuehe/cjn/lisence-plate-forgery/data/images/IPC_2025-08-08.11.45.45.9730.jpg,/home/yuehe/cjn/lisence-plate-forgery/outputs/annotation-remaining1363-local-v3_20260825_210051/IPC_2025-08-08.11.45.45.9730/03_rectified.jpg,,2026-08-25T22:57:22+08:00
IPC_2025-08-08.11.45.49.1860,suspicious,4,,,false,S4,7,blue_standard,/home/yuehe/cjn/lisence-plate-forgery/data/images/IPC_2025-08-08.11.45.49.1860.jpg,/home/yuehe/cjn/lisence-plate-forgery/outputs/annotation-remaining1363-local-v3_20260825_210051/IPC_2025-08-08.11.45.49.1860/03_rectified.jpg,,2026-08-25T22:57:25+08:00
IPC_2025-08-08.11.45.51.0520,clear,,,,false,,7,blue_standard,/home/yuehe/cjn/lisence-plate-forgery/data/images/IPC_2025-08-08.11.45.51.0520.jpg,/home/yuehe/cjn/lisence-plate-forgery/outputs/annotation-remaining1363-local-v3_20260825_210051/IPC_2025-08-08.11.45.51.0520/03_rectified.jpg,,2026-08-25T22:57:28+08:00
IPC_2025-08-08.11.45.57.1040,clear,,,,false,,7,blue_standard,/home/yuehe/cjn/lisence-plate-forgery/data/images/IPC_2025-08-08.11.45.57.1040.jpg,/home/yuehe/cjn/lisence-plate-forgery/outputs/annotation-remaining1363-local-v3_20260825_210051/IPC_2025-08-08.11.45.57.1040/03_rectified.jpg,,2026-08-25T22:57:29+08:00
IPC_2025-08-08.11.45.59.1230,suspicious,4,,,false,S4,7,blue_standard,/home/yuehe/cjn/lisence-plate-forgery/data/images/IPC_2025-08-08.11.45.59.1230.jpg,/home/yuehe/cjn/lisence-plate-forgery/outputs/annotation-remaining1363-local-v3_20260825_210051/IPC_2025-08-08.11.45.59.1230/03_rectified.jpg,,2026-08-25T22:57:34+08:00
IPC_2025-08-08.11.46.16.6710,suspicious,4;5,,,false,S4;S5,7,blue_standard,/home/yuehe/cjn/lisence-plate-forgery/data/images/IPC_2025-08-08.11.46.16.6710.jpg,/home/yuehe/cjn/lisence-plate-forgery/outputs/annotation-remaining1363-local-v3_20260825_210051/IPC_2025-08-08.11.46.16.6710/03_rectified.jpg,,2026-08-25T22:57:38+08:00
IPC_2025-08-08.11.46.23.1180,suspicious,4;5,,,false,S4;S5,7,blue_standard,/home/yuehe/cjn/lisence-plate-forgery/data/images/IPC_2025-08-08.11.46.23.1180.jpg,/home/yuehe/cjn/lisence-plate-forgery/outputs/annotation-remaining1363-local-v3_20260825_210051/IPC_2025-08-08.11.46.23.1180/03_rectified.jpg,,2026-08-25T22:57:40+08:00
IPC_2025-08-08.11.46.29.9060,suspicious,4;5,,,false,S4;S5,7,blue_standard,/home/yuehe/cjn/lisence-plate-forgery/data/images/IPC_2025-08-08.11.46.29.9060.jpg,/home/yuehe/cjn/lisence-plate-forgery/outputs/annotation-remaining1363-local-v3_20260825_210051/IPC_2025-08-08.11.46.29.9060/03_rectified.jpg,,2026-08-25T22:57:43+08:00
IPC_2025-08-08.11.46.54.2020,suspicious,4;5,,,false,S4;S5,7,blue_standard,/home/yuehe/cjn/lisence-plate-forgery/data/images/IPC_2025-08-08.11.46.54.2020.jpg,/home/yuehe/cjn/lisence-plate-forgery/outputs/annotation-remaining1363-local-v3_20260825_210051/IPC_2025-08-08.11.46.54.2020/03_rectified.jpg,,2026-08-25T22:57:45+08:00
IPC_2025-08-08.11.47.03.4130,suspicious,4;5,,,false,S4;S5,7,blue_standard,/home/yuehe/cjn/lisence-plate-forgery/data/images/IPC_2025-08-08.11.47.03.4130.jpg,/home/yuehe/cjn/lisence-plate-forgery/outputs/annotation-remaining1363-local-v3_20260825_210051/IPC_2025-08-08.11.47.03.4130/03_rectified.jpg,,2026-08-25T22:57:47+08:00
IPC_2025-08-08.11.47.09.0180,suspicious,4;5,,,false,S4;S5,7,blue_standard,/home/yuehe/cjn/lisence-plate-forgery/data/images/IPC_2025-08-08.11.47.09.0180.jpg,/home/yuehe/cjn/lisence-plate-forgery/outputs/annotation-remaining1363-local-v3_20260825_210051/IPC_2025-08-08.11.47.09.0180/03_rectified.jpg,,2026-08-25T22:57:50+08:00
IPC_2025-08-08.11.47.36.6879,clear,,,,false,,7,blue_standard,/home/yuehe/cjn/lisence-plate-forgery/data/images/IPC_2025-08-08.11.47.36.6879.jpg,/home/yuehe/cjn/lisence-plate-forgery/outputs/annotation-remaining1363-local-v3_20260825_210051/IPC_2025-08-08.11.47.36.6879/03_rectified.jpg,,2026-08-25T22:57:52+08:00
IPC_2025-08-08.11.47.40.8640,clear,,,,false,,7,blue_standard,/home/yuehe/cjn/lisence-plate-forgery/data/images/IPC_2025-08-08.11.47.40.8640.jpg,/home/yuehe/cjn/lisence-plate-forgery/outputs/annotation-remaining1363-local-v3_20260825_210051/IPC_2025-08-08.11.47.40.8640/03_rectified.jpg,,2026-08-25T22:57:53+08:00
IPC_2025-08-08.11.47.43.8179,clear,,,,false,,7,blue_standard,/home/yuehe/cjn/lisence-plate-forgery/data/images/IPC_2025-08-08.11.47.43.8179.jpg,/home/yuehe/cjn/lisence-plate-forgery/outputs/annotation-remaining1363-local-v3_20260825_210051/IPC_2025-08-08.11.47.43.8179/03_rectified.jpg,,2026-08-25T22:57:55+08:00
IPC_2025-08-08.11.47.48.8410,clear,,,,false,,7,blue_standard,/home/yuehe/cjn/lisence-plate-forgery/data/images/IPC_2025-08-08.11.47.48.8410.jpg,/home/yuehe/cjn/lisence-plate-forgery/outputs/annotation-remaining1363-local-v3_20260825_210051/IPC_2025-08-08.11.47.48.8410/03_rectified.jpg,,2026-08-25T22:58:06+08:00
IPC_2025-08-08.11.47.49.6230,suspicious,5,,,false,S5,7,blue_standard,/home/yuehe/cjn/lisence-plate-forgery/data/images/IPC_2025-08-08.11.47.49.6230.jpg,/home/yuehe/cjn/lisence-plate-forgery/outputs/annotation-remaining1363-local-v3_20260825_210051/IPC_2025-08-08.11.47.49.6230/03_rectified.jpg,,2026-08-25T22:58:17+08:00
IPC_2025-08-08.11.47.52.3520,clear,,,,false,,7,blue_standard,/home/yuehe/cjn/lisence-plate-forgery/data/images/IPC_2025-08-08.11.47.52.3520.jpg,/home/yuehe/cjn/lisence-plate-forgery/outputs/annotation-remaining1363-local-v3_20260825_210051/IPC_2025-08-08.11.47.52.3520/03_rectified.jpg,,2026-08-25T22:58:19+08:00
IPC_2025-08-08.11.47.54.3650,suspicious,5,,,false,S5,7,blue_standard,/home/yuehe/cjn/lisence-plate-forgery/data/images/IPC_2025-08-08.11.47.54.3650.jpg,/home/yuehe/cjn/lisence-plate-forgery/outputs/annotation-remaining1363-local-v3_20260825_210051/IPC_2025-08-08.11.47.54.3650/03_rectified.jpg,,2026-08-25T22:58:23+08:00
IPC_2025-08-08.11.47.54.7610,clear,,,,false,,7,blue_standard,/home/yuehe/cjn/lisence-plate-forgery/data/images/IPC_2025-08-08.11.47.54.7610.jpg,/home/yuehe/cjn/lisence-plate-forgery/outputs/annotation-remaining1363-local-v3_20260825_210051/IPC_2025-08-08.11.47.54.7610/03_rectified.jpg,,2026-08-25T22:58:24+08:00
IPC_2025-08-08.11.47.59.0120,suspicious,5,,,false,S5,7,blue_standard,/home/yuehe/cjn/lisence-plate-forgery/data/images/IPC_2025-08-08.11.47.59.0120.jpg,/home/yuehe/cjn/lisence-plate-forgery/outputs/annotation-remaining1363-local-v3_20260825_210051/IPC_2025-08-08.11.47.59.0120/03_rectified.jpg,,2026-08-25T22:58:30+08:00
IPC_2025-08-08.11.47.59.7480,clear,,,,false,,7,blue_standard,/home/yuehe/cjn/lisence-plate-forgery/data/images/IPC_2025-08-08.11.47.59.7480.jpg,/home/yuehe/cjn/lisence-plate-forgery/outputs/annotation-remaining1363-local-v3_20260825_210051/IPC_2025-08-08.11.47.59.7480/03_rectified.jpg,,2026-08-25T22:58:36+08:00
IPC_2025-08-08.11.48.02.5860,suspicious,5,,,false,S5,7,blue_standard,/home/yuehe/cjn/lisence-plate-forgery/data/images/IPC_2025-08-08.11.48.02.5860.jpg,/home/yuehe/cjn/lisence-plate-forgery/outputs/annotation-remaining1363-local-v3_20260825_210051/IPC_2025-08-08.11.48.02.5860/03_rectified.jpg,,2026-08-25T22:58:41+08:00
IPC_2025-08-08.11.48.15.3040,clear,,,,false,,7,blue_standard,/home/yuehe/cjn/lisence-plate-forgery/data/images/IPC_2025-08-08.11.48.15.3040.jpg,/home/yuehe/cjn/lisence-plate-forgery/outputs/annotation-remaining1363-local-v3_20260825_210051/IPC_2025-08-08.11.48.15.3040/03_rectified.jpg,,2026-08-25T22:58:42+08:00
IPC_2025-08-08.11.48.34.5430,suspicious,4;5,,,false,S4;S5,7,blue_standard,/home/yuehe/cjn/lisence-plate-forgery/data/images/IPC_2025-08-08.11.48.34.5430.jpg,/home/yuehe/cjn/lisence-plate-forgery/outputs/annotation-remaining1363-local-v3_20260825_210051/IPC_2025-08-08.11.48.34.5430/03_rectified.jpg,,2026-08-25T22:58:46+08:00
IPC_2025-08-08.11.48.38.7740,suspicious,4;5,,,false,S4;S5,7,blue_standard,/home/yuehe/cjn/lisence-plate-forgery/data/images/IPC_2025-08-08.11.48.38.7740.jpg,/home/yuehe/cjn/lisence-plate-forgery/outputs/annotation-remaining1363-local-v3_20260825_210051/IPC_2025-08-08.11.48.38.7740/03_rectified.jpg,,2026-08-25T22:58:48+08:00
IPC_2025-08-08.11.48.42.3750,suspicious,4;5,,,false,S4;S5,7,blue_standard,/home/yuehe/cjn/lisence-plate-forgery/data/images/IPC_2025-08-08.11.48.42.3750.jpg,/home/yuehe/cjn/lisence-plate-forgery/outputs/annotation-remaining1363-local-v3_20260825_210051/IPC_2025-08-08.11.48.42.3750/03_rectified.jpg,,2026-08-25T22:58:51+08:00
IPC_2025-08-08.11.48.45.9360,suspicious,4;5,,,false,S4;S5,7,blue_standard,/home/yuehe/cjn/lisence-plate-forgery/data/images/IPC_2025-08-08.11.48.45.9360.jpg,/home/yuehe/cjn/lisence-plate-forgery/outputs/annotation-remaining1363-local-v3_20260825_210051/IPC_2025-08-08.11.48.45.9360/03_rectified.jpg,,2026-08-25T22:58:53+08:00
IPC_2025-08-08.11.49.00.4700,suspicious,4;5,,,false,S4;S5,7,blue_standard,/home/yuehe/cjn/lisence-plate-forgery/data/images/IPC_2025-08-08.11.49.00.4700.jpg,/home/yuehe/cjn/lisence-plate-forgery/outputs/annotation-remaining1363-local-v3_20260825_210051/IPC_2025-08-08.11.49.00.4700/03_rectified.jpg,,2026-08-25T22:58:55+08:00
IPC_2025-08-08.11.49.05.1820,suspicious,4;5,,,false,S4;S5,7,blue_standard,/home/yuehe/cjn/lisence-plate-forgery/data/images/IPC_2025-08-08.11.49.05.1820.jpg,/home/yuehe/cjn/lisence-plate-forgery/outputs/annotation-remaining1363-local-v3_20260825_210051/IPC_2025-08-08.11.49.05.1820/03_rectified.jpg,,2026-08-25T22:58:59+08:00
IPC_2025-08-08.11.49.09.1970,suspicious,4;5,,,false,S4;S5,7,blue_standard,/home/yuehe/cjn/lisence-plate-forgery/data/images/IPC_2025-08-08.11.49.09.1970.jpg,/home/yuehe/cjn/lisence-plate-forgery/outputs/annotation-remaining1363-local-v3_20260825_210051/IPC_2025-08-08.11.49.09.1970/03_rectified.jpg,,2026-08-25T22:59:01+08:00
IPC_2025-08-08.11.49.13.3950,suspicious,4;5,,,false,S4;S5,7,blue_standard,/home/yuehe/cjn/lisence-plate-forgery/data/images/IPC_2025-08-08.11.49.13.3950.jpg,/home/yuehe/cjn/lisence-plate-forgery/outputs/annotation-remaining1363-local-v3_20260825_210051/IPC_2025-08-08.11.49.13.3950/03_rectified.jpg,,2026-08-25T22:59:03+08:00
IPC_2025-08-08.11.49.39.0220,suspicious,3;4;5,,,false,S3;S4;S5,7,blue_standard,/home/yuehe/cjn/lisence-plate-forgery/data/images/IPC_2025-08-08.11.49.39.0220.jpg,/home/yuehe/cjn/lisence-plate-forgery/outputs/annotation-remaining1363-local-v3_20260825_210051/IPC_2025-08-08.11.49.39.0220/03_rectified.jpg,,2026-08-25T22:59:07+08:00
IPC_2025-08-08.11.49.45.2150,suspicious,3;4;5,,,false,S3;S4;S5,7,blue_standard,/home/yuehe/cjn/lisence-plate-forgery/data/images/IPC_2025-08-08.11.49.45.2150.jpg,/home/yuehe/cjn/lisence-plate-forgery/outputs/annotation-remaining1363-local-v3_20260825_210051/IPC_2025-08-08.11.49.45.2150/03_rectified.jpg,,2026-08-25T22:59:09+08:00
IPC_2025-08-08.11.49.49.0530,suspicious,3;4;5,,,false,S3;S4;S5,7,blue_standard,/home/yuehe/cjn/lisence-plate-forgery/data/images/IPC_2025-08-08.11.49.49.0530.jpg,/home/yuehe/cjn/lisence-plate-forgery/outputs/annotation-remaining1363-local-v3_20260825_210051/IPC_2025-08-08.11.49.49.0530/03_rectified.jpg,,2026-08-25T22:59:11+08:00
IPC_2025-08-08.11.50.38.3650,clear,,,,false,,7,blue_standard,/home/yuehe/cjn/lisence-plate-forgery/data/images/IPC_2025-08-08.11.50.38.3650.jpg,/home/yuehe/cjn/lisence-plate-forgery/outputs/annotation-remaining1363-local-v3_20260825_210051/IPC_2025-08-08.11.50.38.3650/03_rectified.jpg,,2026-08-25T22:59:14+08:00
IPC_2025-08-08.11.50.42.7390,clear,,,,false,,7,blue_standard,/home/yuehe/cjn/lisence-plate-forgery/data/images/IPC_2025-08-08.11.50.42.7390.jpg,/home/yuehe/cjn/lisence-plate-forgery/outputs/annotation-remaining1363-local-v3_20260825_210051/IPC_2025-08-08.11.50.42.7390/03_rectified.jpg,,2026-08-25T22:59:15+08:00
IPC_2025-08-08.11.50.46.4180,clear,,,,false,,7,blue_standard,/home/yuehe/cjn/lisence-plate-forgery/data/images/IPC_2025-08-08.11.50.46.4180.jpg,/home/yuehe/cjn/lisence-plate-forgery/outputs/annotation-remaining1363-local-v3_20260825_210051/IPC_2025-08-08.11.50.46.4180/03_rectified.jpg,,2026-08-25T22:59:18+08:00
IPC_2025-08-08.11.50.51.6470,clear,,,,false,,7,blue_standard,/home/yuehe/cjn/lisence-plate-forgery/data/images/IPC_2025-08-08.11.50.51.6470.jpg,/home/yuehe/cjn/lisence-plate-forgery/outputs/annotation-remaining1363-local-v3_20260825_210051/IPC_2025-08-08.11.50.51.6470/03_rectified.jpg,,2026-08-25T22:59:20+08:00
IPC_2025-08-08.11.50.56.2290,clear,,,,false,,7,blue_standard,/home/yuehe/cjn/lisence-plate-forgery/data/images/IPC_2025-08-08.11.50.56.2290.jpg,/home/yuehe/cjn/lisence-plate-forgery/outputs/annotation-remaining1363-local-v3_20260825_210051/IPC_2025-08-08.11.50.56.2290/03_rectified.jpg,,2026-08-25T22:59:22+08:00
IPC_2025-08-08.11.50.59.2180,suspicious,2;5,,,false,S2;S5,7,blue_standard,/home/yuehe/cjn/lisence-plate-forgery/data/images/IPC_2025-08-08.11.50.59.2180.jpg,/home/yuehe/cjn/lisence-plate-forgery/outputs/annotation-remaining1363-local-v3_20260825_210051/IPC_2025-08-08.11.50.59.2180/03_rectified.jpg,,2026-08-25T22:59:29+08:00
IPC_2025-08-08.11.51.01.5320,clear,,,,false,,7,blue_standard,/home/yuehe/cjn/lisence-plate-forgery/data/images/IPC_2025-08-08.11.51.01.5320.jpg,/home/yuehe/cjn/lisence-plate-forgery/outputs/annotation-remaining1363-local-v3_20260825_210051/IPC_2025-08-08.11.51.01.5320/03_rectified.jpg,,2026-08-25T22:59:34+08:00
IPC_2025-08-08.11.51.04.1330,suspicious,2;5,,,false,S2;S5,7,blue_standard,/home/yuehe/cjn/lisence-plate-forgery/data/images/IPC_2025-08-08.11.51.04.1330.jpg,/home/yuehe/cjn/lisence-plate-forgery/outputs/annotation-remaining1363-local-v3_20260825_210051/IPC_2025-08-08.11.51.04.1330/03_rectified.jpg,,2026-08-25T22:59:37+08:00
IPC_2025-08-08.11.51.09.6919,clear,,,,false,,7,blue_standard,/home/yuehe/cjn/lisence-plate-forgery/data/images/IPC_2025-08-08.11.51.09.6919.jpg,/home/yuehe/cjn/lisence-plate-forgery/outputs/annotation-remaining1363-local-v3_20260825_210051/IPC_2025-08-08.11.51.09.6919/03_rectified.jpg,,2026-08-25T22:59:39+08:00
IPC_2025-08-08.11.51.21.3420,suspicious,2;5,,,false,S2;S5,7,blue_standard,/home/yuehe/cjn/lisence-plate-forgery/data/images/IPC_2025-08-08.11.51.21.3420.jpg,/home/yuehe/cjn/lisence-plate-forgery/outputs/annotation-remaining1363-local-v3_20260825_210051/IPC_2025-08-08.11.51.21.3420/03_rectified.jpg,,2026-08-25T22:59:43+08:00
IPC_2025-08-08.11.51.30.4160,suspicious,2;5,,,false,S2;S5,7,blue_standard,/home/yuehe/cjn/lisence-plate-forgery/data/images/IPC_2025-08-08.11.51.30.4160.jpg,/home/yuehe/cjn/lisence-plate-forgery/outputs/annotation-remaining1363-local-v3_20260825_210051/IPC_2025-08-08.11.51.30.4160/03_rectified.jpg,,2026-08-25T22:59:48+08:00
IPC_2025-08-08.11.52.40.3330,clear,,,,false,,7,blue_standard,/home/yuehe/cjn/lisence-plate-forgery/data/images/IPC_2025-08-08.11.52.40.3330.jpg,/home/yuehe/cjn/lisence-plate-forgery/outputs/annotation-remaining1363-local-v3_20260825_210051/IPC_2025-08-08.11.52.40.3330/03_rectified.jpg,,2026-08-25T22:59:50+08:00
IPC_2025-08-08.11.52.43.2440,clear,,,,false,,7,blue_standard,/home/yuehe/cjn/lisence-plate-forgery/data/images/IPC_2025-08-08.11.52.43.2440.jpg,/home/yuehe/cjn/lisence-plate-forgery/outputs/annotation-remaining1363-local-v3_20260825_210051/IPC_2025-08-08.11.52.43.2440/03_rectified.jpg,,2026-08-25T22:59:52+08:00
IPC_2025-08-08.11.52.45.2530,clear,,,,false,,7,blue_standard,/home/yuehe/cjn/lisence-plate-forgery/data/images/IPC_2025-08-08.11.52.45.2530.jpg,/home/yuehe/cjn/lisence-plate-forgery/outputs/annotation-remaining1363-local-v3_20260825_210051/IPC_2025-08-08.11.52.45.2530/03_rectified.jpg,,2026-08-25T22:59:55+08:00
IPC_2025-08-08.11.52.49.5280,clear,,,,false,,7,blue_standard,/home/yuehe/cjn/lisence-plate-forgery/data/images/IPC_2025-08-08.11.52.49.5280.jpg,/home/yuehe/cjn/lisence-plate-forgery/outputs/annotation-remaining1363-local-v3_20260825_210051/IPC_2025-08-08.11.52.49.5280/03_rectified.jpg,,2026-08-25T22:59:58+08:00
IPC_2025-08-08.11.52.53.3660,clear,,,,false,,7,blue_standard,/home/yuehe/cjn/lisence-plate-forgery/data/images/IPC_2025-08-08.11.52.53.3660.jpg,/home/yuehe/cjn/lisence-plate-forgery/outputs/annotation-remaining1363-local-v3_20260825_210051/IPC_2025-08-08.11.52.53.3660/03_rectified.jpg,,2026-08-25T23:00:01+08:00
IPC_2025-08-08.11.52.55.7290,clear,,,,false,,7,blue_standard,/home/yuehe/cjn/lisence-plate-forgery/data/images/IPC_2025-08-08.11.52.55.7290.jpg,/home/yuehe/cjn/lisence-plate-forgery/outputs/annotation-remaining1363-local-v3_20260825_210051/IPC_2025-08-08.11.52.55.7290/03_rectified.jpg,,2026-08-25T23:00:05+08:00
IPC_2025-08-08.11.53.00.1700,clear,,,,false,,7,blue_standard,/home/yuehe/cjn/lisence-plate-forgery/data/images/IPC_2025-08-08.11.53.00.1700.jpg,/home/yuehe/cjn/lisence-plate-forgery/outputs/annotation-remaining1363-local-v3_20260825_210051/IPC_2025-08-08.11.53.00.1700/03_rectified.jpg,,2026-08-25T23:00:08+08:00
IPC_2025-08-08.11.53.04.9120,clear,,,,false,,7,blue_standard,/home/yuehe/cjn/lisence-plate-forgery/data/images/IPC_2025-08-08.11.53.04.9120.jpg,/home/yuehe/cjn/lisence-plate-forgery/outputs/annotation-remaining1363-local-v3_20260825_210051/IPC_2025-08-08.11.53.04.9120/03_rectified.jpg,,2026-08-25T23:00:10+08:00
IPC_2025-08-08.11.53.19.3520,suspicious,4,,,false,S4,7,blue_standard,/home/yuehe/cjn/lisence-plate-forgery/data/images/IPC_2025-08-08.11.53.19.3520.jpg,/home/yuehe/cjn/lisence-plate-forgery/outputs/annotation-remaining1363-local-v3_20260825_210051/IPC_2025-08-08.11.53.19.3520/03_rectified.jpg,,2026-08-25T23:00:15+08:00
IPC_2025-08-08.11.53.23.9810,suspicious,4,,,false,S4,7,blue_standard,/home/yuehe/cjn/lisence-plate-forgery/data/images/IPC_2025-08-08.11.53.23.9810.jpg,/home/yuehe/cjn/lisence-plate-forgery/outputs/annotation-remaining1363-local-v3_20260825_210051/IPC_2025-08-08.11.53.23.9810/03_rectified.jpg,,2026-08-25T23:00:17+08:00
IPC_2025-08-08.11.53.27.0100,suspicious,4,,,false,S4,7,blue_standard,/home/yuehe/cjn/lisence-plate-forgery/data/images/IPC_2025-08-08.11.53.27.0100.jpg,/home/yuehe/cjn/lisence-plate-forgery/outputs/annotation-remaining1363-local-v3_20260825_210051/IPC_2025-08-08.11.53.27.0100/03_rectified.jpg,,2026-08-25T23:00:19+08:00
IPC_2025-08-08.11.53.37.6100,suspicious,4;5,,,false,S4;S5,7,blue_standard,/home/yuehe/cjn/lisence-plate-forgery/data/images/IPC_2025-08-08.11.53.37.6100.jpg,/home/yuehe/cjn/lisence-plate-forgery/outputs/annotation-remaining1363-local-v3_20260825_210051/IPC_2025-08-08.11.53.37.6100/03_rectified.jpg,,2026-08-25T23:00:24+08:00
IPC_2025-08-08.11.53.41.2510,suspicious,4;5,,,false,S4;S5,7,blue_standard,/home/yuehe/cjn/lisence-plate-forgery/data/images/IPC_2025-08-08.11.53.41.2510.jpg,/home/yuehe/cjn/lisence-plate-forgery/outputs/annotation-remaining1363-local-v3_20260825_210051/IPC_2025-08-08.11.53.41.2510/03_rectified.jpg,,2026-08-25T23:00:28+08:00
IPC_2025-08-08.11.53.44.1650,suspicious,4;5,,,false,S4;S5,7,blue_standard,/home/yuehe/cjn/lisence-plate-forgery/data/images/IPC_2025-08-08.11.53.44.1650.jpg,/home/yuehe/cjn/lisence-plate-forgery/outputs/annotation-remaining1363-local-v3_20260825_210051/IPC_2025-08-08.11.53.44.1650/03_rectified.jpg,,2026-08-25T23:00:31+08:00
IPC_2025-08-08.11.53.58.3800,suspicious,4;5;6,,,false,S4;S5;S6,7,blue_standard,/home/yuehe/cjn/lisence-plate-forgery/data/images/IPC_2025-08-08.11.53.58.3800.jpg,/home/yuehe/cjn/lisence-plate-forgery/outputs/annotation-remaining1363-local-v3_20260825_210051/IPC_2025-08-08.11.53.58.3800/03_rectified.jpg,,2026-08-25T23:01:51+08:00
IPC_2025-08-08.11.54.03.1429,suspicious,4;5;6,,,false,S4;S5;S6,7,blue_standard,/home/yuehe/cjn/lisence-plate-forgery/data/images/IPC_2025-08-08.11.54.03.1429.jpg,/home/yuehe/cjn/lisence-plate-forgery/outputs/annotation-remaining1363-local-v3_20260825_210051/IPC_2025-08-08.11.54.03.1429/03_rectified.jpg,,2026-08-25T23:02:27+08:00
IPC_2025-08-08.11.54.05.6959,clear,,,,false,,7,blue_standard,/home/yuehe/cjn/lisence-plate-forgery/data/images/IPC_2025-08-08.11.54.05.6959.jpg,/home/yuehe/cjn/lisence-plate-forgery/outputs/annotation-remaining1363-local-v3_20260825_210051/IPC_2025-08-08.11.54.05.6959/03_rectified.jpg,,2026-08-25T23:00:37+08:00
IPC_2025-08-08.11.54.07.5900,suspicious,4;5;6,,,false,S4;S5;S6,7,blue_standard,/home/yuehe/cjn/lisence-plate-forgery/data/images/IPC_2025-08-08.11.54.07.5900.jpg,/home/yuehe/cjn/lisence-plate-forgery/outputs/annotation-remaining1363-local-v3_20260825_210051/IPC_2025-08-08.11.54.07.5900/03_rectified.jpg,,2026-08-25T23:02:50+08:00
IPC_2025-08-08.11.54.09.3750,clear,,,,false,,7,blue_standard,/home/yuehe/cjn/lisence-plate-forgery/data/images/IPC_2025-08-08.11.54.09.3750.jpg,/home/yuehe/cjn/lisence-plate-forgery/outputs/annotation-remaining1363-local-v3_20260825_210051/IPC_2025-08-08.11.54.09.3750/03_rectified.jpg,,2026-08-25T23:00:46+08:00
IPC_2025-08-08.11.54.12.3610,clear,,,,false,,7,blue_standard,/home/yuehe/cjn/lisence-plate-forgery/data/images/IPC_2025-08-08.11.54.12.3610.jpg,/home/yuehe/cjn/lisence-plate-forgery/outputs/annotation-remaining1363-local-v3_20260825_210051/IPC_2025-08-08.11.54.12.3610/03_rectified.jpg,,2026-08-25T23:00:51+08:00
IPC_2025-08-08.11.54.12.5980,suspicious,4;5;6,,,false,S4;S5;S6,7,blue_standard,/home/yuehe/cjn/lisence-plate-forgery/data/images/IPC_2025-08-08.11.54.12.5980.jpg,/home/yuehe/cjn/lisence-plate-forgery/outputs/annotation-remaining1363-local-v3_20260825_210051/IPC_2025-08-08.11.54.12.5980/03_rectified.jpg,,2026-08-25T23:03:10+08:00
IPC_2025-08-08.11.54.15.1250,clear,,,,false,,7,blue_standard,/home/yuehe/cjn/lisence-plate-forgery/data/images/IPC_2025-08-08.11.54.15.1250.jpg,/home/yuehe/cjn/lisence-plate-forgery/outputs/annotation-remaining1363-local-v3_20260825_210051/IPC_2025-08-08.11.54.15.1250/03_rectified.jpg,,2026-08-25T23:01:06+08:00
IPC_2025-08-08.11.54.17.7970,clear,,,,false,,7,blue_standard,/home/yuehe/cjn/lisence-plate-forgery/data/images/IPC_2025-08-08.11.54.17.7970.jpg,/home/yuehe/cjn/lisence-plate-forgery/outputs/annotation-remaining1363-local-v3_20260825_210051/IPC_2025-08-08.11.54.17.7970/03_rectified.jpg,,2026-08-25T23:01:09+08:00
IPC_2025-08-08.11.54.23.2520,clear,,,,false,,7,blue_standard,/home/yuehe/cjn/lisence-plate-forgery/data/images/IPC_2025-08-08.11.54.23.2520.jpg,/home/yuehe/cjn/lisence-plate-forgery/outputs/annotation-remaining1363-local-v3_20260825_210051/IPC_2025-08-08.11.54.23.2520/03_rectified.jpg,,2026-08-25T23:01:11+08:00
IPC_2025-08-08.11.54.31.4260,clear,,,,false,,7,blue_standard,/home/yuehe/cjn/lisence-plate-forgery/data/images/IPC_2025-08-08.11.54.31.4260.jpg,/home/yuehe/cjn/lisence-plate-forgery/outputs/annotation-remaining1363-local-v3_20260825_210051/IPC_2025-08-08.11.54.31.4260/03_rectified.jpg,,2026-08-25T23:01:12+08:00
IPC_2025-08-08.11.54.33.2710,suspicious,2;4;5;6,,,false,S2;S4;S5;S6,7,blue_standard,/home/yuehe/cjn/lisence-plate-forgery/data/images/IPC_2025-08-08.11.54.33.2710.jpg,/home/yuehe/cjn/lisence-plate-forgery/outputs/annotation-remaining1363-local-v3_20260825_210051/IPC_2025-08-08.11.54.33.2710/03_rectified.jpg,,2026-08-25T23:03:29+08:00
IPC_2025-08-08.11.54.36.9820,suspicious,2;4;5;6,,,false,S2;S4;S5;S6,7,blue_standard,/home/yuehe/cjn/lisence-plate-forgery/data/images/IPC_2025-08-08.11.54.36.9820.jpg,/home/yuehe/cjn/lisence-plate-forgery/outputs/annotation-remaining1363-local-v3_20260825_210051/IPC_2025-08-08.11.54.36.9820/03_rectified.jpg,,2026-08-25T23:03:32+08:00
IPC_2025-08-08.11.54.40.2150,suspicious,2;4;5;6,,,false,S2;S4;S5;S6,7,blue_standard,/home/yuehe/cjn/lisence-plate-forgery/data/images/IPC_2025-08-08.11.54.40.2150.jpg,/home/yuehe/cjn/lisence-plate-forgery/outputs/annotation-remaining1363-local-v3_20260825_210051/IPC_2025-08-08.11.54.40.2150/03_rectified.jpg,,2026-08-25T23:03:38+08:00
IPC_2025-08-08.11.54.40.4560,suspicious,2;4;5;6,,,false,S2;S4;S5;S6,7,blue_standard,/home/yuehe/cjn/lisence-plate-forgery/data/images/IPC_2025-08-08.11.54.40.4560.jpg,/home/yuehe/cjn/lisence-plate-forgery/outputs/annotation-remaining1363-local-v3_20260825_210051/IPC_2025-08-08.11.54.40.4560/03_rectified.jpg,,2026-08-25T23:03:43+08:00
IPC_2025-08-08.11.54.41.1960,clear,,,,false,,7,blue_standard,/home/yuehe/cjn/lisence-plate-forgery/data/images/IPC_2025-08-08.11.54.41.1960.jpg,/home/yuehe/cjn/lisence-plate-forgery/outputs/annotation-remaining1363-local-v3_20260825_210051/IPC_2025-08-08.11.54.41.1960/03_rectified.jpg,,2026-08-25T23:03:47+08:00
IPC_2025-08-08.11.54.50.4420,clear,,,,false,,7,blue_standard,/home/yuehe/cjn/lisence-plate-forgery/data/images/IPC_2025-08-08.11.54.50.4420.jpg,/home/yuehe/cjn/lisence-plate-forgery/outputs/annotation-remaining1363-local-v3_20260825_210051/IPC_2025-08-08.11.54.50.4420/03_rectified.jpg,,2026-08-25T23:03:49+08:00
IPC_2025-08-08.11.54.52.7650,suspicious,2;4;5;6,,,false,S2;S4;S5;S6,7,blue_standard,/home/yuehe/cjn/lisence-plate-forgery/data/images/IPC_2025-08-08.11.54.52.7650.jpg,/home/yuehe/cjn/lisence-plate-forgery/outputs/annotation-remaining1363-local-v3_20260825_210051/IPC_2025-08-08.11.54.52.7650/03_rectified.jpg,,2026-08-25T23:03:58+08:00
IPC_2025-08-08.11.54.55.7550,clear,,,,false,,7,blue_standard,/home/yuehe/cjn/lisence-plate-forgery/data/images/IPC_2025-08-08.11.54.55.7550.jpg,/home/yuehe/cjn/lisence-plate-forgery/outputs/annotation-remaining1363-local-v3_20260825_210051/IPC_2025-08-08.11.54.55.7550/03_rectified.jpg,,2026-08-25T23:04:00+08:00
IPC_2025-08-08.11.55.00.7840,clear,,,,false,,7,blue_standard,/home/yuehe/cjn/lisence-plate-forgery/data/images/IPC_2025-08-08.11.55.00.7840.jpg,/home/yuehe/cjn/lisence-plate-forgery/outputs/annotation-remaining1363-local-v3_20260825_210051/IPC_2025-08-08.11.55.00.7840/03_rectified.jpg,,2026-08-25T23:04:03+08:00
IPC_2025-08-08.11.55.04.4210,clear,,,,false,,7,blue_standard,/home/yuehe/cjn/lisence-plate-forgery/data/images/IPC_2025-08-08.11.55.04.4210.jpg,/home/yuehe/cjn/lisence-plate-forgery/outputs/annotation-remaining1363-local-v3_20260825_210051/IPC_2025-08-08.11.55.04.4210/03_rectified.jpg,,2026-08-25T23:04:06+08:00
IPC_2025-08-08.11.55.06.8040,clear,,,,false,,7,blue_standard,/home/yuehe/cjn/lisence-plate-forgery/data/images/IPC_2025-08-08.11.55.06.8040.jpg,/home/yuehe/cjn/lisence-plate-forgery/outputs/annotation-remaining1363-local-v3_20260825_210051/IPC_2025-08-08.11.55.06.8040/03_rectified.jpg,,2026-08-25T23:04:09+08:00
IPC_2025-08-08.11.55.11.3520,clear,,,,false,,7,blue_standard,/home/yuehe/cjn/lisence-plate-forgery/data/images/IPC_2025-08-08.11.55.11.3520.jpg,/home/yuehe/cjn/lisence-plate-forgery/outputs/annotation-remaining1363-local-v3_20260825_210051/IPC_2025-08-08.11.55.11.3520/03_rectified.jpg,,2026-08-25T23:04:12+08:00
IPC_2025-08-08.11.55.18.9060,clear,,,,false,,7,blue_standard,/home/yuehe/cjn/lisence-plate-forgery/data/images/IPC_2025-08-08.11.55.18.9060.jpg,/home/yuehe/cjn/lisence-plate-forgery/outputs/annotation-remaining1363-local-v3_20260825_210051/IPC_2025-08-08.11.55.18.9060/03_rectified.jpg,,2026-08-25T23:04:14+08:00
IPC_2025-08-08.11.55.25.9850,clear,,,,false,,7,blue_standard,/home/yuehe/cjn/lisence-plate-forgery/data/images/IPC_2025-08-08.11.55.25.9850.jpg,/home/yuehe/cjn/lisence-plate-forgery/outputs/annotation-remaining1363-local-v3_20260825_210051/IPC_2025-08-08.11.55.25.9850/03_rectified.jpg,,2026-08-25T23:04:16+08:00
IPC_2025-08-08.11.55.37.2980,clear,,,,false,,7,blue_standard,/home/yuehe/cjn/lisence-plate-forgery/data/images/IPC_2025-08-08.11.55.37.2980.jpg,/home/yuehe/cjn/lisence-plate-forgery/outputs/annotation-remaining1363-local-v3_20260825_210051/IPC_2025-08-08.11.55.37.2980/03_rectified.jpg,,2026-08-25T23:04:18+08:00
IPC_2025-08-08.11.55.39.4590,clear,,,,false,,7,blue_standard,/home/yuehe/cjn/lisence-plate-forgery/data/images/IPC_2025-08-08.11.55.39.4590.jpg,/home/yuehe/cjn/lisence-plate-forgery/outputs/annotation-remaining1363-local-v3_20260825_210051/IPC_2025-08-08.11.55.39.4590/03_rectified.jpg,,2026-08-25T23:04:21+08:00
IPC_2025-08-08.11.55.44.5610,clear,,,,false,,7,blue_standard,/home/yuehe/cjn/lisence-plate-forgery/data/images/IPC_2025-08-08.11.55.44.5610.jpg,/home/yuehe/cjn/lisence-plate-forgery/outputs/annotation-remaining1363-local-v3_20260825_210051/IPC_2025-08-08.11.55.44.5610/03_rectified.jpg,,2026-08-25T23:04:22+08:00
IPC_2025-08-08.11.55.51.0090,suspicious,7,,,false,S7,7,blue_standard,/home/yuehe/cjn/lisence-plate-forgery/data/images/IPC_2025-08-08.11.55.51.0090.jpg,/home/yuehe/cjn/lisence-plate-forgery/outputs/annotation-remaining1363-local-v3_20260825_210051/IPC_2025-08-08.11.55.51.0090/03_rectified.jpg,,2026-08-25T23:04:25+08:00
IPC_2025-08-08.11.55.51.1130,clear,,,,false,,7,blue_standard,/home/yuehe/cjn/lisence-plate-forgery/data/images/IPC_2025-08-08.11.55.51.1130.jpg,/home/yuehe/cjn/lisence-plate-forgery/outputs/annotation-remaining1363-local-v3_20260825_210051/IPC_2025-08-08.11.55.51.1130/03_rectified.jpg,,2026-08-25T23:04:28+08:00
IPC_2025-08-08.11.55.55.8830,clear,,,,false,,7,blue_standard,/home/yuehe/cjn/lisence-plate-forgery/data/images/IPC_2025-08-08.11.55.55.8830.jpg,/home/yuehe/cjn/lisence-plate-forgery/outputs/annotation-remaining1363-local-v3_20260825_210051/IPC_2025-08-08.11.55.55.8830/03_rectified.jpg,,2026-08-25T23:04:31+08:00
IPC_2025-08-08.11.56.00.8220,suspicious,7,,,false,S7,7,blue_standard,/home/yuehe/cjn/lisence-plate-forgery/data/images/IPC_2025-08-08.11.56.00.8220.jpg,/home/yuehe/cjn/lisence-plate-forgery/outputs/annotation-remaining1363-local-v3_20260825_210051/IPC_2025-08-08.11.56.00.8220/03_rectified.jpg,,2026-08-25T23:04:34+08:00
IPC_2025-08-08.11.56.11.0570,suspicious,7,,,false,S7,7,blue_standard,/home/yuehe/cjn/lisence-plate-forgery/data/images/IPC_2025-08-08.11.56.11.0570.jpg,/home/yuehe/cjn/lisence-plate-forgery/outputs/annotation-remaining1363-local-v3_20260825_210051/IPC_2025-08-08.11.56.11.0570/03_rectified.jpg,,2026-08-25T23:04:37+08:00
IPC_2025-08-08.11.56.16.0040,clear,,,,false,,7,blue_standard,/home/yuehe/cjn/lisence-plate-forgery/data/images/IPC_2025-08-08.11.56.16.0040.jpg,/home/yuehe/cjn/lisence-plate-forgery/outputs/annotation-remaining1363-local-v3_20260825_210051/IPC_2025-08-08.11.56.16.0040/03_rectified.jpg,,2026-08-25T23:04:41+08:00
IPC_2025-08-08.11.56.25.2320,suspicious,3;7,,,false,S3;S7,7,blue_standard,/home/yuehe/cjn/lisence-plate-forgery/data/images/IPC_2025-08-08.11.56.25.2320.jpg,/home/yuehe/cjn/lisence-plate-forgery/outputs/annotation-remaining1363-local-v3_20260825_210051/IPC_2025-08-08.11.56.25.2320/03_rectified.jpg,,2026-08-25T23:04:48+08:00
IPC_2025-08-08.11.56.28.7790,clear,,,,false,,7,blue_standard,/home/yuehe/cjn/lisence-plate-forgery/data/images/IPC_2025-08-08.11.56.28.7790.jpg,/home/yuehe/cjn/lisence-plate-forgery/outputs/annotation-remaining1363-local-v3_20260825_210051/IPC_2025-08-08.11.56.28.7790/03_rectified.jpg,,2026-08-25T23:04:52+08:00
IPC_2025-08-08.11.56.30.4720,suspicious,3;7,,,false,S3;S7,7,blue_standard,/home/yuehe/cjn/lisence-plate-forgery/data/images/IPC_2025-08-08.11.56.30.4720.jpg,/home/yuehe/cjn/lisence-plate-forgery/outputs/annotation-remaining1363-local-v3_20260825_210051/IPC_2025-08-08.11.56.30.4720/03_rectified.jpg,,2026-08-25T23:04:58+08:00
IPC_2025-08-08.11.56.31.8179,clear,,,,false,,7,blue_standard,/home/yuehe/cjn/lisence-plate-forgery/data/images/IPC_2025-08-08.11.56.31.8179.jpg,/home/yuehe/cjn/lisence-plate-forgery/outputs/annotation-remaining1363-local-v3_20260825_210051/IPC_2025-08-08.11.56.31.8179/03_rectified.jpg,,2026-08-25T23:05:00+08:00
IPC_2025-08-08.11.56.35.5040,suspicious,3;7,,,false,S3;S7,7,blue_standard,/home/yuehe/cjn/lisence-plate-forgery/data/images/IPC_2025-08-08.11.56.35.5040.jpg,/home/yuehe/cjn/lisence-plate-forgery/outputs/annotation-remaining1363-local-v3_20260825_210051/IPC_2025-08-08.11.56.35.5040/03_rectified.jpg,,2026-08-25T23:05:04+08:00
IPC_2025-08-08.11.56.36.3310,clear,,,,false,,7,blue_standard,/home/yuehe/cjn/lisence-plate-forgery/data/images/IPC_2025-08-08.11.56.36.3310.jpg,/home/yuehe/cjn/lisence-plate-forgery/outputs/annotation-remaining1363-local-v3_20260825_210051/IPC_2025-08-08.11.56.36.3310/03_rectified.jpg,,2026-08-25T23:05:07+08:00
IPC_2025-08-08.11.56.38.7390,clear,,,,false,,7,blue_standard,/home/yuehe/cjn/lisence-plate-forgery/data/images/IPC_2025-08-08.11.56.38.7390.jpg,/home/yuehe/cjn/lisence-plate-forgery/outputs/annotation-remaining1363-local-v3_20260825_210051/IPC_2025-08-08.11.56.38.7390/03_rectified.jpg,,2026-08-25T23:05:13+08:00
IPC_2025-08-08.11.56.42.2100,clear,,,,false,,7,blue_standard,/home/yuehe/cjn/lisence-plate-forgery/data/images/IPC_2025-08-08.11.56.42.2100.jpg,/home/yuehe/cjn/lisence-plate-forgery/outputs/annotation-remaining1363-local-v3_20260825_210051/IPC_2025-08-08.11.56.42.2100/03_rectified.jpg,,2026-08-25T23:05:16+08:00
IPC_2025-08-08.11.56.52.8930,clear,,,,false,,7,blue_standard,/home/yuehe/cjn/lisence-plate-forgery/data/images/IPC_2025-08-08.11.56.52.8930.jpg,/home/yuehe/cjn/lisence-plate-forgery/outputs/annotation-remaining1363-local-v3_20260825_210051/IPC_2025-08-08.11.56.52.8930/03_rectified.jpg,,2026-08-25T23:05:19+08:00
IPC_2025-08-08.11.57.00.8460,suspicious,3;5;7,,,false,S3;S5;S7,7,blue_standard,/home/yuehe/cjn/lisence-plate-forgery/data/images/IPC_2025-08-08.11.57.00.8460.jpg,/home/yuehe/cjn/lisence-plate-forgery/outputs/annotation-remaining1363-local-v3_20260825_210051/IPC_2025-08-08.11.57.00.8460/03_rectified.jpg,,2026-08-25T23:05:26+08:00
IPC_2025-08-08.11.57.04.4210,clear,,,,false,,7,blue_standard,/home/yuehe/cjn/lisence-plate-forgery/data/images/IPC_2025-08-08.11.57.04.4210.jpg,/home/yuehe/cjn/lisence-plate-forgery/outputs/annotation-remaining1363-local-v3_20260825_210051/IPC_2025-08-08.11.57.04.4210/03_rectified.jpg,,2026-08-25T23:05:29+08:00
IPC_2025-08-08.11.57.06.0950,suspicious,3;5;7,,,false,S3;S5;S7,7,blue_standard,/home/yuehe/cjn/lisence-plate-forgery/data/images/IPC_2025-08-08.11.57.06.0950.jpg,/home/yuehe/cjn/lisence-plate-forgery/outputs/annotation-remaining1363-local-v3_20260825_210051/IPC_2025-08-08.11.57.06.0950/03_rectified.jpg,,2026-08-25T23:05:34+08:00
IPC_2025-08-08.11.57.11.8470,suspicious,3;5;7,,,false,S3;S5;S7,7,blue_standard,/home/yuehe/cjn/lisence-plate-forgery/data/images/IPC_2025-08-08.11.57.11.8470.jpg,/home/yuehe/cjn/lisence-plate-forgery/outputs/annotation-remaining1363-local-v3_20260825_210051/IPC_2025-08-08.11.57.11.8470/03_rectified.jpg,,2026-08-25T23:05:38+08:00
IPC_2025-08-08.11.57.26.3710,clear,,,,false,,7,blue_standard,/home/yuehe/cjn/lisence-plate-forgery/data/images/IPC_2025-08-08.11.57.26.3710.jpg,/home/yuehe/cjn/lisence-plate-forgery/outputs/annotation-remaining1363-local-v3_20260825_210051/IPC_2025-08-08.11.57.26.3710/03_rectified.jpg,,2026-08-25T23:05:42+08:00
IPC_2025-08-08.11.57.28.6280,clear,,,,false,,7,blue_standard,/home/yuehe/cjn/lisence-plate-forgery/data/images/IPC_2025-08-08.11.57.28.6280.jpg,/home/yuehe/cjn/lisence-plate-forgery/outputs/annotation-remaining1363-local-v3_20260825_210051/IPC_2025-08-08.11.57.28.6280/03_rectified.jpg,,2026-08-25T23:08:29+08:00
IPC_2025-08-08.11.57.31.6340,clear,,,,false,,7,blue_standard,/home/yuehe/cjn/lisence-plate-forgery/data/images/IPC_2025-08-08.11.57.31.6340.jpg,/home/yuehe/cjn/lisence-plate-forgery/outputs/annotation-remaining1363-local-v3_20260825_210051/IPC_2025-08-08.11.57.31.6340/03_rectified.jpg,,2026-08-25T23:08:31+08:00
IPC_2025-08-08.11.57.34.8290,clear,,,,false,,7,blue_standard,/home/yuehe/cjn/lisence-plate-forgery/data/images/IPC_2025-08-08.11.57.34.8290.jpg,/home/yuehe/cjn/lisence-plate-forgery/outputs/annotation-remaining1363-local-v3_20260825_210051/IPC_2025-08-08.11.57.34.8290/03_rectified.jpg,,2026-08-25T23:08:32+08:00
IPC_2025-08-08.11.57.40.2580,clear,,,,false,,7,blue_standard,/home/yuehe/cjn/lisence-plate-forgery/data/images/IPC_2025-08-08.11.57.40.2580.jpg,/home/yuehe/cjn/lisence-plate-forgery/outputs/annotation-remaining1363-local-v3_20260825_210051/IPC_2025-08-08.11.57.40.2580/03_rectified.jpg,,2026-08-25T23:08:35+08:00
IPC_2025-08-08.11.57.45.4790,clear,,,,false,,7,blue_standard,/home/yuehe/cjn/lisence-plate-forgery/data/images/IPC_2025-08-08.11.57.45.4790.jpg,/home/yuehe/cjn/lisence-plate-forgery/outputs/annotation-remaining1363-local-v3_20260825_210051/IPC_2025-08-08.11.57.45.4790/03_rectified.jpg,,2026-08-25T23:08:37+08:00
IPC_2025-08-08.11.57.45.7410,suspicious,4,,,false,S4,7,blue_standard,/home/yuehe/cjn/lisence-plate-forgery/data/images/IPC_2025-08-08.11.57.45.7410.jpg,/home/yuehe/cjn/lisence-plate-forgery/outputs/annotation-remaining1363-local-v3_20260825_210051/IPC_2025-08-08.11.57.45.7410/03_rectified.jpg,,2026-08-25T23:08:43+08:00
IPC_2025-08-08.11.57.49.5240,clear,,,,false,,7,blue_standard,/home/yuehe/cjn/lisence-plate-forgery/data/images/IPC_2025-08-08.11.57.49.5240.jpg,/home/yuehe/cjn/lisence-plate-forgery/outputs/annotation-remaining1363-local-v3_20260825_210051/IPC_2025-08-08.11.57.49.5240/03_rectified.jpg,,2026-08-25T23:09:05+08:00
IPC_2025-08-08.11.57.50.0820,suspicious,4,,,false,S4,7,blue_standard,/home/yuehe/cjn/lisence-plate-forgery/data/images/IPC_2025-08-08.11.57.50.0820.jpg,/home/yuehe/cjn/lisence-plate-forgery/outputs/annotation-remaining1363-local-v3_20260825_210051/IPC_2025-08-08.11.57.50.0820/03_rectified.jpg,,2026-08-25T23:09:08+08:00
IPC_2025-08-08.11.57.53.1500,suspicious,4,,,false,S4,7,blue_standard,/home/yuehe/cjn/lisence-plate-forgery/data/images/IPC_2025-08-08.11.57.53.1500.jpg,/home/yuehe/cjn/lisence-plate-forgery/outputs/annotation-remaining1363-local-v3_20260825_210051/IPC_2025-08-08.11.57.53.1500/03_rectified.jpg,,2026-08-25T23:09:10+08:00
IPC_2025-08-08.11.57.56.4690,suspicious,4,,,false,S4,7,blue_standard,/home/yuehe/cjn/lisence-plate-forgery/data/images/IPC_2025-08-08.11.57.56.4690.jpg,/home/yuehe/cjn/lisence-plate-forgery/outputs/annotation-remaining1363-local-v3_20260825_210051/IPC_2025-08-08.11.57.56.4690/03_rectified.jpg,,2026-08-25T23:09:13+08:00
IPC_2025-08-08.11.58.10.5840,suspicious,4;7,,,false,S4;S7,7,blue_standard,/home/yuehe/cjn/lisence-plate-forgery/data/images/IPC_2025-08-08.11.58.10.5840.jpg,/home/yuehe/cjn/lisence-plate-forgery/outputs/annotation-remaining1363-local-v3_20260825_210051/IPC_2025-08-08.11.58.10.5840/03_rectified.jpg,,2026-08-25T23:09:17+08:00
IPC_2025-08-08.11.58.23.2320,suspicious,4;7,,,false,S4;S7,7,blue_standard,/home/yuehe/cjn/lisence-plate-forgery/data/images/IPC_2025-08-08.11.58.23.2320.jpg,/home/yuehe/cjn/lisence-plate-forgery/outputs/annotation-remaining1363-local-v3_20260825_210051/IPC_2025-08-08.11.58.23.2320/03_rectified.jpg,,2026-08-25T23:09:21+08:00
IPC_2025-08-08.11.58.49.1000,suspicious,3;4;7,,,false,S3;S4;S7,7,blue_standard,/home/yuehe/cjn/lisence-plate-forgery/data/images/IPC_2025-08-08.11.58.49.1000.jpg,/home/yuehe/cjn/lisence-plate-forgery/outputs/annotation-remaining1363-local-v3_20260825_210051/IPC_2025-08-08.11.58.49.1000/03_rectified.jpg,,2026-08-25T23:09:25+08:00
IPC_2025-08-08.11.58.52.9400,suspicious,3;4;7,,,false,S3;S4;S7,7,blue_standard,/home/yuehe/cjn/lisence-plate-forgery/data/images/IPC_2025-08-08.11.58.52.9400.jpg,/home/yuehe/cjn/lisence-plate-forgery/outputs/annotation-remaining1363-local-v3_20260825_210051/IPC_2025-08-08.11.58.52.9400/03_rectified.jpg,,2026-08-25T23:09:28+08:00
IPC_2025-08-08.11.58.56.9880,suspicious,3;4;7,,,false,S3;S4;S7,7,blue_standard,/home/yuehe/cjn/lisence-plate-forgery/data/images/IPC_2025-08-08.11.58.56.9880.jpg,/home/yuehe/cjn/lisence-plate-forgery/outputs/annotation-remaining1363-local-v3_20260825_210051/IPC_2025-08-08.11.58.56.9880/03_rectified.jpg,,2026-08-25T23:09:31+08:00
IPC_2025-08-08.11.58.59.9400,suspicious,3;4;7,,,false,S3;S4;S7,7,blue_standard,/home/yuehe/cjn/lisence-plate-forgery/data/images/IPC_2025-08-08.11.58.59.9400.jpg,/home/yuehe/cjn/lisence-plate-forgery/outputs/annotation-remaining1363-local-v3_20260825_210051/IPC_2025-08-08.11.58.59.9400/03_rectified.jpg,,2026-08-25T23:09:36+08:00
IPC_2025-08-08.11.59.36.7500,clear,,,,false,,7,blue_standard,/home/yuehe/cjn/lisence-plate-forgery/data/images/IPC_2025-08-08.11.59.36.7500.jpg,/home/yuehe/cjn/lisence-plate-forgery/outputs/annotation-remaining1363-local-v3_20260825_210051/IPC_2025-08-08.11.59.36.7500/03_rectified.jpg,,2026-08-25T23:09:39+08:00
IPC_2025-08-08.11.59.40.3200,clear,,,,false,,7,blue_standard,/home/yuehe/cjn/lisence-plate-forgery/data/images/IPC_2025-08-08.11.59.40.3200.jpg,/home/yuehe/cjn/lisence-plate-forgery/outputs/annotation-remaining1363-local-v3_20260825_210051/IPC_2025-08-08.11.59.40.3200/03_rectified.jpg,,2026-08-25T23:09:41+08:00
IPC_2025-08-08.11.59.48.1310,clear,,,,false,,7,blue_standard,/home/yuehe/cjn/lisence-plate-forgery/data/images/IPC_2025-08-08.11.59.48.1310.jpg,/home/yuehe/cjn/lisence-plate-forgery/outputs/annotation-remaining1363-local-v3_20260825_210051/IPC_2025-08-08.11.59.48.1310/03_rectified.jpg,,2026-08-25T23:27:01+08:00
IPC_2025-08-08.11.59.52.9530,suspicious,4,,,false,S4,7,blue_standard,/home/yuehe/cjn/lisence-plate-forgery/data/images/IPC_2025-08-08.11.59.52.9530.jpg,/home/yuehe/cjn/lisence-plate-forgery/outputs/annotation-remaining1363-local-v3_20260825_210051/IPC_2025-08-08.11.59.52.9530/03_rectified.jpg,,2026-08-25T23:27:07+08:00
IPC_2025-08-08.11.59.56.8680,suspicious,4,,,false,S4,7,blue_standard,/home/yuehe/cjn/lisence-plate-forgery/data/images/IPC_2025-08-08.11.59.56.8680.jpg,/home/yuehe/cjn/lisence-plate-forgery/outputs/annotation-remaining1363-local-v3_20260825_210051/IPC_2025-08-08.11.59.56.8680/03_rectified.jpg,,2026-08-25T23:27:10+08:00
IPC_2025-08-08.12.00.06.7620,suspicious,4,,,false,S4,7,blue_standard,/home/yuehe/cjn/lisence-plate-forgery/data/images/IPC_2025-08-08.12.00.06.7620.jpg,/home/yuehe/cjn/lisence-plate-forgery/outputs/annotation-remaining1363-local-v3_20260825_210051/IPC_2025-08-08.12.00.06.7620/03_rectified.jpg,,2026-08-25T23:27:12+08:00
IPC_2025-08-08.12.00.20.7430,suspicious,4;5,,,false,S4;S5,7,blue_standard,/home/yuehe/cjn/lisence-plate-forgery/data/images/IPC_2025-08-08.12.00.20.7430.jpg,/home/yuehe/cjn/lisence-plate-forgery/outputs/annotation-remaining1363-local-v3_20260825_210051/IPC_2025-08-08.12.00.20.7430/03_rectified.jpg,,2026-08-25T23:27:16+08:00
IPC_2025-08-08.12.00.27.5530,suspicious,4;5,,,false,S4;S5,7,blue_standard,/home/yuehe/cjn/lisence-plate-forgery/data/images/IPC_2025-08-08.12.00.27.5530.jpg,/home/yuehe/cjn/lisence-plate-forgery/outputs/annotation-remaining1363-local-v3_20260825_210051/IPC_2025-08-08.12.00.27.5530/03_rectified.jpg,,2026-08-25T23:27:19+08:00
IPC_2025-08-08.12.00.33.5460,suspicious,4;5,,,false,S4;S5,7,blue_standard,/home/yuehe/cjn/lisence-plate-forgery/data/images/IPC_2025-08-08.12.00.33.5460.jpg,/home/yuehe/cjn/lisence-plate-forgery/outputs/annotation-remaining1363-local-v3_20260825_210051/IPC_2025-08-08.12.00.33.5460/03_rectified.jpg,,2026-08-25T23:27:22+08:00
IPC_2025-08-08.12.00.51.2690,suspicious,4;5,,,false,S4;S5,7,blue_standard,/home/yuehe/cjn/lisence-plate-forgery/data/images/IPC_2025-08-08.12.00.51.2690.jpg,/home/yuehe/cjn/lisence-plate-forgery/outputs/annotation-remaining1363-local-v3_20260825_210051/IPC_2025-08-08.12.00.51.2690/03_rectified.jpg,,2026-08-25T23:27:24+08:00
IPC_2025-08-08.12.00.54.5760,suspicious,4;5,,,false,S4;S5,7,blue_standard,/home/yuehe/cjn/lisence-plate-forgery/data/images/IPC_2025-08-08.12.00.54.5760.jpg,/home/yuehe/cjn/lisence-plate-forgery/outputs/annotation-remaining1363-local-v3_20260825_210051/IPC_2025-08-08.12.00.54.5760/03_rectified.jpg,,2026-08-25T23:27:27+08:00
IPC_2025-08-08.12.01.01.5550,suspicious,4;5;6,,,false,S4;S5;S6,7,blue_standard,/home/yuehe/cjn/lisence-plate-forgery/data/images/IPC_2025-08-08.12.01.01.5550.jpg,/home/yuehe/cjn/lisence-plate-forgery/outputs/annotation-remaining1363-local-v3_20260825_210051/IPC_2025-08-08.12.01.01.5550/03_rectified.jpg,,2026-08-25T23:27:34+08:00
IPC_2025-08-08.12.01.40.2849,clear,,,,false,,7,blue_standard,/home/yuehe/cjn/lisence-plate-forgery/data/images/IPC_2025-08-08.12.01.40.2849.jpg,/home/yuehe/cjn/lisence-plate-forgery/outputs/annotation-remaining1363-local-v3_20260825_210051/IPC_2025-08-08.12.01.40.2849/03_rectified.jpg,,2026-08-25T23:27:37+08:00
IPC_2025-08-08.12.01.53.0340,clear,,,,false,,7,blue_standard,/home/yuehe/cjn/lisence-plate-forgery/data/images/IPC_2025-08-08.12.01.53.0340.jpg,/home/yuehe/cjn/lisence-plate-forgery/outputs/annotation-remaining1363-local-v3_20260825_210051/IPC_2025-08-08.12.01.53.0340/03_rectified.jpg,,2026-08-25T23:27:41+08:00
IPC_2025-08-08.12.02.05.1280,suspicious,5,,,false,S5,7,blue_standard,/home/yuehe/cjn/lisence-plate-forgery/data/images/IPC_2025-08-08.12.02.05.1280.jpg,/home/yuehe/cjn/lisence-plate-forgery/outputs/annotation-remaining1363-local-v3_20260825_210051/IPC_2025-08-08.12.02.05.1280/03_rectified.jpg,,2026-08-25T23:27:46+08:00
IPC_2025-08-08.12.02.06.1490,clear,,,,false,,7,blue_standard,/home/yuehe/cjn/lisence-plate-forgery/data/images/IPC_2025-08-08.12.02.06.1490.jpg,/home/yuehe/cjn/lisence-plate-forgery/outputs/annotation-remaining1363-local-v3_20260825_210051/IPC_2025-08-08.12.02.06.1490/03_rectified.jpg,,2026-08-25T23:27:51+08:00
IPC_2025-08-08.12.02.10.1040,suspicious,5,,,false,S5,7,blue_standard,/home/yuehe/cjn/lisence-plate-forgery/data/images/IPC_2025-08-08.12.02.10.1040.jpg,/home/yuehe/cjn/lisence-plate-forgery/outputs/annotation-remaining1363-local-v3_20260825_210051/IPC_2025-08-08.12.02.10.1040/03_rectified.jpg,,2026-08-25T23:27:54+08:00
IPC_2025-08-08.12.02.17.4560,suspicious,5,,,false,S5,7,blue_standard,/home/yuehe/cjn/lisence-plate-forgery/data/images/IPC_2025-08-08.12.02.17.4560.jpg,/home/yuehe/cjn/lisence-plate-forgery/outputs/annotation-remaining1363-local-v3_20260825_210051/IPC_2025-08-08.12.02.17.4560/03_rectified.jpg,,2026-08-25T23:27:56+08:00
IPC_2025-08-08.12.02.42.2550,suspicious,5;7,,,false,S5;S7,7,blue_standard,/home/yuehe/cjn/lisence-plate-forgery/data/images/IPC_2025-08-08.12.02.42.2550.jpg,/home/yuehe/cjn/lisence-plate-forgery/outputs/annotation-remaining1363-local-v3_20260825_210051/IPC_2025-08-08.12.02.42.2550/03_rectified.jpg,,2026-08-25T23:28:00+08:00
IPC_2025-08-08.12.02.47.1570,suspicious,5;7,,,false,S5;S7,7,blue_standard,/home/yuehe/cjn/lisence-plate-forgery/data/images/IPC_2025-08-08.12.02.47.1570.jpg,/home/yuehe/cjn/lisence-plate-forgery/outputs/annotation-remaining1363-local-v3_20260825_210051/IPC_2025-08-08.12.02.47.1570/03_rectified.jpg,,2026-08-25T23:28:03+08:00
IPC_2025-08-08.12.02.53.4200,suspicious,5;7,,,false,S5;S7,7,blue_standard,/home/yuehe/cjn/lisence-plate-forgery/data/images/IPC_2025-08-08.12.02.53.4200.jpg,/home/yuehe/cjn/lisence-plate-forgery/outputs/annotation-remaining1363-local-v3_20260825_210051/IPC_2025-08-08.12.02.53.4200/03_rectified.jpg,,2026-08-25T23:28:06+08:00
IPC_2025-08-08.12.03.34.2870,suspicious,3;4;5;7,,,false,S3;S4;S5;S7,7,blue_standard,/home/yuehe/cjn/lisence-plate-forgery/data/images/IPC_2025-08-08.12.03.34.2870.jpg,/home/yuehe/cjn/lisence-plate-forgery/outputs/annotation-remaining1363-local-v3_20260825_210051/IPC_2025-08-08.12.03.34.2870/03_rectified.jpg,,2026-08-25T23:28:31+08:00
IPC_2025-08-08.12.03.43.7980,suspicious,3;4;5;7,,,false,S3;S4;S5;S7,7,blue_standard,/home/yuehe/cjn/lisence-plate-forgery/data/images/IPC_2025-08-08.12.03.43.7980.jpg,/home/yuehe/cjn/lisence-plate-forgery/outputs/annotation-remaining1363-local-v3_20260825_210051/IPC_2025-08-08.12.03.43.7980/03_rectified.jpg,,2026-08-25T23:28:57+08:00
IPC_2025-08-08.12.04.08.8400,suspicious,4;5;6;7,,,false,S4;S5;S6;S7,7,blue_standard,/home/yuehe/cjn/lisence-plate-forgery/data/images/IPC_2025-08-08.12.04.08.8400.jpg,/home/yuehe/cjn/lisence-plate-forgery/outputs/annotation-remaining1363-local-v3_20260825_210051/IPC_2025-08-08.12.04.08.8400/03_rectified.jpg,,2026-08-26T00:12:16+08:00
IPC_2025-08-08.12.04.12.9690,suspicious,4;5;6;7,,,false,S4;S5;S6;S7,7,blue_standard,/home/yuehe/cjn/lisence-plate-forgery/data/images/IPC_2025-08-08.12.04.12.9690.jpg,/home/yuehe/cjn/lisence-plate-forgery/outputs/annotation-remaining1363-local-v3_20260825_210051/IPC_2025-08-08.12.04.12.9690/03_rectified.jpg,,2026-08-26T10:03:33+08:00
IPC_2025-08-08.12.04.55.5340,clear,,,,false,,7,blue_standard,/home/yuehe/cjn/lisence-plate-forgery/data/images/IPC_2025-08-08.12.04.55.5340.jpg,/home/yuehe/cjn/lisence-plate-forgery/outputs/annotation-remaining1363-local-v3_20260825_210051/IPC_2025-08-08.12.04.55.5340/03_rectified.jpg,,2026-08-26T10:03:37+08:00
IPC_2025-08-08.12.04.59.0380,clear,,,,false,,7,blue_standard,/home/yuehe/cjn/lisence-plate-forgery/data/images/IPC_2025-08-08.12.04.59.0380.jpg,/home/yuehe/cjn/lisence-plate-forgery/outputs/annotation-remaining1363-local-v3_20260825_210051/IPC_2025-08-08.12.04.59.0380/03_rectified.jpg,,2026-08-26T10:03:40+08:00
IPC_2025-08-08.12.05.04.0010,clear,,,,false,,7,blue_standard,/home/yuehe/cjn/lisence-plate-forgery/data/images/IPC_2025-08-08.12.05.04.0010.jpg,/home/yuehe/cjn/lisence-plate-forgery/outputs/annotation-remaining1363-local-v3_20260825_210051/IPC_2025-08-08.12.05.04.0010/03_rectified.jpg,,2026-08-26T10:03:43+08:00
IPC_2025-08-08.12.05.12.4410,clear,,,,false,,7,blue_standard,/home/yuehe/cjn/lisence-plate-forgery/data/images/IPC_2025-08-08.12.05.12.4410.jpg,/home/yuehe/cjn/lisence-plate-forgery/outputs/annotation-remaining1363-local-v3_20260825_210051/IPC_2025-08-08.12.05.12.4410/03_rectified.jpg,,2026-08-26T10:03:45+08:00
IPC_2025-08-08.12.05.18.3530,clear,,,,false,,7,blue_standard,/home/yuehe/cjn/lisence-plate-forgery/data/images/IPC_2025-08-08.12.05.18.3530.jpg,/home/yuehe/cjn/lisence-plate-forgery/outputs/annotation-remaining1363-local-v3_20260825_210051/IPC_2025-08-08.12.05.18.3530/03_rectified.jpg,,2026-08-26T10:03:51+08:00
IPC_2025-08-08.12.05.18.5010,suspicious,5,,,false,S5,7,blue_standard,/home/yuehe/cjn/lisence-plate-forgery/data/images/IPC_2025-08-08.12.05.18.5010.jpg,/home/yuehe/cjn/lisence-plate-forgery/outputs/annotation-remaining1363-local-v3_20260825_210051/IPC_2025-08-08.12.05.18.5010/03_rectified.jpg,,2026-08-26T10:03:55+08:00
IPC_2025-08-08.12.05.21.6050,clear,,,,false,,7,blue_standard,/home/yuehe/cjn/lisence-plate-forgery/data/images/IPC_2025-08-08.12.05.21.6050.jpg,/home/yuehe/cjn/lisence-plate-forgery/outputs/annotation-remaining1363-local-v3_20260825_210051/IPC_2025-08-08.12.05.21.6050/03_rectified.jpg,,2026-08-26T10:03:58+08:00
IPC_2025-08-08.12.05.23.3540,suspicious,5,,,false,S5,7,blue_standard,/home/yuehe/cjn/lisence-plate-forgery/data/images/IPC_2025-08-08.12.05.23.3540.jpg,/home/yuehe/cjn/lisence-plate-forgery/outputs/annotation-remaining1363-local-v3_20260825_210051/IPC_2025-08-08.12.05.23.3540/03_rectified.jpg,,2026-08-26T10:04:03+08:00
IPC_2025-08-08.12.05.27.8450,suspicious,5,,,false,S5,7,blue_standard,/home/yuehe/cjn/lisence-plate-forgery/data/images/IPC_2025-08-08.12.05.27.8450.jpg,/home/yuehe/cjn/lisence-plate-forgery/outputs/annotation-remaining1363-local-v3_20260825_210051/IPC_2025-08-08.12.05.27.8450/03_rectified.jpg,,2026-08-26T10:04:06+08:00
IPC_2025-08-08.12.05.28.4120,clear,,,,false,,7,blue_standard,/home/yuehe/cjn/lisence-plate-forgery/data/images/IPC_2025-08-08.12.05.28.4120.jpg,/home/yuehe/cjn/lisence-plate-forgery/outputs/annotation-remaining1363-local-v3_20260825_210051/IPC_2025-08-08.12.05.28.4120/03_rectified.jpg,,2026-08-26T10:04:09+08:00
IPC_2025-08-08.12.05.47.3820,suspicious,4;5,,,false,S4;S5,7,blue_standard,/home/yuehe/cjn/lisence-plate-forgery/data/images/IPC_2025-08-08.12.05.47.3820.jpg,/home/yuehe/cjn/lisence-plate-forgery/outputs/annotation-remaining1363-local-v3_20260825_210051/IPC_2025-08-08.12.05.47.3820/03_rectified.jpg,,2026-08-26T10:04:14+08:00
IPC_2025-08-08.12.05.50.9330,suspicious,4;5,,,false,S4;S5,7,blue_standard,/home/yuehe/cjn/lisence-plate-forgery/data/images/IPC_2025-08-08.12.05.50.9330.jpg,/home/yuehe/cjn/lisence-plate-forgery/outputs/annotation-remaining1363-local-v3_20260825_210051/IPC_2025-08-08.12.05.50.9330/03_rectified.jpg,,2026-08-26T10:04:18+08:00
IPC_2025-08-08.12.05.57.2140,suspicious,4;5,,,false,S4;S5,7,blue_standard,/home/yuehe/cjn/lisence-plate-forgery/data/images/IPC_2025-08-08.12.05.57.2140.jpg,/home/yuehe/cjn/lisence-plate-forgery/outputs/annotation-remaining1363-local-v3_20260825_210051/IPC_2025-08-08.12.05.57.2140/03_rectified.jpg,,2026-08-26T10:04:22+08:00
IPC_2025-08-08.12.06.15.3890,suspicious,4;5,,,false,S4;S5,7,blue_standard,/home/yuehe/cjn/lisence-plate-forgery/data/images/IPC_2025-08-08.12.06.15.3890.jpg,/home/yuehe/cjn/lisence-plate-forgery/outputs/annotation-remaining1363-local-v3_20260825_210051/IPC_2025-08-08.12.06.15.3890/03_rectified.jpg,,2026-08-26T10:04:31+08:00
IPC_2025-08-08.12.06.20.7630,suspicious,4;5,,,false,S4;S5,7,blue_standard,/home/yuehe/cjn/lisence-plate-forgery/data/images/IPC_2025-08-08.12.06.20.7630.jpg,/home/yuehe/cjn/lisence-plate-forgery/outputs/annotation-remaining1363-local-v3_20260825_210051/IPC_2025-08-08.12.06.20.7630/03_rectified.jpg,,2026-08-26T10:04:34+08:00
IPC_2025-08-08.12.06.23.9910,suspicious,4;5,,,false,S4;S5,7,blue_standard,/home/yuehe/cjn/lisence-plate-forgery/data/images/IPC_2025-08-08.12.06.23.9910.jpg,/home/yuehe/cjn/lisence-plate-forgery/outputs/annotation-remaining1363-local-v3_20260825_210051/IPC_2025-08-08.12.06.23.9910/03_rectified.jpg,,2026-08-26T10:04:37+08:00
IPC_2025-08-08.12.07.00.7040,suspicious,2;5,,,false,S2;S5,7,blue_standard,/home/yuehe/cjn/lisence-plate-forgery/data/images/IPC_2025-08-08.12.07.00.7040.jpg,/home/yuehe/cjn/lisence-plate-forgery/outputs/annotation-remaining1363-local-v3_20260825_210051/IPC_2025-08-08.12.07.00.7040/03_rectified.jpg,,2026-08-26T10:04:41+08:00
IPC_2025-08-08.12.07.04.8800,suspicious,2;5,,,false,S2;S5,7,blue_standard,/home/yuehe/cjn/lisence-plate-forgery/data/images/IPC_2025-08-08.12.07.04.8800.jpg,/home/yuehe/cjn/lisence-plate-forgery/outputs/annotation-remaining1363-local-v3_20260825_210051/IPC_2025-08-08.12.07.04.8800/03_rectified.jpg,,2026-08-26T10:04:46+08:00
IPC_2025-08-08.12.07.49.9520,clear,,,,false,,7,blue_standard,/home/yuehe/cjn/lisence-plate-forgery/data/images/IPC_2025-08-08.12.07.49.9520.jpg,/home/yuehe/cjn/lisence-plate-forgery/outputs/annotation-remaining1363-local-v3_20260825_210051/IPC_2025-08-08.12.07.49.9520/03_rectified.jpg,,2026-08-26T10:04:50+08:00
IPC_2025-08-08.12.07.53.7460,clear,,,,false,,7,blue_standard,/home/yuehe/cjn/lisence-plate-forgery/data/images/IPC_2025-08-08.12.07.53.7460.jpg,/home/yuehe/cjn/lisence-plate-forgery/outputs/annotation-remaining1363-local-v3_20260825_210051/IPC_2025-08-08.12.07.53.7460/03_rectified.jpg,,2026-08-26T10:04:54+08:00
IPC_2025-08-08.12.07.58.1650,clear,,,,false,,7,blue_standard,/home/yuehe/cjn/lisence-plate-forgery/data/images/IPC_2025-08-08.12.07.58.1650.jpg,/home/yuehe/cjn/lisence-plate-forgery/outputs/annotation-remaining1363-local-v3_20260825_210051/IPC_2025-08-08.12.07.58.1650/03_rectified.jpg,,2026-08-26T10:05:10+08:00
IPC_2025-08-08.12.08.02.0140,clear,,,,false,,7,blue_standard,/home/yuehe/cjn/lisence-plate-forgery/data/images/IPC_2025-08-08.12.08.02.0140.jpg,/home/yuehe/cjn/lisence-plate-forgery/outputs/annotation-remaining1363-local-v3_20260825_210051/IPC_2025-08-08.12.08.02.0140/03_rectified.jpg,,2026-08-26T10:05:13+08:00
IPC_2025-08-08.12.08.08.2470,clear,,,,false,,7,blue_standard,/home/yuehe/cjn/lisence-plate-forgery/data/images/IPC_2025-08-08.12.08.08.2470.jpg,/home/yuehe/cjn/lisence-plate-forgery/outputs/annotation-remaining1363-local-v3_20260825_210051/IPC_2025-08-08.12.08.08.2470/03_rectified.jpg,,2026-08-26T10:05:18+08:00
IPC_2025-08-08.12.08.14.2550,clear,,,,false,,7,blue_standard,/home/yuehe/cjn/lisence-plate-forgery/data/images/IPC_2025-08-08.12.08.14.2550.jpg,/home/yuehe/cjn/lisence-plate-forgery/outputs/annotation-remaining1363-local-v3_20260825_210051/IPC_2025-08-08.12.08.14.2550/03_rectified.jpg,,2026-08-26T10:05:20+08:00
IPC_2025-08-08.12.08.18.2480,clear,,,,false,,7,blue_standard,/home/yuehe/cjn/lisence-plate-forgery/data/images/IPC_2025-08-08.12.08.18.2480.jpg,/home/yuehe/cjn/lisence-plate-forgery/outputs/annotation-remaining1363-local-v3_20260825_210051/IPC_2025-08-08.12.08.18.2480/03_rectified.jpg,,2026-08-26T10:05:24+08:00
IPC_2025-08-08.12.08.22.1330,clear,,,,false,,7,blue_standard,/home/yuehe/cjn/lisence-plate-forgery/data/images/IPC_2025-08-08.12.08.22.1330.jpg,/home/yuehe/cjn/lisence-plate-forgery/outputs/annotation-remaining1363-local-v3_20260825_210051/IPC_2025-08-08.12.08.22.1330/03_rectified.jpg,,2026-08-26T10:05:27+08:00
IPC_2025-08-08.12.08.28.0500,clear,,,,false,,7,blue_standard,/home/yuehe/cjn/lisence-plate-forgery/data/images/IPC_2025-08-08.12.08.28.0500.jpg,/home/yuehe/cjn/lisence-plate-forgery/outputs/annotation-remaining1363-local-v3_20260825_210051/IPC_2025-08-08.12.08.28.0500/03_rectified.jpg,,2026-08-26T10:05:33+08:00
IPC_2025-08-08.12.08.46.5360,clear,,,,false,,7,blue_standard,/home/yuehe/cjn/lisence-plate-forgery/data/images/IPC_2025-08-08.12.08.46.5360.jpg,/home/yuehe/cjn/lisence-plate-forgery/outputs/annotation-remaining1363-local-v3_20260825_210051/IPC_2025-08-08.12.08.46.5360/03_rectified.jpg,,2026-08-26T10:05:36+08:00
IPC_2025-08-08.12.08.49.6660,clear,,,,false,,7,blue_standard,/home/yuehe/cjn/lisence-plate-forgery/data/images/IPC_2025-08-08.12.08.49.6660.jpg,/home/yuehe/cjn/lisence-plate-forgery/outputs/annotation-remaining1363-local-v3_20260825_210051/IPC_2025-08-08.12.08.49.6660/03_rectified.jpg,,2026-08-26T10:05:39+08:00
IPC_2025-08-08.12.08.54.0480,clear,,,,false,,7,blue_standard,/home/yuehe/cjn/lisence-plate-forgery/data/images/IPC_2025-08-08.12.08.54.0480.jpg,/home/yuehe/cjn/lisence-plate-forgery/outputs/annotation-remaining1363-local-v3_20260825_210051/IPC_2025-08-08.12.08.54.0480/03_rectified.jpg,,2026-08-26T10:05:43+08:00
IPC_2025-08-08.12.08.57.1750,suspicious,7,,,false,S7,7,blue_standard,/home/yuehe/cjn/lisence-plate-forgery/data/images/IPC_2025-08-08.12.08.57.1750.jpg,/home/yuehe/cjn/lisence-plate-forgery/outputs/annotation-remaining1363-local-v3_20260825_210051/IPC_2025-08-08.12.08.57.1750/03_rectified.jpg,,2026-08-26T10:05:47+08:00
IPC_2025-08-08.12.09.10.0470,suspicious,3;7,,,false,S3;S7,7,blue_standard,/home/yuehe/cjn/lisence-plate-forgery/data/images/IPC_2025-08-08.12.09.10.0470.jpg,/home/yuehe/cjn/lisence-plate-forgery/outputs/annotation-remaining1363-local-v3_20260825_210051/IPC_2025-08-08.12.09.10.0470/03_rectified.jpg,,2026-08-26T10:05:51+08:00
IPC_2025-08-08.12.09.14.7300,suspicious,3;7,,,false,S3;S7,7,blue_standard,/home/yuehe/cjn/lisence-plate-forgery/data/images/IPC_2025-08-08.12.09.14.7300.jpg,/home/yuehe/cjn/lisence-plate-forgery/outputs/annotation-remaining1363-local-v3_20260825_210051/IPC_2025-08-08.12.09.14.7300/03_rectified.jpg,,2026-08-26T10:05:54+08:00
IPC_2025-08-08.12.09.19.6190,suspicious,3;7,,,false,S3;S7,7,blue_standard,/home/yuehe/cjn/lisence-plate-forgery/data/images/IPC_2025-08-08.12.09.19.6190.jpg,/home/yuehe/cjn/lisence-plate-forgery/outputs/annotation-remaining1363-local-v3_20260825_210051/IPC_2025-08-08.12.09.19.6190/03_rectified.jpg,,2026-08-26T10:05:58+08:00
IPC_2025-08-08.12.09.44.6710,suspicious,3;4,,,false,S3;S4,7,blue_standard,/home/yuehe/cjn/lisence-plate-forgery/data/images/IPC_2025-08-08.12.09.44.6710.jpg,/home/yuehe/cjn/lisence-plate-forgery/outputs/annotation-remaining1363-local-v3_20260825_210051/IPC_2025-08-08.12.09.44.6710/03_rectified.jpg,,2026-08-26T10:06:07+08:00
IPC_2025-08-08.12.09.49.7280,suspicious,3;4;7,,,false,S3;S4;S7,7,blue_standard,/home/yuehe/cjn/lisence-plate-forgery/data/images/IPC_2025-08-08.12.09.49.7280.jpg,/home/yuehe/cjn/lisence-plate-forgery/outputs/annotation-remaining1363-local-v3_20260825_210051/IPC_2025-08-08.12.09.49.7280/03_rectified.jpg,,2026-08-26T10:13:04+08:00
IPC_2025-08-08.12.09.54.7270,suspicious,3;4;7,,,false,S3;S4;S7,7,blue_standard,/home/yuehe/cjn/lisence-plate-forgery/data/images/IPC_2025-08-08.12.09.54.7270.jpg,/home/yuehe/cjn/lisence-plate-forgery/outputs/annotation-remaining1363-local-v3_20260825_210051/IPC_2025-08-08.12.09.54.7270/03_rectified.jpg,,2026-08-26T10:13:07+08:00
IPC_2025-08-08.12.10.24.2849,clear,,,,false,,7,blue_standard,/home/yuehe/cjn/lisence-plate-forgery/data/images/IPC_2025-08-08.12.10.24.2849.jpg,/home/yuehe/cjn/lisence-plate-forgery/outputs/annotation-remaining1363-local-v3_20260825_210051/IPC_2025-08-08.12.10.24.2849/03_rectified.jpg,,2026-08-26T10:13:13+08:00
IPC_2025-08-08.12.10.27.3970,clear,,,,false,,7,blue_standard,/home/yuehe/cjn/lisence-plate-forgery/data/images/IPC_2025-08-08.12.10.27.3970.jpg,/home/yuehe/cjn/lisence-plate-forgery/outputs/annotation-remaining1363-local-v3_20260825_210051/IPC_2025-08-08.12.10.27.3970/03_rectified.jpg,,2026-08-26T10:14:05+08:00
IPC_2025-08-08.12.10.31.9010,suspicious,3,,,false,S3,7,blue_standard,/home/yuehe/cjn/lisence-plate-forgery/data/images/IPC_2025-08-08.12.10.31.9010.jpg,/home/yuehe/cjn/lisence-plate-forgery/outputs/annotation-remaining1363-local-v3_20260825_210051/IPC_2025-08-08.12.10.31.9010/03_rectified.jpg,,2026-08-26T10:17:01+08:00
IPC_2025-08-08.12.10.34.9780,suspicious,3,,,false,S3,7,blue_standard,/home/yuehe/cjn/lisence-plate-forgery/data/images/IPC_2025-08-08.12.10.34.9780.jpg,/home/yuehe/cjn/lisence-plate-forgery/outputs/annotation-remaining1363-local-v3_20260825_210051/IPC_2025-08-08.12.10.34.9780/03_rectified.jpg,,2026-08-26T10:17:04+08:00
IPC_2025-08-08.12.10.35.3650,clear,,,,false,,7,blue_standard,/home/yuehe/cjn/lisence-plate-forgery/data/images/IPC_2025-08-08.12.10.35.3650.jpg,/home/yuehe/cjn/lisence-plate-forgery/outputs/annotation-remaining1363-local-v3_20260825_210051/IPC_2025-08-08.12.10.35.3650/03_rectified.jpg,,2026-08-26T10:17:06+08:00
IPC_2025-08-08.12.10.39.8050,clear,,,,false,,7,blue_standard,/home/yuehe/cjn/lisence-plate-forgery/data/images/IPC_2025-08-08.12.10.39.8050.jpg,/home/yuehe/cjn/lisence-plate-forgery/outputs/annotation-remaining1363-local-v3_20260825_210051/IPC_2025-08-08.12.10.39.8050/03_rectified.jpg,,2026-08-26T10:17:09+08:00
IPC_2025-08-08.12.10.41.6400,suspicious,3,,,false,S3,7,blue_standard,/home/yuehe/cjn/lisence-plate-forgery/data/images/IPC_2025-08-08.12.10.41.6400.jpg,/home/yuehe/cjn/lisence-plate-forgery/outputs/annotation-remaining1363-local-v3_20260825_210051/IPC_2025-08-08.12.10.41.6400/03_rectified.jpg,,2026-08-26T10:17:12+08:00
IPC_2025-08-08.12.10.43.3000,clear,,,,false,,7,blue_standard,/home/yuehe/cjn/lisence-plate-forgery/data/images/IPC_2025-08-08.12.10.43.3000.jpg,/home/yuehe/cjn/lisence-plate-forgery/outputs/annotation-remaining1363-local-v3_20260825_210051/IPC_2025-08-08.12.10.43.3000/03_rectified.jpg,,2026-08-26T10:17:15+08:00
IPC_2025-08-08.12.10.46.5490,suspicious,3,,,false,S3,7,blue_standard,/home/yuehe/cjn/lisence-plate-forgery/data/images/IPC_2025-08-08.12.10.46.5490.jpg,/home/yuehe/cjn/lisence-plate-forgery/outputs/annotation-remaining1363-local-v3_20260825_210051/IPC_2025-08-08.12.10.46.5490/03_rectified.jpg,,2026-08-26T10:17:18+08:00
IPC_2025-08-08.12.10.49.0190,clear,,,,false,,7,blue_standard,/home/yuehe/cjn/lisence-plate-forgery/data/images/IPC_2025-08-08.12.10.49.0190.jpg,/home/yuehe/cjn/lisence-plate-forgery/outputs/annotation-remaining1363-local-v3_20260825_210051/IPC_2025-08-08.12.10.49.0190/03_rectified.jpg,,2026-08-26T10:17:20+08:00
IPC_2025-08-08.12.10.54.4300,clear,,,,false,,7,blue_standard,/home/yuehe/cjn/lisence-plate-forgery/data/images/IPC_2025-08-08.12.10.54.4300.jpg,/home/yuehe/cjn/lisence-plate-forgery/outputs/annotation-remaining1363-local-v3_20260825_210051/IPC_2025-08-08.12.10.54.4300/03_rectified.jpg,,2026-08-26T10:17:23+08:00
IPC_2025-08-08.12.10.58.3750,clear,,,,false,,7,blue_standard,/home/yuehe/cjn/lisence-plate-forgery/data/images/IPC_2025-08-08.12.10.58.3750.jpg,/home/yuehe/cjn/lisence-plate-forgery/outputs/annotation-remaining1363-local-v3_20260825_210051/IPC_2025-08-08.12.10.58.3750/03_rectified.jpg,,2026-08-26T10:17:25+08:00
IPC_2025-08-08.12.11.06.8310,clear,,,,false,,7,blue_standard,/home/yuehe/cjn/lisence-plate-forgery/data/images/IPC_2025-08-08.12.11.06.8310.jpg,/home/yuehe/cjn/lisence-plate-forgery/outputs/annotation-remaining1363-local-v3_20260825_210051/IPC_2025-08-08.12.11.06.8310/03_rectified.jpg,,2026-08-26T10:17:48+08:00
IPC_2025-08-08.12.11.18.5790,suspicious,2;3;5,,,false,S2;S3;S5,7,blue_standard,/home/yuehe/cjn/lisence-plate-forgery/data/images/IPC_2025-08-08.12.11.18.5790.jpg,/home/yuehe/cjn/lisence-plate-forgery/outputs/annotation-remaining1363-local-v3_20260825_210051/IPC_2025-08-08.12.11.18.5790/03_rectified.jpg,,2026-08-26T10:17:54+08:00
IPC_2025-08-08.12.11.24.0460,suspicious,2;3;5,,,false,S2;S3;S5,7,blue_standard,/home/yuehe/cjn/lisence-plate-forgery/data/images/IPC_2025-08-08.12.11.24.0460.jpg,/home/yuehe/cjn/lisence-plate-forgery/outputs/annotation-remaining1363-local-v3_20260825_210051/IPC_2025-08-08.12.11.24.0460/03_rectified.jpg,,2026-08-26T10:17:58+08:00
IPC_2025-08-08.12.12.08.4400,suspicious,2;3;6;7,,,false,S2;S3;S6;S7,7,blue_standard,/home/yuehe/cjn/lisence-plate-forgery/data/images/IPC_2025-08-08.12.12.08.4400.jpg,/home/yuehe/cjn/lisence-plate-forgery/outputs/annotation-remaining1363-local-v3_20260825_210051/IPC_2025-08-08.12.12.08.4400/03_rectified.jpg,,2026-08-26T10:18:14+08:00
IPC_2025-08-08.12.12.35.8470,clear,,,,false,,7,blue_standard,/home/yuehe/cjn/lisence-plate-forgery/data/images/IPC_2025-08-08.12.12.35.8470.jpg,/home/yuehe/cjn/lisence-plate-forgery/outputs/annotation-remaining1363-local-v3_20260825_210051/IPC_2025-08-08.12.12.35.8470/03_rectified.jpg,,2026-08-26T10:18:16+08:00
IPC_2025-08-08.12.12.38.3200,clear,,,,false,,7,blue_standard,/home/yuehe/cjn/lisence-plate-forgery/data/images/IPC_2025-08-08.12.12.38.3200.jpg,/home/yuehe/cjn/lisence-plate-forgery/outputs/annotation-remaining1363-local-v3_20260825_210051/IPC_2025-08-08.12.12.38.3200/03_rectified.jpg,,2026-08-26T10:18:19+08:00
IPC_2025-08-08.12.12.41.3740,clear,,,,false,,7,blue_standard,/home/yuehe/cjn/lisence-plate-forgery/data/images/IPC_2025-08-08.12.12.41.3740.jpg,/home/yuehe/cjn/lisence-plate-forgery/outputs/annotation-remaining1363-local-v3_20260825_210051/IPC_2025-08-08.12.12.41.3740/03_rectified.jpg,,2026-08-26T10:18:21+08:00
IPC_2025-08-08.12.12.45.1600,clear,,,,false,,7,blue_standard,/home/yuehe/cjn/lisence-plate-forgery/data/images/IPC_2025-08-08.12.12.45.1600.jpg,/home/yuehe/cjn/lisence-plate-forgery/outputs/annotation-remaining1363-local-v3_20260825_210051/IPC_2025-08-08.12.12.45.1600/03_rectified.jpg,,2026-08-26T10:18:23+08:00
IPC_2025-08-08.12.12.48.7620,clear,,,,false,,7,blue_standard,/home/yuehe/cjn/lisence-plate-forgery/data/images/IPC_2025-08-08.12.12.48.7620.jpg,/home/yuehe/cjn/lisence-plate-forgery/outputs/annotation-remaining1363-local-v3_20260825_210051/IPC_2025-08-08.12.12.48.7620/03_rectified.jpg,,2026-08-26T10:18:38+08:00
IPC_2025-08-08.12.12.51.5340,clear,,,,false,,7,blue_standard,/home/yuehe/cjn/lisence-plate-forgery/data/images/IPC_2025-08-08.12.12.51.5340.jpg,/home/yuehe/cjn/lisence-plate-forgery/outputs/annotation-remaining1363-local-v3_20260825_210051/IPC_2025-08-08.12.12.51.5340/03_rectified.jpg,,2026-08-26T10:18:41+08:00
IPC_2025-08-08.12.12.54.0160,clear,,,,false,,7,blue_standard,/home/yuehe/cjn/lisence-plate-forgery/data/images/IPC_2025-08-08.12.12.54.0160.jpg,/home/yuehe/cjn/lisence-plate-forgery/outputs/annotation-remaining1363-local-v3_20260825_210051/IPC_2025-08-08.12.12.54.0160/03_rectified.jpg,,2026-08-26T10:18:51+08:00
IPC_2025-08-08.12.13.00.0740,clear,,,,false,,7,blue_standard,/home/yuehe/cjn/lisence-plate-forgery/data/images/IPC_2025-08-08.12.13.00.0740.jpg,/home/yuehe/cjn/lisence-plate-forgery/outputs/annotation-remaining1363-local-v3_20260825_210051/IPC_2025-08-08.12.13.00.0740/03_rectified.jpg,,2026-08-26T10:18:55+08:00
IPC_2025-08-14.15.19.20.9130,clear,,,,false,,7,blue_standard,/home/yuehe/cjn/lisence-plate-forgery/data/images/IPC_2025-08-14.15.19.20.9130.jpg,/home/yuehe/cjn/lisence-plate-forgery/outputs/annotation-remaining1363-local-v3_20260825_210051/IPC_2025-08-14.15.19.20.9130/03_rectified.jpg,,2026-08-26T10:18:58+08:00
IPC_2025-08-14.15.19.26.2610,clear,,,,false,,7,blue_standard,/home/yuehe/cjn/lisence-plate-forgery/data/images/IPC_2025-08-14.15.19.26.2610.jpg,/home/yuehe/cjn/lisence-plate-forgery/outputs/annotation-remaining1363-local-v3_20260825_210051/IPC_2025-08-14.15.19.26.2610/03_rectified.jpg,,2026-08-26T10:19:01+08:00
IPC_2025-08-14.15.19.30.2580,clear,,,,false,,7,blue_standard,/home/yuehe/cjn/lisence-plate-forgery/data/images/IPC_2025-08-14.15.19.30.2580.jpg,/home/yuehe/cjn/lisence-plate-forgery/outputs/annotation-remaining1363-local-v3_20260825_210051/IPC_2025-08-14.15.19.30.2580/03_rectified.jpg,,2026-08-26T10:19:04+08:00
IPC_2025-08-14.15.19.33.1409,clear,,,,false,,7,blue_standard,/home/yuehe/cjn/lisence-plate-forgery/data/images/IPC_2025-08-14.15.19.33.1409.jpg,/home/yuehe/cjn/lisence-plate-forgery/outputs/annotation-remaining1363-local-v3_20260825_210051/IPC_2025-08-14.15.19.33.1409/03_rectified.jpg,,2026-08-26T10:19:16+08:00
IPC_2025-08-14.15.20.03.4050,clear,,,,false,,7,blue_standard,/home/yuehe/cjn/lisence-plate-forgery/data/images/IPC_2025-08-14.15.20.03.4050.jpg,/home/yuehe/cjn/lisence-plate-forgery/outputs/annotation-remaining1363-local-v3_20260825_210051/IPC_2025-08-14.15.20.03.4050/03_rectified.jpg,,2026-08-26T10:19:18+08:00
IPC_2025-08-14.15.20.03.9860,clear,,,,false,,7,blue_standard,/home/yuehe/cjn/lisence-plate-forgery/data/images/IPC_2025-08-14.15.20.03.9860.jpg,/home/yuehe/cjn/lisence-plate-forgery/outputs/annotation-remaining1363-local-v3_20260825_210051/IPC_2025-08-14.15.20.03.9860/03_rectified.jpg,,2026-08-26T10:28:56+08:00
IPC_2025-08-14.15.20.08.0630,clear,,,,false,,7,blue_standard,/home/yuehe/cjn/lisence-plate-forgery/data/images/IPC_2025-08-14.15.20.08.0630.jpg,/home/yuehe/cjn/lisence-plate-forgery/outputs/annotation-remaining1363-local-v3_20260825_210051/IPC_2025-08-14.15.20.08.0630/03_rectified.jpg,,2026-08-26T10:29:00+08:00
IPC_2025-08-14.15.20.10.7670,clear,,,,false,,7,blue_standard,/home/yuehe/cjn/lisence-plate-forgery/data/images/IPC_2025-08-14.15.20.10.7670.jpg,/home/yuehe/cjn/lisence-plate-forgery/outputs/annotation-remaining1363-local-v3_20260825_210051/IPC_2025-08-14.15.20.10.7670/03_rectified.jpg,,2026-08-26T10:29:03+08:00
IPC_2025-08-14.15.20.13.7260,clear,,,,false,,7,blue_standard,/home/yuehe/cjn/lisence-plate-forgery/data/images/IPC_2025-08-14.15.20.13.7260.jpg,/home/yuehe/cjn/lisence-plate-forgery/outputs/annotation-remaining1363-local-v3_20260825_210051/IPC_2025-08-14.15.20.13.7260/03_rectified.jpg,,2026-08-26T10:29:23+08:00
IPC_2025-08-14.15.20.14.2170,clear,,,,false,,7,blue_standard,/home/yuehe/cjn/lisence-plate-forgery/data/images/IPC_2025-08-14.15.20.14.2170.jpg,/home/yuehe/cjn/lisence-plate-forgery/outputs/annotation-remaining1363-local-v3_20260825_210051/IPC_2025-08-14.15.20.14.2170/03_rectified.jpg,,2026-08-26T10:29:27+08:00
IPC_2025-08-14.15.20.15.1770,clear,,,,false,,7,blue_standard,/home/yuehe/cjn/lisence-plate-forgery/data/images/IPC_2025-08-14.15.20.15.1770.jpg,/home/yuehe/cjn/lisence-plate-forgery/outputs/annotation-remaining1363-local-v3_20260825_210051/IPC_2025-08-14.15.20.15.1770/03_rectified.jpg,,2026-08-26T10:29:31+08:00
IPC_2025-08-14.15.20.17.2170,clear,,,,false,,7,blue_standard,/home/yuehe/cjn/lisence-plate-forgery/data/images/IPC_2025-08-14.15.20.17.2170.jpg,/home/yuehe/cjn/lisence-plate-forgery/outputs/annotation-remaining1363-local-v3_20260825_210051/IPC_2025-08-14.15.20.17.2170/03_rectified.jpg,,2026-08-26T10:29:34+08:00
IPC_2025-08-14.15.20.23.2880,clear,,,,false,,7,blue_standard,/home/yuehe/cjn/lisence-plate-forgery/data/images/IPC_2025-08-14.15.20.23.2880.jpg,/home/yuehe/cjn/lisence-plate-forgery/outputs/annotation-remaining1363-local-v3_20260825_210051/IPC_2025-08-14.15.20.23.2880/03_rectified.jpg,,2026-08-26T10:29:39+08:00
IPC_2025-08-14.15.20.23.8760,clear,,,,false,,7,blue_standard,/home/yuehe/cjn/lisence-plate-forgery/data/images/IPC_2025-08-14.15.20.23.8760.jpg,/home/yuehe/cjn/lisence-plate-forgery/outputs/annotation-remaining1363-local-v3_20260825_210051/IPC_2025-08-14.15.20.23.8760/03_rectified.jpg,,2026-08-26T10:29:42+08:00
IPC_2025-08-14.15.20.29.7820,clear,,,,false,,7,blue_standard,/home/yuehe/cjn/lisence-plate-forgery/data/images/IPC_2025-08-14.15.20.29.7820.jpg,/home/yuehe/cjn/lisence-plate-forgery/outputs/annotation-remaining1363-local-v3_20260825_210051/IPC_2025-08-14.15.20.29.7820/03_rectified.jpg,,2026-08-26T10:29:44+08:00
IPC_2025-08-14.15.20.30.5870,clear,,,,false,,7,blue_standard,/home/yuehe/cjn/lisence-plate-forgery/data/images/IPC_2025-08-14.15.20.30.5870.jpg,/home/yuehe/cjn/lisence-plate-forgery/outputs/annotation-remaining1363-local-v3_20260825_210051/IPC_2025-08-14.15.20.30.5870/03_rectified.jpg,,2026-08-26T10:29:46+08:00
IPC_2025-08-14.15.20.31.6230,clear,,,,false,,7,blue_standard,/home/yuehe/cjn/lisence-plate-forgery/data/images/IPC_2025-08-14.15.20.31.6230.jpg,/home/yuehe/cjn/lisence-plate-forgery/outputs/annotation-remaining1363-local-v3_20260825_210051/IPC_2025-08-14.15.20.31.6230/03_rectified.jpg,,2026-08-26T10:29:48+08:00
IPC_2025-08-14.15.20.35.7060,clear,,,,false,,7,blue_standard,/home/yuehe/cjn/lisence-plate-forgery/data/images/IPC_2025-08-14.15.20.35.7060.jpg,/home/yuehe/cjn/lisence-plate-forgery/outputs/annotation-remaining1363-local-v3_20260825_210051/IPC_2025-08-14.15.20.35.7060/03_rectified.jpg,,2026-08-26T10:29:50+08:00
IPC_2025-08-14.15.20.38.3830,clear,,,,false,,7,blue_standard,/home/yuehe/cjn/lisence-plate-forgery/data/images/IPC_2025-08-14.15.20.38.3830.jpg,/home/yuehe/cjn/lisence-plate-forgery/outputs/annotation-remaining1363-local-v3_20260825_210051/IPC_2025-08-14.15.20.38.3830/03_rectified.jpg,,2026-08-26T10:29:53+08:00
IPC_2025-08-14.15.20.41.9720,clear,,,,false,,7,blue_standard,/home/yuehe/cjn/lisence-plate-forgery/data/images/IPC_2025-08-14.15.20.41.9720.jpg,/home/yuehe/cjn/lisence-plate-forgery/outputs/annotation-remaining1363-local-v3_20260825_210051/IPC_2025-08-14.15.20.41.9720/03_rectified.jpg,,2026-08-26T10:29:56+08:00
IPC_2025-08-14.15.20.42.4530,clear,,,,false,,7,blue_standard,/home/yuehe/cjn/lisence-plate-forgery/data/images/IPC_2025-08-14.15.20.42.4530.jpg,/home/yuehe/cjn/lisence-plate-forgery/outputs/annotation-remaining1363-local-v3_20260825_210051/IPC_2025-08-14.15.20.42.4530/03_rectified.jpg,,2026-08-26T10:30:00+08:00
IPC_2025-08-14.15.20.43.9810,clear,,,,false,,7,blue_standard,/home/yuehe/cjn/lisence-plate-forgery/data/images/IPC_2025-08-14.15.20.43.9810.jpg,/home/yuehe/cjn/lisence-plate-forgery/outputs/annotation-remaining1363-local-v3_20260825_210051/IPC_2025-08-14.15.20.43.9810/03_rectified.jpg,,2026-08-26T10:30:03+08:00
IPC_2025-08-14.15.20.47.5390,clear,,,,false,,7,blue_standard,/home/yuehe/cjn/lisence-plate-forgery/data/images/IPC_2025-08-14.15.20.47.5390.jpg,/home/yuehe/cjn/lisence-plate-forgery/outputs/annotation-remaining1363-local-v3_20260825_210051/IPC_2025-08-14.15.20.47.5390/03_rectified.jpg,,2026-08-26T10:30:05+08:00
IPC_2025-08-14.15.20.49.5430,clear,,,,false,,7,blue_standard,/home/yuehe/cjn/lisence-plate-forgery/data/images/IPC_2025-08-14.15.20.49.5430.jpg,/home/yuehe/cjn/lisence-plate-forgery/outputs/annotation-remaining1363-local-v3_20260825_210051/IPC_2025-08-14.15.20.49.5430/03_rectified.jpg,,2026-08-26T10:30:07+08:00
IPC_2025-08-14.15.20.50.6640,clear,,,,false,,7,blue_standard,/home/yuehe/cjn/lisence-plate-forgery/data/images/IPC_2025-08-14.15.20.50.6640.jpg,/home/yuehe/cjn/lisence-plate-forgery/outputs/annotation-remaining1363-local-v3_20260825_210051/IPC_2025-08-14.15.20.50.6640/03_rectified.jpg,,2026-08-26T10:30:14+08:00
IPC_2025-08-14.15.20.56.8169,clear,,,,false,,7,blue_standard,/home/yuehe/cjn/lisence-plate-forgery/data/images/IPC_2025-08-14.15.20.56.8169.jpg,/home/yuehe/cjn/lisence-plate-forgery/outputs/annotation-remaining1363-local-v3_20260825_210051/IPC_2025-08-14.15.20.56.8169/03_rectified.jpg,,2026-08-26T10:30:17+08:00
IPC_2025-08-14.15.20.59.3690,clear,,,,false,,7,blue_standard,/home/yuehe/cjn/lisence-plate-forgery/data/images/IPC_2025-08-14.15.20.59.3690.jpg,/home/yuehe/cjn/lisence-plate-forgery/outputs/annotation-remaining1363-local-v3_20260825_210051/IPC_2025-08-14.15.20.59.3690/03_rectified.jpg,,2026-08-26T10:30:20+08:00
IPC_2025-08-14.15.21.01.9750,clear,,,,false,,7,blue_standard,/home/yuehe/cjn/lisence-plate-forgery/data/images/IPC_2025-08-14.15.21.01.9750.jpg,/home/yuehe/cjn/lisence-plate-forgery/outputs/annotation-remaining1363-local-v3_20260825_210051/IPC_2025-08-14.15.21.01.9750/03_rectified.jpg,,2026-08-26T10:30:22+08:00
IPC_2025-08-14.15.21.03.4400,clear,,,,false,,7,blue_standard,/home/yuehe/cjn/lisence-plate-forgery/data/images/IPC_2025-08-14.15.21.03.4400.jpg,/home/yuehe/cjn/lisence-plate-forgery/outputs/annotation-remaining1363-local-v3_20260825_210051/IPC_2025-08-14.15.21.03.4400/03_rectified.jpg,,2026-08-26T10:30:24+08:00
IPC_2025-08-14.15.21.07.1980,clear,,,,false,,7,blue_standard,/home/yuehe/cjn/lisence-plate-forgery/data/images/IPC_2025-08-14.15.21.07.1980.jpg,/home/yuehe/cjn/lisence-plate-forgery/outputs/annotation-remaining1363-local-v3_20260825_210051/IPC_2025-08-14.15.21.07.1980/03_rectified.jpg,,2026-08-26T10:30:30+08:00
IPC_2025-08-14.15.21.19.2370,clear,,,,false,,7,blue_standard,/home/yuehe/cjn/lisence-plate-forgery/data/images/IPC_2025-08-14.15.21.19.2370.jpg,/home/yuehe/cjn/lisence-plate-forgery/outputs/annotation-remaining1363-local-v3_20260825_210051/IPC_2025-08-14.15.21.19.2370/03_rectified.jpg,,2026-08-26T10:30:33+08:00
IPC_2025-08-14.15.21.22.1739,clear,,,,false,,7,blue_standard,/home/yuehe/cjn/lisence-plate-forgery/data/images/IPC_2025-08-14.15.21.22.1739.jpg,/home/yuehe/cjn/lisence-plate-forgery/outputs/annotation-remaining1363-local-v3_20260825_210051/IPC_2025-08-14.15.21.22.1739/03_rectified.jpg,,2026-08-26T10:30:35+08:00
IPC_2025-08-14.15.21.25.4180,clear,,,,false,,7,blue_standard,/home/yuehe/cjn/lisence-plate-forgery/data/images/IPC_2025-08-14.15.21.25.4180.jpg,/home/yuehe/cjn/lisence-plate-forgery/outputs/annotation-remaining1363-local-v3_20260825_210051/IPC_2025-08-14.15.21.25.4180/03_rectified.jpg,,2026-08-26T10:48:38+08:00
IPC_2025-08-14.15.21.28.5590,clear,,,,false,,7,blue_standard,/home/yuehe/cjn/lisence-plate-forgery/data/images/IPC_2025-08-14.15.21.28.5590.jpg,/home/yuehe/cjn/lisence-plate-forgery/outputs/annotation-remaining1363-local-v3_20260825_210051/IPC_2025-08-14.15.21.28.5590/03_rectified.jpg,,2026-08-26T10:48:41+08:00
IPC_2025-08-14.15.21.31.0630,clear,,,,false,,7,blue_standard,/home/yuehe/cjn/lisence-plate-forgery/data/images/IPC_2025-08-14.15.21.31.0630.jpg,/home/yuehe/cjn/lisence-plate-forgery/outputs/annotation-remaining1363-local-v3_20260825_210051/IPC_2025-08-14.15.21.31.0630/03_rectified.jpg,,2026-08-26T10:48:43+08:00
IPC_2025-08-14.15.21.40.6250,clear,,,,false,,7,blue_standard,/home/yuehe/cjn/lisence-plate-forgery/data/images/IPC_2025-08-14.15.21.40.6250.jpg,/home/yuehe/cjn/lisence-plate-forgery/outputs/annotation-remaining1363-local-v3_20260825_210051/IPC_2025-08-14.15.21.40.6250/03_rectified.jpg,,2026-08-26T10:48:45+08:00
IPC_2025-08-14.15.21.46.1470,clear,,,,false,,7,blue_standard,/home/yuehe/cjn/lisence-plate-forgery/data/images/IPC_2025-08-14.15.21.46.1470.jpg,/home/yuehe/cjn/lisence-plate-forgery/outputs/annotation-remaining1363-local-v3_20260825_210051/IPC_2025-08-14.15.21.46.1470/03_rectified.jpg,,2026-08-26T10:48:47+08:00
IPC_2025-08-14.15.21.47.9470,clear,,,,false,,7,blue_standard,/home/yuehe/cjn/lisence-plate-forgery/data/images/IPC_2025-08-14.15.21.47.9470.jpg,/home/yuehe/cjn/lisence-plate-forgery/outputs/annotation-remaining1363-local-v3_20260825_210051/IPC_2025-08-14.15.21.47.9470/03_rectified.jpg,,2026-08-26T10:48:50+08:00
IPC_2025-08-14.15.21.49.1240,clear,,,,false,,7,blue_standard,/home/yuehe/cjn/lisence-plate-forgery/data/images/IPC_2025-08-14.15.21.49.1240.jpg,/home/yuehe/cjn/lisence-plate-forgery/outputs/annotation-remaining1363-local-v3_20260825_210051/IPC_2025-08-14.15.21.49.1240/03_rectified.jpg,,2026-08-26T10:48:53+08:00
IPC_2025-08-14.15.21.57.9750,clear,,,,false,,7,blue_standard,/home/yuehe/cjn/lisence-plate-forgery/data/images/IPC_2025-08-14.15.21.57.9750.jpg,/home/yuehe/cjn/lisence-plate-forgery/outputs/annotation-remaining1363-local-v3_20260825_210051/IPC_2025-08-14.15.21.57.9750/03_rectified.jpg,,2026-08-26T10:48:55+08:00
IPC_2025-08-14.15.22.00.7800,clear,,,,false,,7,blue_standard,/home/yuehe/cjn/lisence-plate-forgery/data/images/IPC_2025-08-14.15.22.00.7800.jpg,/home/yuehe/cjn/lisence-plate-forgery/outputs/annotation-remaining1363-local-v3_20260825_210051/IPC_2025-08-14.15.22.00.7800/03_rectified.jpg,,2026-08-26T10:48:56+08:00
IPC_2025-08-14.15.22.02.8560,clear,,,,false,,7,blue_standard,/home/yuehe/cjn/lisence-plate-forgery/data/images/IPC_2025-08-14.15.22.02.8560.jpg,/home/yuehe/cjn/lisence-plate-forgery/outputs/annotation-remaining1363-local-v3_20260825_210051/IPC_2025-08-14.15.22.02.8560/03_rectified.jpg,,2026-08-26T10:48:59+08:00
IPC_2025-08-14.15.22.07.1990,clear,,,,false,,7,blue_standard,/home/yuehe/cjn/lisence-plate-forgery/data/images/IPC_2025-08-14.15.22.07.1990.jpg,/home/yuehe/cjn/lisence-plate-forgery/outputs/annotation-remaining1363-local-v3_20260825_210051/IPC_2025-08-14.15.22.07.1990/03_rectified.jpg,,2026-08-26T10:49:05+08:00
IPC_2025-08-14.15.22.08.6360,clear,,,,false,,7,blue_standard,/home/yuehe/cjn/lisence-plate-forgery/data/images/IPC_2025-08-14.15.22.08.6360.jpg,/home/yuehe/cjn/lisence-plate-forgery/outputs/annotation-remaining1363-local-v3_20260825_210051/IPC_2025-08-14.15.22.08.6360/03_rectified.jpg,,2026-08-26T10:49:08+08:00
IPC_2025-08-14.15.22.10.5320,clear,,,,false,,7,blue_standard,/home/yuehe/cjn/lisence-plate-forgery/data/images/IPC_2025-08-14.15.22.10.5320.jpg,/home/yuehe/cjn/lisence-plate-forgery/outputs/annotation-remaining1363-local-v3_20260825_210051/IPC_2025-08-14.15.22.10.5320/03_rectified.jpg,,2026-08-26T10:49:12+08:00
IPC_2025-08-14.15.22.12.9040,clear,,,,false,,7,blue_standard,/home/yuehe/cjn/lisence-plate-forgery/data/images/IPC_2025-08-14.15.22.12.9040.jpg,/home/yuehe/cjn/lisence-plate-forgery/outputs/annotation-remaining1363-local-v3_20260825_210051/IPC_2025-08-14.15.22.12.9040/03_rectified.jpg,,2026-08-26T10:49:15+08:00
IPC_2025-08-14.15.22.14.3060,clear,,,,false,,7,blue_standard,/home/yuehe/cjn/lisence-plate-forgery/data/images/IPC_2025-08-14.15.22.14.3060.jpg,/home/yuehe/cjn/lisence-plate-forgery/outputs/annotation-remaining1363-local-v3_20260825_210051/IPC_2025-08-14.15.22.14.3060/03_rectified.jpg,,2026-08-26T10:49:16+08:00
IPC_2025-08-14.15.22.18.4540,clear,,,,false,,7,blue_standard,/home/yuehe/cjn/lisence-plate-forgery/data/images/IPC_2025-08-14.15.22.18.4540.jpg,/home/yuehe/cjn/lisence-plate-forgery/outputs/annotation-remaining1363-local-v3_20260825_210051/IPC_2025-08-14.15.22.18.4540/03_rectified.jpg,,2026-08-26T10:49:18+08:00
IPC_2025-08-14.15.22.20.0470,clear,,,,false,,7,blue_standard,/home/yuehe/cjn/lisence-plate-forgery/data/images/IPC_2025-08-14.15.22.20.0470.jpg,/home/yuehe/cjn/lisence-plate-forgery/outputs/annotation-remaining1363-local-v3_20260825_210051/IPC_2025-08-14.15.22.20.0470/03_rectified.jpg,,2026-08-26T10:49:20+08:00
IPC_2025-08-14.15.22.21.9950,clear,,,,false,,7,blue_standard,/home/yuehe/cjn/lisence-plate-forgery/data/images/IPC_2025-08-14.15.22.21.9950.jpg,/home/yuehe/cjn/lisence-plate-forgery/outputs/annotation-remaining1363-local-v3_20260825_210051/IPC_2025-08-14.15.22.21.9950/03_rectified.jpg,,2026-08-26T10:49:23+08:00
IPC_2025-08-14.15.22.23.8189,clear,,,,false,,7,blue_standard,/home/yuehe/cjn/lisence-plate-forgery/data/images/IPC_2025-08-14.15.22.23.8189.jpg,/home/yuehe/cjn/lisence-plate-forgery/outputs/annotation-remaining1363-local-v3_20260825_210051/IPC_2025-08-14.15.22.23.8189/03_rectified.jpg,,2026-08-26T10:49:24+08:00
IPC_2025-08-14.15.22.28.1100,clear,,,,false,,7,blue_standard,/home/yuehe/cjn/lisence-plate-forgery/data/images/IPC_2025-08-14.15.22.28.1100.jpg,/home/yuehe/cjn/lisence-plate-forgery/outputs/annotation-remaining1363-local-v3_20260825_210051/IPC_2025-08-14.15.22.28.1100/03_rectified.jpg,,2026-08-26T10:49:27+08:00
IPC_2025-08-14.15.22.29.4010,clear,,,,false,,7,blue_standard,/home/yuehe/cjn/lisence-plate-forgery/data/images/IPC_2025-08-14.15.22.29.4010.jpg,/home/yuehe/cjn/lisence-plate-forgery/outputs/annotation-remaining1363-local-v3_20260825_210051/IPC_2025-08-14.15.22.29.4010/03_rectified.jpg,,2026-08-26T10:49:28+08:00
IPC_2025-08-14.15.22.31.4330,clear,,,,false,,7,blue_standard,/home/yuehe/cjn/lisence-plate-forgery/data/images/IPC_2025-08-14.15.22.31.4330.jpg,/home/yuehe/cjn/lisence-plate-forgery/outputs/annotation-remaining1363-local-v3_20260825_210051/IPC_2025-08-14.15.22.31.4330/03_rectified.jpg,,2026-08-26T10:49:31+08:00
IPC_2025-08-14.15.22.34.0410,clear,,,,false,,7,blue_standard,/home/yuehe/cjn/lisence-plate-forgery/data/images/IPC_2025-08-14.15.22.34.0410.jpg,/home/yuehe/cjn/lisence-plate-forgery/outputs/annotation-remaining1363-local-v3_20260825_210051/IPC_2025-08-14.15.22.34.0410/03_rectified.jpg,,2026-08-26T10:49:33+08:00
IPC_2025-08-14.15.22.35.5070,clear,,,,false,,7,blue_standard,/home/yuehe/cjn/lisence-plate-forgery/data/images/IPC_2025-08-14.15.22.35.5070.jpg,/home/yuehe/cjn/lisence-plate-forgery/outputs/annotation-remaining1363-local-v3_20260825_210051/IPC_2025-08-14.15.22.35.5070/03_rectified.jpg,,2026-08-26T10:49:35+08:00
IPC_2025-08-14.15.22.40.3120,unassessable,,,,false,,7,blue_standard,/home/yuehe/cjn/lisence-plate-forgery/data/images/IPC_2025-08-14.15.22.40.3120.jpg,/home/yuehe/cjn/lisence-plate-forgery/outputs/annotation-remaining1363-local-v3_20260825_210051/IPC_2025-08-14.15.22.40.3120/03_rectified.jpg,,2026-08-26T10:49:42+08:00
IPC_2025-08-14.15.22.41.9690,clear,,,,false,,7,blue_standard,/home/yuehe/cjn/lisence-plate-forgery/data/images/IPC_2025-08-14.15.22.41.9690.jpg,/home/yuehe/cjn/lisence-plate-forgery/outputs/annotation-remaining1363-local-v3_20260825_210051/IPC_2025-08-14.15.22.41.9690/03_rectified.jpg,,2026-08-26T10:49:46+08:00
IPC_2025-08-14.15.22.45.7820,clear,,,,false,,7,blue_standard,/home/yuehe/cjn/lisence-plate-forgery/data/images/IPC_2025-08-14.15.22.45.7820.jpg,/home/yuehe/cjn/lisence-plate-forgery/outputs/annotation-remaining1363-local-v3_20260825_210051/IPC_2025-08-14.15.22.45.7820/03_rectified.jpg,,2026-08-26T10:49:53+08:00
IPC_2025-08-14.15.22.51.0080,clear,,,,false,,7,blue_standard,/home/yuehe/cjn/lisence-plate-forgery/data/images/IPC_2025-08-14.15.22.51.0080.jpg,/home/yuehe/cjn/lisence-plate-forgery/outputs/annotation-remaining1363-local-v3_20260825_210051/IPC_2025-08-14.15.22.51.0080/03_rectified.jpg,,2026-08-26T10:49:56+08:00
IPC_2025-08-14.15.22.53.4770,clear,,,,false,,7,blue_standard,/home/yuehe/cjn/lisence-plate-forgery/data/images/IPC_2025-08-14.15.22.53.4770.jpg,/home/yuehe/cjn/lisence-plate-forgery/outputs/annotation-remaining1363-local-v3_20260825_210051/IPC_2025-08-14.15.22.53.4770/03_rectified.jpg,,2026-08-26T10:49:58+08:00
IPC_2025-08-14.15.22.54.9110,clear,,,,false,,7,blue_standard,/home/yuehe/cjn/lisence-plate-forgery/data/images/IPC_2025-08-14.15.22.54.9110.jpg,/home/yuehe/cjn/lisence-plate-forgery/outputs/annotation-remaining1363-local-v3_20260825_210051/IPC_2025-08-14.15.22.54.9110/03_rectified.jpg,,2026-08-26T10:50:01+08:00
IPC_2025-08-14.15.22.59.3310,clear,,,,false,,7,blue_standard,/home/yuehe/cjn/lisence-plate-forgery/data/images/IPC_2025-08-14.15.22.59.3310.jpg,/home/yuehe/cjn/lisence-plate-forgery/outputs/annotation-remaining1363-local-v3_20260825_210051/IPC_2025-08-14.15.22.59.3310/03_rectified.jpg,,2026-08-26T10:50:04+08:00
IPC_2025-08-14.15.23.03.1880,clear,,,,false,,7,blue_standard,/home/yuehe/cjn/lisence-plate-forgery/data/images/IPC_2025-08-14.15.23.03.1880.jpg,/home/yuehe/cjn/lisence-plate-forgery/outputs/annotation-remaining1363-local-v3_20260825_210051/IPC_2025-08-14.15.23.03.1880/03_rectified.jpg,,2026-08-26T10:50:08+08:00
IPC_2025-08-14.15.23.04.6160,clear,,,,false,,7,blue_standard,/home/yuehe/cjn/lisence-plate-forgery/data/images/IPC_2025-08-14.15.23.04.6160.jpg,/home/yuehe/cjn/lisence-plate-forgery/outputs/annotation-remaining1363-local-v3_20260825_210051/IPC_2025-08-14.15.23.04.6160/03_rectified.jpg,,2026-08-26T10:50:10+08:00
IPC_2025-08-14.15.23.06.0010,clear,,,,false,,7,blue_standard,/home/yuehe/cjn/lisence-plate-forgery/data/images/IPC_2025-08-14.15.23.06.0010.jpg,/home/yuehe/cjn/lisence-plate-forgery/outputs/annotation-remaining1363-local-v3_20260825_210051/IPC_2025-08-14.15.23.06.0010/03_rectified.jpg,,2026-08-26T10:50:13+08:00
IPC_2025-08-14.15.23.08.2210,clear,,,,false,,7,blue_standard,/home/yuehe/cjn/lisence-plate-forgery/data/images/IPC_2025-08-14.15.23.08.2210.jpg,/home/yuehe/cjn/lisence-plate-forgery/outputs/annotation-remaining1363-local-v3_20260825_210051/IPC_2025-08-14.15.23.08.2210/03_rectified.jpg,,2026-08-26T10:50:14+08:00
IPC_2025-08-14.15.23.12.2880,clear,,,,false,,7,blue_standard,/home/yuehe/cjn/lisence-plate-forgery/data/images/IPC_2025-08-14.15.23.12.2880.jpg,/home/yuehe/cjn/lisence-plate-forgery/outputs/annotation-remaining1363-local-v3_20260825_210051/IPC_2025-08-14.15.23.12.2880/03_rectified.jpg,,2026-08-26T10:50:17+08:00
IPC_2025-08-14.15.23.25.9570,clear,,,,false,,7,blue_standard,/home/yuehe/cjn/lisence-plate-forgery/data/images/IPC_2025-08-14.15.23.25.9570.jpg,/home/yuehe/cjn/lisence-plate-forgery/outputs/annotation-remaining1363-local-v3_20260825_210051/IPC_2025-08-14.15.23.25.9570/03_rectified.jpg,,2026-08-26T10:50:20+08:00
IPC_2025-08-14.15.23.27.4570,clear,,,,false,,7,blue_standard,/home/yuehe/cjn/lisence-plate-forgery/data/images/IPC_2025-08-14.15.23.27.4570.jpg,/home/yuehe/cjn/lisence-plate-forgery/outputs/annotation-remaining1363-local-v3_20260825_210051/IPC_2025-08-14.15.23.27.4570/03_rectified.jpg,,2026-08-26T10:50:25+08:00
IPC_2025-08-14.15.23.29.2330,clear,,,,false,,7,blue_standard,/home/yuehe/cjn/lisence-plate-forgery/data/images/IPC_2025-08-14.15.23.29.2330.jpg,/home/yuehe/cjn/lisence-plate-forgery/outputs/annotation-remaining1363-local-v3_20260825_210051/IPC_2025-08-14.15.23.29.2330/03_rectified.jpg,,2026-08-26T10:50:29+08:00
IPC_2025-08-14.15.23.30.7420,clear,,,,false,,7,blue_standard,/home/yuehe/cjn/lisence-plate-forgery/data/images/IPC_2025-08-14.15.23.30.7420.jpg,/home/yuehe/cjn/lisence-plate-forgery/outputs/annotation-remaining1363-local-v3_20260825_210051/IPC_2025-08-14.15.23.30.7420/03_rectified.jpg,,2026-08-26T10:50:32+08:00
IPC_2025-08-14.15.23.33.6870,clear,,,,false,,7,blue_standard,/home/yuehe/cjn/lisence-plate-forgery/data/images/IPC_2025-08-14.15.23.33.6870.jpg,/home/yuehe/cjn/lisence-plate-forgery/outputs/annotation-remaining1363-local-v3_20260825_210051/IPC_2025-08-14.15.23.33.6870/03_rectified.jpg,,2026-08-26T10:50:34+08:00
IPC_2025-08-14.15.23.34.6410,clear,,,,false,,7,blue_standard,/home/yuehe/cjn/lisence-plate-forgery/data/images/IPC_2025-08-14.15.23.34.6410.jpg,/home/yuehe/cjn/lisence-plate-forgery/outputs/annotation-remaining1363-local-v3_20260825_210051/IPC_2025-08-14.15.23.34.6410/03_rectified.jpg,,2026-08-26T10:50:36+08:00
IPC_2025-08-14.15.23.36.6810,clear,,,,false,,7,blue_standard,/home/yuehe/cjn/lisence-plate-forgery/data/images/IPC_2025-08-14.15.23.36.6810.jpg,/home/yuehe/cjn/lisence-plate-forgery/outputs/annotation-remaining1363-local-v3_20260825_210051/IPC_2025-08-14.15.23.36.6810/03_rectified.jpg,,2026-08-26T10:50:39+08:00
IPC_2025-08-14.15.23.38.2819,clear,,,,false,,7,blue_standard,/home/yuehe/cjn/lisence-plate-forgery/data/images/IPC_2025-08-14.15.23.38.2819.jpg,/home/yuehe/cjn/lisence-plate-forgery/outputs/annotation-remaining1363-local-v3_20260825_210051/IPC_2025-08-14.15.23.38.2819/03_rectified.jpg,,2026-08-26T10:50:41+08:00
IPC_2025-08-14.15.23.39.2410,clear,,,,false,,7,blue_standard,/home/yuehe/cjn/lisence-plate-forgery/data/images/IPC_2025-08-14.15.23.39.2410.jpg,/home/yuehe/cjn/lisence-plate-forgery/outputs/annotation-remaining1363-local-v3_20260825_210051/IPC_2025-08-14.15.23.39.2410/03_rectified.jpg,,2026-08-26T10:50:45+08:00
IPC_2025-08-14.15.23.39.3770,clear,,,,false,,7,blue_standard,/home/yuehe/cjn/lisence-plate-forgery/data/images/IPC_2025-08-14.15.23.39.3770.jpg,/home/yuehe/cjn/lisence-plate-forgery/outputs/annotation-remaining1363-local-v3_20260825_210051/IPC_2025-08-14.15.23.39.3770/03_rectified.jpg,,2026-08-26T10:50:47+08:00
IPC_2025-08-14.15.23.43.4490,clear,,,,false,,7,blue_standard,/home/yuehe/cjn/lisence-plate-forgery/data/images/IPC_2025-08-14.15.23.43.4490.jpg,/home/yuehe/cjn/lisence-plate-forgery/outputs/annotation-remaining1363-local-v3_20260825_210051/IPC_2025-08-14.15.23.43.4490/03_rectified.jpg,,2026-08-26T10:50:52+08:00
IPC_2025-08-14.15.23.44.6610,clear,,,,false,,7,blue_standard,/home/yuehe/cjn/lisence-plate-forgery/data/images/IPC_2025-08-14.15.23.44.6610.jpg,/home/yuehe/cjn/lisence-plate-forgery/outputs/annotation-remaining1363-local-v3_20260825_210051/IPC_2025-08-14.15.23.44.6610/03_rectified.jpg,,2026-08-26T10:51:03+08:00
IPC_2025-08-14.15.23.46.0300,clear,,,,false,,7,blue_standard,/home/yuehe/cjn/lisence-plate-forgery/data/images/IPC_2025-08-14.15.23.46.0300.jpg,/home/yuehe/cjn/lisence-plate-forgery/outputs/annotation-remaining1363-local-v3_20260825_210051/IPC_2025-08-14.15.23.46.0300/03_rectified.jpg,,2026-08-26T10:51:26+08:00
IPC_2025-08-14.15.24.08.2859,clear,,,,false,,7,blue_standard,/home/yuehe/cjn/lisence-plate-forgery/data/images/IPC_2025-08-14.15.24.08.2859.jpg,/home/yuehe/cjn/lisence-plate-forgery/outputs/annotation-remaining1363-local-v3_20260825_210051/IPC_2025-08-14.15.24.08.2859/03_rectified.jpg,,2026-08-26T10:51:28+08:00
IPC_2025-08-14.15.24.09.4630,clear,,,,false,,7,blue_standard,/home/yuehe/cjn/lisence-plate-forgery/data/images/IPC_2025-08-14.15.24.09.4630.jpg,/home/yuehe/cjn/lisence-plate-forgery/outputs/annotation-remaining1363-local-v3_20260825_210051/IPC_2025-08-14.15.24.09.4630/03_rectified.jpg,,2026-08-26T10:51:31+08:00
IPC_2025-08-14.15.24.13.2370,clear,,,,false,,7,blue_standard,/home/yuehe/cjn/lisence-plate-forgery/data/images/IPC_2025-08-14.15.24.13.2370.jpg,/home/yuehe/cjn/lisence-plate-forgery/outputs/annotation-remaining1363-local-v3_20260825_210051/IPC_2025-08-14.15.24.13.2370/03_rectified.jpg,,2026-08-26T10:51:34+08:00
IPC_2025-08-14.15.24.21.3020,clear,,,,false,,7,blue_standard,/home/yuehe/cjn/lisence-plate-forgery/data/images/IPC_2025-08-14.15.24.21.3020.jpg,/home/yuehe/cjn/lisence-plate-forgery/outputs/annotation-remaining1363-local-v3_20260825_210051/IPC_2025-08-14.15.24.21.3020/03_rectified.jpg,,2026-08-26T10:51:38+08:00
IPC_2025-08-14.15.24.22.9500,clear,,,,false,,7,blue_standard,/home/yuehe/cjn/lisence-plate-forgery/data/images/IPC_2025-08-14.15.24.22.9500.jpg,/home/yuehe/cjn/lisence-plate-forgery/outputs/annotation-remaining1363-local-v3_20260825_210051/IPC_2025-08-14.15.24.22.9500/03_rectified.jpg,,2026-08-26T10:51:40+08:00
IPC_2025-08-14.15.24.25.2350,clear,,,,false,,7,blue_standard,/home/yuehe/cjn/lisence-plate-forgery/data/images/IPC_2025-08-14.15.24.25.2350.jpg,/home/yuehe/cjn/lisence-plate-forgery/outputs/annotation-remaining1363-local-v3_20260825_210051/IPC_2025-08-14.15.24.25.2350/03_rectified.jpg,,2026-08-26T10:51:43+08:00
IPC_2025-08-14.15.24.39.8770,clear,,,,false,,7,blue_standard,/home/yuehe/cjn/lisence-plate-forgery/data/images/IPC_2025-08-14.15.24.39.8770.jpg,/home/yuehe/cjn/lisence-plate-forgery/outputs/annotation-remaining1363-local-v3_20260825_210051/IPC_2025-08-14.15.24.39.8770/03_rectified.jpg,,2026-08-26T10:51:45+08:00
IPC_2025-08-14.15.24.41.0550,clear,,,,false,,7,blue_standard,/home/yuehe/cjn/lisence-plate-forgery/data/images/IPC_2025-08-14.15.24.41.0550.jpg,/home/yuehe/cjn/lisence-plate-forgery/outputs/annotation-remaining1363-local-v3_20260825_210051/IPC_2025-08-14.15.24.41.0550/03_rectified.jpg,,2026-08-26T10:51:48+08:00
IPC_2025-08-14.15.24.42.1400,clear,,,,false,,7,blue_standard,/home/yuehe/cjn/lisence-plate-forgery/data/images/IPC_2025-08-14.15.24.42.1400.jpg,/home/yuehe/cjn/lisence-plate-forgery/outputs/annotation-remaining1363-local-v3_20260825_210051/IPC_2025-08-14.15.24.42.1400/03_rectified.jpg,,2026-08-26T10:51:50+08:00
IPC_2025-08-14.15.24.43.9470,clear,,,,false,,7,blue_standard,/home/yuehe/cjn/lisence-plate-forgery/data/images/IPC_2025-08-14.15.24.43.9470.jpg,/home/yuehe/cjn/lisence-plate-forgery/outputs/annotation-remaining1363-local-v3_20260825_210051/IPC_2025-08-14.15.24.43.9470/03_rectified.jpg,,2026-08-26T10:51:52+08:00
IPC_2025-08-14.15.24.45.6240,clear,,,,false,,7,blue_standard,/home/yuehe/cjn/lisence-plate-forgery/data/images/IPC_2025-08-14.15.24.45.6240.jpg,/home/yuehe/cjn/lisence-plate-forgery/outputs/annotation-remaining1363-local-v3_20260825_210051/IPC_2025-08-14.15.24.45.6240/03_rectified.jpg,,2026-08-26T10:51:55+08:00
IPC_2025-08-14.15.24.49.9880,clear,,,,false,,7,blue_standard,/home/yuehe/cjn/lisence-plate-forgery/data/images/IPC_2025-08-14.15.24.49.9880.jpg,/home/yuehe/cjn/lisence-plate-forgery/outputs/annotation-remaining1363-local-v3_20260825_210051/IPC_2025-08-14.15.24.49.9880/03_rectified.jpg,,2026-08-26T10:51:58+08:00
IPC_2025-08-14.15.24.51.1729,clear,,,,false,,7,blue_standard,/home/yuehe/cjn/lisence-plate-forgery/data/images/IPC_2025-08-14.15.24.51.1729.jpg,/home/yuehe/cjn/lisence-plate-forgery/outputs/annotation-remaining1363-local-v3_20260825_210051/IPC_2025-08-14.15.24.51.1729/03_rectified.jpg,,2026-08-26T10:52:01+08:00
IPC_2025-08-14.15.24.51.9110,clear,,,,false,,7,blue_standard,/home/yuehe/cjn/lisence-plate-forgery/data/images/IPC_2025-08-14.15.24.51.9110.jpg,/home/yuehe/cjn/lisence-plate-forgery/outputs/annotation-remaining1363-local-v3_20260825_210051/IPC_2025-08-14.15.24.51.9110/03_rectified.jpg,,2026-08-26T10:52:03+08:00
IPC_2025-08-14.15.24.53.8270,clear,,,,false,,7,blue_standard,/home/yuehe/cjn/lisence-plate-forgery/data/images/IPC_2025-08-14.15.24.53.8270.jpg,/home/yuehe/cjn/lisence-plate-forgery/outputs/annotation-remaining1363-local-v3_20260825_210051/IPC_2025-08-14.15.24.53.8270/03_rectified.jpg,,2026-08-26T10:52:09+08:00
IPC_2025-08-14.15.25.01.0650,clear,,,,false,,7,blue_standard,/home/yuehe/cjn/lisence-plate-forgery/data/images/IPC_2025-08-14.15.25.01.0650.jpg,/home/yuehe/cjn/lisence-plate-forgery/outputs/annotation-remaining1363-local-v3_20260825_210051/IPC_2025-08-14.15.25.01.0650/03_rectified.jpg,,2026-08-26T10:52:11+08:00
IPC_2025-08-14.15.25.02.1080,clear,,,,false,,7,blue_standard,/home/yuehe/cjn/lisence-plate-forgery/data/images/IPC_2025-08-14.15.25.02.1080.jpg,/home/yuehe/cjn/lisence-plate-forgery/outputs/annotation-remaining1363-local-v3_20260825_210051/IPC_2025-08-14.15.25.02.1080/03_rectified.jpg,,2026-08-26T10:52:14+08:00
IPC_2025-08-14.15.25.03.4010,clear,,,,false,,7,blue_standard,/home/yuehe/cjn/lisence-plate-forgery/data/images/IPC_2025-08-14.15.25.03.4010.jpg,/home/yuehe/cjn/lisence-plate-forgery/outputs/annotation-remaining1363-local-v3_20260825_210051/IPC_2025-08-14.15.25.03.4010/03_rectified.jpg,,2026-08-26T10:52:16+08:00
IPC_2025-08-14.15.25.05.1200,clear,,,,false,,7,blue_standard,/home/yuehe/cjn/lisence-plate-forgery/data/images/IPC_2025-08-14.15.25.05.1200.jpg,/home/yuehe/cjn/lisence-plate-forgery/outputs/annotation-remaining1363-local-v3_20260825_210051/IPC_2025-08-14.15.25.05.1200/03_rectified.jpg,,2026-08-26T10:52:18+08:00
IPC_2025-08-14.15.25.06.5460,clear,,,,false,,7,blue_standard,/home/yuehe/cjn/lisence-plate-forgery/data/images/IPC_2025-08-14.15.25.06.5460.jpg,/home/yuehe/cjn/lisence-plate-forgery/outputs/annotation-remaining1363-local-v3_20260825_210051/IPC_2025-08-14.15.25.06.5460/03_rectified.jpg,,2026-08-26T10:52:23+08:00
IPC_2025-08-14.15.25.10.2450,clear,,,,false,,7,blue_standard,/home/yuehe/cjn/lisence-plate-forgery/data/images/IPC_2025-08-14.15.25.10.2450.jpg,/home/yuehe/cjn/lisence-plate-forgery/outputs/annotation-remaining1363-local-v3_20260825_210051/IPC_2025-08-14.15.25.10.2450/03_rectified.jpg,,2026-08-26T10:52:25+08:00
IPC_2025-08-14.15.25.11.7910,clear,,,,false,,7,blue_standard,/home/yuehe/cjn/lisence-plate-forgery/data/images/IPC_2025-08-14.15.25.11.7910.jpg,/home/yuehe/cjn/lisence-plate-forgery/outputs/annotation-remaining1363-local-v3_20260825_210051/IPC_2025-08-14.15.25.11.7910/03_rectified.jpg,,2026-08-26T10:52:28+08:00
IPC_2025-08-14.15.25.13.2740,clear,,,,false,,7,blue_standard,/home/yuehe/cjn/lisence-plate-forgery/data/images/IPC_2025-08-14.15.25.13.2740.jpg,/home/yuehe/cjn/lisence-plate-forgery/outputs/annotation-remaining1363-local-v3_20260825_210051/IPC_2025-08-14.15.25.13.2740/03_rectified.jpg,,2026-08-26T10:52:31+08:00
IPC_2025-08-14.15.25.14.6000,clear,,,,false,,7,blue_standard,/home/yuehe/cjn/lisence-plate-forgery/data/images/IPC_2025-08-14.15.25.14.6000.jpg,/home/yuehe/cjn/lisence-plate-forgery/outputs/annotation-remaining1363-local-v3_20260825_210051/IPC_2025-08-14.15.25.14.6000/03_rectified.jpg,,2026-08-26T10:52:34+08:00
IPC_2025-08-14.15.25.16.5410,clear,,,,false,,7,blue_standard,/home/yuehe/cjn/lisence-plate-forgery/data/images/IPC_2025-08-14.15.25.16.5410.jpg,/home/yuehe/cjn/lisence-plate-forgery/outputs/annotation-remaining1363-local-v3_20260825_210051/IPC_2025-08-14.15.25.16.5410/03_rectified.jpg,,2026-08-26T10:52:37+08:00
IPC_2025-08-14.15.25.23.0540,clear,,,,false,,7,blue_standard,/home/yuehe/cjn/lisence-plate-forgery/data/images/IPC_2025-08-14.15.25.23.0540.jpg,/home/yuehe/cjn/lisence-plate-forgery/outputs/annotation-remaining1363-local-v3_20260825_210051/IPC_2025-08-14.15.25.23.0540/03_rectified.jpg,,2026-08-26T10:52:39+08:00
IPC_2025-08-14.15.25.24.2560,clear,,,,false,,7,blue_standard,/home/yuehe/cjn/lisence-plate-forgery/data/images/IPC_2025-08-14.15.25.24.2560.jpg,/home/yuehe/cjn/lisence-plate-forgery/outputs/annotation-remaining1363-local-v3_20260825_210051/IPC_2025-08-14.15.25.24.2560/03_rectified.jpg,,2026-08-26T10:52:43+08:00
IPC_2025-08-14.15.25.25.5030,clear,,,,false,,7,blue_standard,/home/yuehe/cjn/lisence-plate-forgery/data/images/IPC_2025-08-14.15.25.25.5030.jpg,/home/yuehe/cjn/lisence-plate-forgery/outputs/annotation-remaining1363-local-v3_20260825_210051/IPC_2025-08-14.15.25.25.5030/03_rectified.jpg,,2026-08-26T10:52:48+08:00
IPC_2025-08-14.15.25.26.4140,clear,,,,false,,7,blue_standard,/home/yuehe/cjn/lisence-plate-forgery/data/images/IPC_2025-08-14.15.25.26.4140.jpg,/home/yuehe/cjn/lisence-plate-forgery/outputs/annotation-remaining1363-local-v3_20260825_210051/IPC_2025-08-14.15.25.26.4140/03_rectified.jpg,,2026-08-26T10:52:52+08:00
IPC_2025-08-14.15.25.27.8570,clear,,,,false,,7,blue_standard,/home/yuehe/cjn/lisence-plate-forgery/data/images/IPC_2025-08-14.15.25.27.8570.jpg,/home/yuehe/cjn/lisence-plate-forgery/outputs/annotation-remaining1363-local-v3_20260825_210051/IPC_2025-08-14.15.25.27.8570/03_rectified.jpg,,2026-08-26T10:52:59+08:00
IPC_2025-08-14.15.25.39.3020,clear,,,,false,,7,blue_standard,/home/yuehe/cjn/lisence-plate-forgery/data/images/IPC_2025-08-14.15.25.39.3020.jpg,/home/yuehe/cjn/lisence-plate-forgery/outputs/annotation-remaining1363-local-v3_20260825_210051/IPC_2025-08-14.15.25.39.3020/03_rectified.jpg,,2026-08-26T10:53:01+08:00
IPC_2025-08-14.15.25.41.5150,clear,,,,false,,7,blue_standard,/home/yuehe/cjn/lisence-plate-forgery/data/images/IPC_2025-08-14.15.25.41.5150.jpg,/home/yuehe/cjn/lisence-plate-forgery/outputs/annotation-remaining1363-local-v3_20260825_210051/IPC_2025-08-14.15.25.41.5150/03_rectified.jpg,,2026-08-26T10:53:03+08:00
IPC_2025-08-14.15.25.43.7980,clear,,,,false,,7,blue_standard,/home/yuehe/cjn/lisence-plate-forgery/data/images/IPC_2025-08-14.15.25.43.7980.jpg,/home/yuehe/cjn/lisence-plate-forgery/outputs/annotation-remaining1363-local-v3_20260825_210051/IPC_2025-08-14.15.25.43.7980/03_rectified.jpg,,2026-08-26T10:53:05+08:00
IPC_2025-08-14.15.25.53.3690,clear,,,,false,,7,blue_standard,/home/yuehe/cjn/lisence-plate-forgery/data/images/IPC_2025-08-14.15.25.53.3690.jpg,/home/yuehe/cjn/lisence-plate-forgery/outputs/annotation-remaining1363-local-v3_20260825_210051/IPC_2025-08-14.15.25.53.3690/03_rectified.jpg,,2026-08-26T10:53:08+08:00
IPC_2025-08-14.15.25.54.4050,clear,,,,false,,7,blue_standard,/home/yuehe/cjn/lisence-plate-forgery/data/images/IPC_2025-08-14.15.25.54.4050.jpg,/home/yuehe/cjn/lisence-plate-forgery/outputs/annotation-remaining1363-local-v3_20260825_210051/IPC_2025-08-14.15.25.54.4050/03_rectified.jpg,,2026-08-26T10:53:11+08:00
IPC_2025-08-14.15.25.55.3020,clear,,,,false,,7,blue_standard,/home/yuehe/cjn/lisence-plate-forgery/data/images/IPC_2025-08-14.15.25.55.3020.jpg,/home/yuehe/cjn/lisence-plate-forgery/outputs/annotation-remaining1363-local-v3_20260825_210051/IPC_2025-08-14.15.25.55.3020/03_rectified.jpg,,2026-08-26T10:53:14+08:00
IPC_2025-08-14.15.25.57.2190,clear,,,,false,,7,blue_standard,/home/yuehe/cjn/lisence-plate-forgery/data/images/IPC_2025-08-14.15.25.57.2190.jpg,/home/yuehe/cjn/lisence-plate-forgery/outputs/annotation-remaining1363-local-v3_20260825_210051/IPC_2025-08-14.15.25.57.2190/03_rectified.jpg,,2026-08-26T10:53:18+08:00
IPC_2025-08-14.15.25.58.9430,clear,,,,false,,7,blue_standard,/home/yuehe/cjn/lisence-plate-forgery/data/images/IPC_2025-08-14.15.25.58.9430.jpg,/home/yuehe/cjn/lisence-plate-forgery/outputs/annotation-remaining1363-local-v3_20260825_210051/IPC_2025-08-14.15.25.58.9430/03_rectified.jpg,,2026-08-26T10:53:22+08:00
IPC_2025-08-14.15.26.00.2410,clear,,,,false,,7,blue_standard,/home/yuehe/cjn/lisence-plate-forgery/data/images/IPC_2025-08-14.15.26.00.2410.jpg,/home/yuehe/cjn/lisence-plate-forgery/outputs/annotation-remaining1363-local-v3_20260825_210051/IPC_2025-08-14.15.26.00.2410/03_rectified.jpg,,2026-08-26T10:53:24+08:00
IPC_2025-08-14.15.26.03.4730,clear,,,,false,,7,blue_standard,/home/yuehe/cjn/lisence-plate-forgery/data/images/IPC_2025-08-14.15.26.03.4730.jpg,/home/yuehe/cjn/lisence-plate-forgery/outputs/annotation-remaining1363-local-v3_20260825_210051/IPC_2025-08-14.15.26.03.4730/03_rectified.jpg,,2026-08-26T10:53:28+08:00
IPC_2025-08-14.15.26.04.4950,clear,,,,false,,7,blue_standard,/home/yuehe/cjn/lisence-plate-forgery/data/images/IPC_2025-08-14.15.26.04.4950.jpg,/home/yuehe/cjn/lisence-plate-forgery/outputs/annotation-remaining1363-local-v3_20260825_210051/IPC_2025-08-14.15.26.04.4950/03_rectified.jpg,,2026-08-26T10:53:29+08:00
IPC_2025-08-14.15.26.06.8430,clear,,,,false,,7,blue_standard,/home/yuehe/cjn/lisence-plate-forgery/data/images/IPC_2025-08-14.15.26.06.8430.jpg,/home/yuehe/cjn/lisence-plate-forgery/outputs/annotation-remaining1363-local-v3_20260825_210051/IPC_2025-08-14.15.26.06.8430/03_rectified.jpg,,2026-08-26T10:53:32+08:00
IPC_2025-08-14.15.26.08.5760,clear,,,,false,,7,blue_standard,/home/yuehe/cjn/lisence-plate-forgery/data/images/IPC_2025-08-14.15.26.08.5760.jpg,/home/yuehe/cjn/lisence-plate-forgery/outputs/annotation-remaining1363-local-v3_20260825_210051/IPC_2025-08-14.15.26.08.5760/03_rectified.jpg,,2026-08-26T10:53:35+08:00
IPC_2025-08-14.15.26.17.6300,clear,,,,false,,7,blue_standard,/home/yuehe/cjn/lisence-plate-forgery/data/images/IPC_2025-08-14.15.26.17.6300.jpg,/home/yuehe/cjn/lisence-plate-forgery/outputs/annotation-remaining1363-local-v3_20260825_210051/IPC_2025-08-14.15.26.17.6300/03_rectified.jpg,,2026-08-26T10:53:38+08:00
IPC_2025-08-14.15.26.18.1770,clear,,,,false,,7,blue_standard,/home/yuehe/cjn/lisence-plate-forgery/data/images/IPC_2025-08-14.15.26.18.1770.jpg,/home/yuehe/cjn/lisence-plate-forgery/outputs/annotation-remaining1363-local-v3_20260825_210051/IPC_2025-08-14.15.26.18.1770/03_rectified.jpg,,2026-08-26T10:53:42+08:00
IPC_2025-08-14.15.26.19.2970,clear,,,,false,,7,blue_standard,/home/yuehe/cjn/lisence-plate-forgery/data/images/IPC_2025-08-14.15.26.19.2970.jpg,/home/yuehe/cjn/lisence-plate-forgery/outputs/annotation-remaining1363-local-v3_20260825_210051/IPC_2025-08-14.15.26.19.2970/03_rectified.jpg,,2026-08-26T10:53:44+08:00
IPC_2025-08-14.15.26.20.4240,clear,,,,false,,7,blue_standard,/home/yuehe/cjn/lisence-plate-forgery/data/images/IPC_2025-08-14.15.26.20.4240.jpg,/home/yuehe/cjn/lisence-plate-forgery/outputs/annotation-remaining1363-local-v3_20260825_210051/IPC_2025-08-14.15.26.20.4240/03_rectified.jpg,,2026-08-26T10:53:47+08:00
IPC_2025-08-14.15.26.22.3580,clear,,,,false,,7,blue_standard,/home/yuehe/cjn/lisence-plate-forgery/data/images/IPC_2025-08-14.15.26.22.3580.jpg,/home/yuehe/cjn/lisence-plate-forgery/outputs/annotation-remaining1363-local-v3_20260825_210051/IPC_2025-08-14.15.26.22.3580/03_rectified.jpg,,2026-08-26T10:53:49+08:00
IPC_2025-08-14.15.26.25.4040,clear,,,,false,,7,blue_standard,/home/yuehe/cjn/lisence-plate-forgery/data/images/IPC_2025-08-14.15.26.25.4040.jpg,/home/yuehe/cjn/lisence-plate-forgery/outputs/annotation-remaining1363-local-v3_20260825_210051/IPC_2025-08-14.15.26.25.4040/03_rectified.jpg,,2026-08-26T10:53:51+08:00
IPC_2025-08-14.15.26.27.0290,clear,,,,false,,7,blue_standard,/home/yuehe/cjn/lisence-plate-forgery/data/images/IPC_2025-08-14.15.26.27.0290.jpg,/home/yuehe/cjn/lisence-plate-forgery/outputs/annotation-remaining1363-local-v3_20260825_210051/IPC_2025-08-14.15.26.27.0290/03_rectified.jpg,,2026-08-26T10:53:53+08:00
IPC_2025-08-14.15.26.27.8750,clear,,,,false,,7,blue_standard,/home/yuehe/cjn/lisence-plate-forgery/data/images/IPC_2025-08-14.15.26.27.8750.jpg,/home/yuehe/cjn/lisence-plate-forgery/outputs/annotation-remaining1363-local-v3_20260825_210051/IPC_2025-08-14.15.26.27.8750/03_rectified.jpg,,2026-08-26T10:53:55+08:00
IPC_2025-08-14.15.26.30.5629,clear,,,,false,,7,blue_standard,/home/yuehe/cjn/lisence-plate-forgery/data/images/IPC_2025-08-14.15.26.30.5629.jpg,/home/yuehe/cjn/lisence-plate-forgery/outputs/annotation-remaining1363-local-v3_20260825_210051/IPC_2025-08-14.15.26.30.5629/03_rectified.jpg,,2026-08-26T10:53:57+08:00
IPC_2025-08-14.15.26.31.6260,clear,,,,false,,7,blue_standard,/home/yuehe/cjn/lisence-plate-forgery/data/images/IPC_2025-08-14.15.26.31.6260.jpg,/home/yuehe/cjn/lisence-plate-forgery/outputs/annotation-remaining1363-local-v3_20260825_210051/IPC_2025-08-14.15.26.31.6260/03_rectified.jpg,,2026-08-26T10:54:00+08:00
IPC_2025-08-14.15.26.31.7440,clear,,,,false,,7,blue_standard,/home/yuehe/cjn/lisence-plate-forgery/data/images/IPC_2025-08-14.15.26.31.7440.jpg,/home/yuehe/cjn/lisence-plate-forgery/outputs/annotation-remaining1363-local-v3_20260825_210051/IPC_2025-08-14.15.26.31.7440/03_rectified.jpg,,2026-08-26T10:54:03+08:00
IPC_2025-08-14.15.26.35.6100,clear,,,,false,,7,blue_standard,/home/yuehe/cjn/lisence-plate-forgery/data/images/IPC_2025-08-14.15.26.35.6100.jpg,/home/yuehe/cjn/lisence-plate-forgery/outputs/annotation-remaining1363-local-v3_20260825_210051/IPC_2025-08-14.15.26.35.6100/03_rectified.jpg,,2026-08-26T10:54:08+08:00
IPC_2025-08-14.15.26.37.0850,clear,,,,false,,7,blue_standard,/home/yuehe/cjn/lisence-plate-forgery/data/images/IPC_2025-08-14.15.26.37.0850.jpg,/home/yuehe/cjn/lisence-plate-forgery/outputs/annotation-remaining1363-local-v3_20260825_210051/IPC_2025-08-14.15.26.37.0850/03_rectified.jpg,,2026-08-26T10:54:10+08:00
IPC_2025-08-14.15.26.37.9060,clear,,,,false,,7,blue_standard,/home/yuehe/cjn/lisence-plate-forgery/data/images/IPC_2025-08-14.15.26.37.9060.jpg,/home/yuehe/cjn/lisence-plate-forgery/outputs/annotation-remaining1363-local-v3_20260825_210051/IPC_2025-08-14.15.26.37.9060/03_rectified.jpg,,2026-08-26T10:54:15+08:00
IPC_2025-08-14.15.26.40.7770,clear,,,,false,,7,blue_standard,/home/yuehe/cjn/lisence-plate-forgery/data/images/IPC_2025-08-14.15.26.40.7770.jpg,/home/yuehe/cjn/lisence-plate-forgery/outputs/annotation-remaining1363-local-v3_20260825_210051/IPC_2025-08-14.15.26.40.7770/03_rectified.jpg,,2026-08-26T10:54:21+08:00
IPC_2025-08-14.15.26.43.9950,clear,,,,false,,7,blue_standard,/home/yuehe/cjn/lisence-plate-forgery/data/images/IPC_2025-08-14.15.26.43.9950.jpg,/home/yuehe/cjn/lisence-plate-forgery/outputs/annotation-remaining1363-local-v3_20260825_210051/IPC_2025-08-14.15.26.43.9950/03_rectified.jpg,,2026-08-26T10:54:29+08:00
IPC_2025-08-14.15.26.46.6080,clear,,,,false,,7,blue_standard,/home/yuehe/cjn/lisence-plate-forgery/data/images/IPC_2025-08-14.15.26.46.6080.jpg,/home/yuehe/cjn/lisence-plate-forgery/outputs/annotation-remaining1363-local-v3_20260825_210051/IPC_2025-08-14.15.26.46.6080/03_rectified.jpg,,2026-08-26T10:54:33+08:00
IPC_2025-08-14.15.26.48.3600,clear,,,,false,,7,blue_standard,/home/yuehe/cjn/lisence-plate-forgery/data/images/IPC_2025-08-14.15.26.48.3600.jpg,/home/yuehe/cjn/lisence-plate-forgery/outputs/annotation-remaining1363-local-v3_20260825_210051/IPC_2025-08-14.15.26.48.3600/03_rectified.jpg,,2026-08-26T10:54:35+08:00
IPC_2025-08-14.15.26.50.3760,clear,,,,false,,7,blue_standard,/home/yuehe/cjn/lisence-plate-forgery/data/images/IPC_2025-08-14.15.26.50.3760.jpg,/home/yuehe/cjn/lisence-plate-forgery/outputs/annotation-remaining1363-local-v3_20260825_210051/IPC_2025-08-14.15.26.50.3760/03_rectified.jpg,,2026-08-26T10:54:38+08:00
IPC_2025-08-14.15.26.54.5900,clear,,,,false,,7,blue_standard,/home/yuehe/cjn/lisence-plate-forgery/data/images/IPC_2025-08-14.15.26.54.5900.jpg,/home/yuehe/cjn/lisence-plate-forgery/outputs/annotation-remaining1363-local-v3_20260825_210051/IPC_2025-08-14.15.26.54.5900/03_rectified.jpg,,2026-08-26T10:54:43+08:00
IPC_2025-08-14.15.26.58.9340,clear,,,,false,,7,blue_standard,/home/yuehe/cjn/lisence-plate-forgery/data/images/IPC_2025-08-14.15.26.58.9340.jpg,/home/yuehe/cjn/lisence-plate-forgery/outputs/annotation-remaining1363-local-v3_20260825_210051/IPC_2025-08-14.15.26.58.9340/03_rectified.jpg,,2026-08-26T10:54:46+08:00
IPC_2025-08-14.15.27.02.1990,clear,,,,false,,7,blue_standard,/home/yuehe/cjn/lisence-plate-forgery/data/images/IPC_2025-08-14.15.27.02.1990.jpg,/home/yuehe/cjn/lisence-plate-forgery/outputs/annotation-remaining1363-local-v3_20260825_210051/IPC_2025-08-14.15.27.02.1990/03_rectified.jpg,,2026-08-26T10:54:51+08:00
IPC_2025-08-14.15.27.08.2610,clear,,,,false,,7,blue_standard,/home/yuehe/cjn/lisence-plate-forgery/data/images/IPC_2025-08-14.15.27.08.2610.jpg,/home/yuehe/cjn/lisence-plate-forgery/outputs/annotation-remaining1363-local-v3_20260825_210051/IPC_2025-08-14.15.27.08.2610/03_rectified.jpg,,2026-08-26T10:54:54+08:00
IPC_2025-08-14.15.27.13.2550,clear,,,,false,,7,blue_standard,/home/yuehe/cjn/lisence-plate-forgery/data/images/IPC_2025-08-14.15.27.13.2550.jpg,/home/yuehe/cjn/lisence-plate-forgery/outputs/annotation-remaining1363-local-v3_20260825_210051/IPC_2025-08-14.15.27.13.2550/03_rectified.jpg,,2026-08-26T10:54:56+08:00
IPC_2025-08-14.15.27.14.9840,clear,,,,false,,7,blue_standard,/home/yuehe/cjn/lisence-plate-forgery/data/images/IPC_2025-08-14.15.27.14.9840.jpg,/home/yuehe/cjn/lisence-plate-forgery/outputs/annotation-remaining1363-local-v3_20260825_210051/IPC_2025-08-14.15.27.14.9840/03_rectified.jpg,,2026-08-26T10:54:58+08:00
IPC_2025-08-14.15.27.16.5180,clear,,,,false,,7,blue_standard,/home/yuehe/cjn/lisence-plate-forgery/data/images/IPC_2025-08-14.15.27.16.5180.jpg,/home/yuehe/cjn/lisence-plate-forgery/outputs/annotation-remaining1363-local-v3_20260825_210051/IPC_2025-08-14.15.27.16.5180/03_rectified.jpg,,2026-08-26T10:55:01+08:00
IPC_2025-08-14.15.27.19.6899,clear,,,,false,,7,blue_standard,/home/yuehe/cjn/lisence-plate-forgery/data/images/IPC_2025-08-14.15.27.19.6899.jpg,/home/yuehe/cjn/lisence-plate-forgery/outputs/annotation-remaining1363-local-v3_20260825_210051/IPC_2025-08-14.15.27.19.6899/03_rectified.jpg,,2026-08-26T10:55:03+08:00
IPC_2025-08-14.15.27.22.8910,clear,,,,false,,7,blue_standard,/home/yuehe/cjn/lisence-plate-forgery/data/images/IPC_2025-08-14.15.27.22.8910.jpg,/home/yuehe/cjn/lisence-plate-forgery/outputs/annotation-remaining1363-local-v3_20260825_210051/IPC_2025-08-14.15.27.22.8910/03_rectified.jpg,,2026-08-26T10:55:05+08:00
IPC_2025-08-14.15.27.24.7010,clear,,,,false,,7,blue_standard,/home/yuehe/cjn/lisence-plate-forgery/data/images/IPC_2025-08-14.15.27.24.7010.jpg,/home/yuehe/cjn/lisence-plate-forgery/outputs/annotation-remaining1363-local-v3_20260825_210051/IPC_2025-08-14.15.27.24.7010/03_rectified.jpg,,2026-08-26T10:55:07+08:00
IPC_2025-08-14.15.27.26.2230,clear,,,,false,,7,blue_standard,/home/yuehe/cjn/lisence-plate-forgery/data/images/IPC_2025-08-14.15.27.26.2230.jpg,/home/yuehe/cjn/lisence-plate-forgery/outputs/annotation-remaining1363-local-v3_20260825_210051/IPC_2025-08-14.15.27.26.2230/03_rectified.jpg,,2026-08-26T10:55:09+08:00
IPC_2025-08-14.15.27.29.7640,clear,,,,false,,7,blue_standard,/home/yuehe/cjn/lisence-plate-forgery/data/images/IPC_2025-08-14.15.27.29.7640.jpg,/home/yuehe/cjn/lisence-plate-forgery/outputs/annotation-remaining1363-local-v3_20260825_210051/IPC_2025-08-14.15.27.29.7640/03_rectified.jpg,,2026-08-26T10:55:11+08:00
IPC_2025-08-14.15.27.32.2450,clear,,,,false,,7,blue_standard,/home/yuehe/cjn/lisence-plate-forgery/data/images/IPC_2025-08-14.15.27.32.2450.jpg,/home/yuehe/cjn/lisence-plate-forgery/outputs/annotation-remaining1363-local-v3_20260825_210051/IPC_2025-08-14.15.27.32.2450/03_rectified.jpg,,2026-08-26T10:55:13+08:00
IPC_2025-08-14.15.27.36.6590,clear,,,,false,,7,blue_standard,/home/yuehe/cjn/lisence-plate-forgery/data/images/IPC_2025-08-14.15.27.36.6590.jpg,/home/yuehe/cjn/lisence-plate-forgery/outputs/annotation-remaining1363-local-v3_20260825_210051/IPC_2025-08-14.15.27.36.6590/03_rectified.jpg,,2026-08-26T10:55:15+08:00
IPC_2025-08-14.15.27.38.6830,clear,,,,false,,7,blue_standard,/home/yuehe/cjn/lisence-plate-forgery/data/images/IPC_2025-08-14.15.27.38.6830.jpg,/home/yuehe/cjn/lisence-plate-forgery/outputs/annotation-remaining1363-local-v3_20260825_210051/IPC_2025-08-14.15.27.38.6830/03_rectified.jpg,,2026-08-26T10:55:17+08:00
IPC_2025-08-14.15.27.47.5470,clear,,,,false,,7,blue_standard,/home/yuehe/cjn/lisence-plate-forgery/data/images/IPC_2025-08-14.15.27.47.5470.jpg,/home/yuehe/cjn/lisence-plate-forgery/outputs/annotation-remaining1363-local-v3_20260825_210051/IPC_2025-08-14.15.27.47.5470/03_rectified.jpg,,2026-08-26T10:55:20+08:00
IPC_2025-08-14.15.27.49.0190,clear,,,,false,,7,blue_standard,/home/yuehe/cjn/lisence-plate-forgery/data/images/IPC_2025-08-14.15.27.49.0190.jpg,/home/yuehe/cjn/lisence-plate-forgery/outputs/annotation-remaining1363-local-v3_20260825_210051/IPC_2025-08-14.15.27.49.0190/03_rectified.jpg,,2026-08-26T10:55:21+08:00
IPC_2025-08-14.15.27.50.4640,clear,,,,false,,7,blue_standard,/home/yuehe/cjn/lisence-plate-forgery/data/images/IPC_2025-08-14.15.27.50.4640.jpg,/home/yuehe/cjn/lisence-plate-forgery/outputs/annotation-remaining1363-local-v3_20260825_210051/IPC_2025-08-14.15.27.50.4640/03_rectified.jpg,,2026-08-26T10:55:24+08:00
IPC_2025-08-14.15.27.53.7270,clear,,,,false,,7,blue_standard,/home/yuehe/cjn/lisence-plate-forgery/data/images/IPC_2025-08-14.15.27.53.7270.jpg,/home/yuehe/cjn/lisence-plate-forgery/outputs/annotation-remaining1363-local-v3_20260825_210051/IPC_2025-08-14.15.27.53.7270/03_rectified.jpg,,2026-08-26T10:55:27+08:00
IPC_2025-08-14.15.27.59.9330,clear,,,,false,,7,blue_standard,/home/yuehe/cjn/lisence-plate-forgery/data/images/IPC_2025-08-14.15.27.59.9330.jpg,/home/yuehe/cjn/lisence-plate-forgery/outputs/annotation-remaining1363-local-v3_20260825_210051/IPC_2025-08-14.15.27.59.9330/03_rectified.jpg,,2026-08-26T10:55:30+08:00
IPC_2025-08-14.15.28.01.3790,clear,,,,false,,7,blue_standard,/home/yuehe/cjn/lisence-plate-forgery/data/images/IPC_2025-08-14.15.28.01.3790.jpg,/home/yuehe/cjn/lisence-plate-forgery/outputs/annotation-remaining1363-local-v3_20260825_210051/IPC_2025-08-14.15.28.01.3790/03_rectified.jpg,,2026-08-26T10:55:38+08:00
IPC_2025-08-14.15.28.02.7880,clear,,,,false,,7,blue_standard,/home/yuehe/cjn/lisence-plate-forgery/data/images/IPC_2025-08-14.15.28.02.7880.jpg,/home/yuehe/cjn/lisence-plate-forgery/outputs/annotation-remaining1363-local-v3_20260825_210051/IPC_2025-08-14.15.28.02.7880/03_rectified.jpg,,2026-08-26T10:55:40+08:00
IPC_2025-08-14.15.28.05.3670,clear,,,,false,,7,blue_standard,/home/yuehe/cjn/lisence-plate-forgery/data/images/IPC_2025-08-14.15.28.05.3670.jpg,/home/yuehe/cjn/lisence-plate-forgery/outputs/annotation-remaining1363-local-v3_20260825_210051/IPC_2025-08-14.15.28.05.3670/03_rectified.jpg,,2026-08-26T10:55:42+08:00
IPC_2025-08-14.15.28.07.0110,clear,,,,false,,7,blue_standard,/home/yuehe/cjn/lisence-plate-forgery/data/images/IPC_2025-08-14.15.28.07.0110.jpg,/home/yuehe/cjn/lisence-plate-forgery/outputs/annotation-remaining1363-local-v3_20260825_210051/IPC_2025-08-14.15.28.07.0110/03_rectified.jpg,,2026-08-26T10:55:45+08:00
IPC_2025-08-14.15.28.10.6250,clear,,,,false,,7,blue_standard,/home/yuehe/cjn/lisence-plate-forgery/data/images/IPC_2025-08-14.15.28.10.6250.jpg,/home/yuehe/cjn/lisence-plate-forgery/outputs/annotation-remaining1363-local-v3_20260825_210051/IPC_2025-08-14.15.28.10.6250/03_rectified.jpg,,2026-08-26T10:55:48+08:00
IPC_2025-08-14.15.28.12.2240,clear,,,,false,,7,blue_standard,/home/yuehe/cjn/lisence-plate-forgery/data/images/IPC_2025-08-14.15.28.12.2240.jpg,/home/yuehe/cjn/lisence-plate-forgery/outputs/annotation-remaining1363-local-v3_20260825_210051/IPC_2025-08-14.15.28.12.2240/03_rectified.jpg,,2026-08-26T10:55:51+08:00
IPC_2025-08-14.15.28.14.1170,clear,,,,false,,7,blue_standard,/home/yuehe/cjn/lisence-plate-forgery/data/images/IPC_2025-08-14.15.28.14.1170.jpg,/home/yuehe/cjn/lisence-plate-forgery/outputs/annotation-remaining1363-local-v3_20260825_210051/IPC_2025-08-14.15.28.14.1170/03_rectified.jpg,,2026-08-26T10:55:53+08:00
IPC_2025-08-14.15.28.15.8790,clear,,,,false,,7,blue_standard,/home/yuehe/cjn/lisence-plate-forgery/data/images/IPC_2025-08-14.15.28.15.8790.jpg,/home/yuehe/cjn/lisence-plate-forgery/outputs/annotation-remaining1363-local-v3_20260825_210051/IPC_2025-08-14.15.28.15.8790/03_rectified.jpg,,2026-08-26T10:55:54+08:00
IPC_2025-08-14.15.28.22.9300,clear,,,,false,,7,blue_standard,/home/yuehe/cjn/lisence-plate-forgery/data/images/IPC_2025-08-14.15.28.22.9300.jpg,/home/yuehe/cjn/lisence-plate-forgery/outputs/annotation-remaining1363-local-v3_20260825_210051/IPC_2025-08-14.15.28.22.9300/03_rectified.jpg,,2026-08-26T10:55:58+08:00
IPC_2025-08-14.15.28.24.6560,clear,,,,false,,7,blue_standard,/home/yuehe/cjn/lisence-plate-forgery/data/images/IPC_2025-08-14.15.28.24.6560.jpg,/home/yuehe/cjn/lisence-plate-forgery/outputs/annotation-remaining1363-local-v3_20260825_210051/IPC_2025-08-14.15.28.24.6560/03_rectified.jpg,,2026-08-26T10:56:00+08:00
IPC_2025-08-14.15.28.27.4010,clear,,,,false,,7,blue_standard,/home/yuehe/cjn/lisence-plate-forgery/data/images/IPC_2025-08-14.15.28.27.4010.jpg,/home/yuehe/cjn/lisence-plate-forgery/outputs/annotation-remaining1363-local-v3_20260825_210051/IPC_2025-08-14.15.28.27.4010/03_rectified.jpg,,2026-08-26T10:56:03+08:00
IPC_2025-08-14.15.28.29.0450,clear,,,,false,,7,blue_standard,/home/yuehe/cjn/lisence-plate-forgery/data/images/IPC_2025-08-14.15.28.29.0450.jpg,/home/yuehe/cjn/lisence-plate-forgery/outputs/annotation-remaining1363-local-v3_20260825_210051/IPC_2025-08-14.15.28.29.0450/03_rectified.jpg,,2026-08-26T10:56:06+08:00
IPC_2025-08-14.15.28.33.7760,clear,,,,false,,7,blue_standard,/home/yuehe/cjn/lisence-plate-forgery/data/images/IPC_2025-08-14.15.28.33.7760.jpg,/home/yuehe/cjn/lisence-plate-forgery/outputs/annotation-remaining1363-local-v3_20260825_210051/IPC_2025-08-14.15.28.33.7760/03_rectified.jpg,,2026-08-26T10:56:10+08:00
IPC_2025-08-14.15.28.35.2730,clear,,,,false,,7,blue_standard,/home/yuehe/cjn/lisence-plate-forgery/data/images/IPC_2025-08-14.15.28.35.2730.jpg,/home/yuehe/cjn/lisence-plate-forgery/outputs/annotation-remaining1363-local-v3_20260825_210051/IPC_2025-08-14.15.28.35.2730/03_rectified.jpg,,2026-08-26T10:56:13+08:00
IPC_2025-08-14.15.28.37.5200,clear,,,,false,,7,blue_standard,/home/yuehe/cjn/lisence-plate-forgery/data/images/IPC_2025-08-14.15.28.37.5200.jpg,/home/yuehe/cjn/lisence-plate-forgery/outputs/annotation-remaining1363-local-v3_20260825_210051/IPC_2025-08-14.15.28.37.5200/03_rectified.jpg,,2026-08-26T10:56:15+08:00
IPC_2025-08-14.15.28.39.1460,clear,,,,false,,7,blue_standard,/home/yuehe/cjn/lisence-plate-forgery/data/images/IPC_2025-08-14.15.28.39.1460.jpg,/home/yuehe/cjn/lisence-plate-forgery/outputs/annotation-remaining1363-local-v3_20260825_210051/IPC_2025-08-14.15.28.39.1460/03_rectified.jpg,,2026-08-26T10:56:18+08:00
IPC_2025-08-14.15.28.51.7960,clear,,,,false,,7,blue_standard,/home/yuehe/cjn/lisence-plate-forgery/data/images/IPC_2025-08-14.15.28.51.7960.jpg,/home/yuehe/cjn/lisence-plate-forgery/outputs/annotation-remaining1363-local-v3_20260825_210051/IPC_2025-08-14.15.28.51.7960/03_rectified.jpg,,2026-08-26T10:56:22+08:00
IPC_2025-08-14.15.28.53.1240,clear,,,,false,,7,blue_standard,/home/yuehe/cjn/lisence-plate-forgery/data/images/IPC_2025-08-14.15.28.53.1240.jpg,/home/yuehe/cjn/lisence-plate-forgery/outputs/annotation-remaining1363-local-v3_20260825_210051/IPC_2025-08-14.15.28.53.1240/03_rectified.jpg,,2026-08-26T10:56:25+08:00
IPC_2025-08-14.15.28.55.3400,clear,,,,false,,7,blue_standard,/home/yuehe/cjn/lisence-plate-forgery/data/images/IPC_2025-08-14.15.28.55.3400.jpg,/home/yuehe/cjn/lisence-plate-forgery/outputs/annotation-remaining1363-local-v3_20260825_210051/IPC_2025-08-14.15.28.55.3400/03_rectified.jpg,,2026-08-26T10:56:27+08:00
IPC_2025-08-14.15.28.56.8830,clear,,,,false,,7,blue_standard,/home/yuehe/cjn/lisence-plate-forgery/data/images/IPC_2025-08-14.15.28.56.8830.jpg,/home/yuehe/cjn/lisence-plate-forgery/outputs/annotation-remaining1363-local-v3_20260825_210051/IPC_2025-08-14.15.28.56.8830/03_rectified.jpg,,2026-08-26T10:56:29+08:00
IPC_2025-08-14.15.28.59.4730,clear,,,,false,,7,blue_standard,/home/yuehe/cjn/lisence-plate-forgery/data/images/IPC_2025-08-14.15.28.59.4730.jpg,/home/yuehe/cjn/lisence-plate-forgery/outputs/annotation-remaining1363-local-v3_20260825_210051/IPC_2025-08-14.15.28.59.4730/03_rectified.jpg,,2026-08-26T10:56:36+08:00
IPC_2025-08-14.15.29.00.9680,clear,,,,false,,7,blue_standard,/home/yuehe/cjn/lisence-plate-forgery/data/images/IPC_2025-08-14.15.29.00.9680.jpg,/home/yuehe/cjn/lisence-plate-forgery/outputs/annotation-remaining1363-local-v3_20260825_210051/IPC_2025-08-14.15.29.00.9680/03_rectified.jpg,,2026-08-26T10:56:38+08:00
IPC_2025-08-14.15.29.03.4410,clear,,,,false,,7,blue_standard,/home/yuehe/cjn/lisence-plate-forgery/data/images/IPC_2025-08-14.15.29.03.4410.jpg,/home/yuehe/cjn/lisence-plate-forgery/outputs/annotation-remaining1363-local-v3_20260825_210051/IPC_2025-08-14.15.29.03.4410/03_rectified.jpg,,2026-08-26T10:56:40+08:00
IPC_2025-08-14.15.29.18.6460,clear,,,,false,,7,blue_standard,/home/yuehe/cjn/lisence-plate-forgery/data/images/IPC_2025-08-14.15.29.18.6460.jpg,/home/yuehe/cjn/lisence-plate-forgery/outputs/annotation-remaining1363-local-v3_20260825_210051/IPC_2025-08-14.15.29.18.6460/03_rectified.jpg,,2026-08-26T10:56:42+08:00
IPC_2025-08-14.15.29.21.1930,clear,,,,false,,7,blue_standard,/home/yuehe/cjn/lisence-plate-forgery/data/images/IPC_2025-08-14.15.29.21.1930.jpg,/home/yuehe/cjn/lisence-plate-forgery/outputs/annotation-remaining1363-local-v3_20260825_210051/IPC_2025-08-14.15.29.21.1930/03_rectified.jpg,,2026-08-26T10:56:45+08:00
IPC_2025-08-14.15.29.23.3670,clear,,,,false,,7,blue_standard,/home/yuehe/cjn/lisence-plate-forgery/data/images/IPC_2025-08-14.15.29.23.3670.jpg,/home/yuehe/cjn/lisence-plate-forgery/outputs/annotation-remaining1363-local-v3_20260825_210051/IPC_2025-08-14.15.29.23.3670/03_rectified.jpg,,2026-08-26T10:56:47+08:00
IPC_2025-08-14.15.29.27.3880,clear,,,,false,,7,blue_standard,/home/yuehe/cjn/lisence-plate-forgery/data/images/IPC_2025-08-14.15.29.27.3880.jpg,/home/yuehe/cjn/lisence-plate-forgery/outputs/annotation-remaining1363-local-v3_20260825_210051/IPC_2025-08-14.15.29.27.3880/03_rectified.jpg,,2026-08-26T10:56:49+08:00
IPC_2025-08-14.15.29.33.2660,clear,,,,false,,7,blue_standard,/home/yuehe/cjn/lisence-plate-forgery/data/images/IPC_2025-08-14.15.29.33.2660.jpg,/home/yuehe/cjn/lisence-plate-forgery/outputs/annotation-remaining1363-local-v3_20260825_210051/IPC_2025-08-14.15.29.33.2660/03_rectified.jpg,,2026-08-26T10:56:54+08:00
IPC_2025-08-14.15.29.35.1580,clear,,,,false,,7,blue_standard,/home/yuehe/cjn/lisence-plate-forgery/data/images/IPC_2025-08-14.15.29.35.1580.jpg,/home/yuehe/cjn/lisence-plate-forgery/outputs/annotation-remaining1363-local-v3_20260825_210051/IPC_2025-08-14.15.29.35.1580/03_rectified.jpg,,2026-08-26T10:57:08+08:00
IPC_2025-08-14.15.29.37.3160,clear,,,,false,,7,blue_standard,/home/yuehe/cjn/lisence-plate-forgery/data/images/IPC_2025-08-14.15.29.37.3160.jpg,/home/yuehe/cjn/lisence-plate-forgery/outputs/annotation-remaining1363-local-v3_20260825_210051/IPC_2025-08-14.15.29.37.3160/03_rectified.jpg,,2026-08-26T10:57:10+08:00
IPC_2025-08-14.15.29.41.6879,clear,,,,false,,7,blue_standard,/home/yuehe/cjn/lisence-plate-forgery/data/images/IPC_2025-08-14.15.29.41.6879.jpg,/home/yuehe/cjn/lisence-plate-forgery/outputs/annotation-remaining1363-local-v3_20260825_210051/IPC_2025-08-14.15.29.41.6879/03_rectified.jpg,,2026-08-26T10:57:18+08:00
IPC_2025-08-14.15.29.44.4060,clear,,,,false,,7,blue_standard,/home/yuehe/cjn/lisence-plate-forgery/data/images/IPC_2025-08-14.15.29.44.4060.jpg,/home/yuehe/cjn/lisence-plate-forgery/outputs/annotation-remaining1363-local-v3_20260825_210051/IPC_2025-08-14.15.29.44.4060/03_rectified.jpg,,2026-08-26T10:57:21+08:00
IPC_2025-08-14.15.29.45.9950,clear,,,,false,,7,blue_standard,/home/yuehe/cjn/lisence-plate-forgery/data/images/IPC_2025-08-14.15.29.45.9950.jpg,/home/yuehe/cjn/lisence-plate-forgery/outputs/annotation-remaining1363-local-v3_20260825_210051/IPC_2025-08-14.15.29.45.9950/03_rectified.jpg,,2026-08-26T10:57:32+08:00
IPC_2025-08-14.15.29.47.1490,clear,,,,false,,7,blue_standard,/home/yuehe/cjn/lisence-plate-forgery/data/images/IPC_2025-08-14.15.29.47.1490.jpg,/home/yuehe/cjn/lisence-plate-forgery/outputs/annotation-remaining1363-local-v3_20260825_210051/IPC_2025-08-14.15.29.47.1490/03_rectified.jpg,,2026-08-26T10:57:35+08:00
IPC_2025-08-14.15.29.51.0740,clear,,,,false,,7,blue_standard,/home/yuehe/cjn/lisence-plate-forgery/data/images/IPC_2025-08-14.15.29.51.0740.jpg,/home/yuehe/cjn/lisence-plate-forgery/outputs/annotation-remaining1363-local-v3_20260825_210051/IPC_2025-08-14.15.29.51.0740/03_rectified.jpg,,2026-08-26T10:57:37+08:00
IPC_2025-08-14.15.29.57.4730,clear,,,,false,,7,blue_standard,/home/yuehe/cjn/lisence-plate-forgery/data/images/IPC_2025-08-14.15.29.57.4730.jpg,/home/yuehe/cjn/lisence-plate-forgery/outputs/annotation-remaining1363-local-v3_20260825_210051/IPC_2025-08-14.15.29.57.4730/03_rectified.jpg,,2026-08-26T10:57:40+08:00
IPC_2025-08-14.15.29.58.9940,clear,,,,false,,7,blue_standard,/home/yuehe/cjn/lisence-plate-forgery/data/images/IPC_2025-08-14.15.29.58.9940.jpg,/home/yuehe/cjn/lisence-plate-forgery/outputs/annotation-remaining1363-local-v3_20260825_210051/IPC_2025-08-14.15.29.58.9940/03_rectified.jpg,,2026-08-26T10:57:43+08:00
IPC_2025-08-14.15.30.01.7370,clear,,,,false,,7,blue_standard,/home/yuehe/cjn/lisence-plate-forgery/data/images/IPC_2025-08-14.15.30.01.7370.jpg,/home/yuehe/cjn/lisence-plate-forgery/outputs/annotation-remaining1363-local-v3_20260825_210051/IPC_2025-08-14.15.30.01.7370/03_rectified.jpg,,2026-08-26T10:57:45+08:00
IPC_2025-08-14.15.30.04.8400,clear,,,,false,,7,blue_standard,/home/yuehe/cjn/lisence-plate-forgery/data/images/IPC_2025-08-14.15.30.04.8400.jpg,/home/yuehe/cjn/lisence-plate-forgery/outputs/annotation-remaining1363-local-v3_20260825_210051/IPC_2025-08-14.15.30.04.8400/03_rectified.jpg,,2026-08-26T10:57:49+08:00
IPC_2025-08-14.15.30.16.0130,clear,,,,false,,7,blue_standard,/home/yuehe/cjn/lisence-plate-forgery/data/images/IPC_2025-08-14.15.30.16.0130.jpg,/home/yuehe/cjn/lisence-plate-forgery/outputs/annotation-remaining1363-local-v3_20260825_210051/IPC_2025-08-14.15.30.16.0130/03_rectified.jpg,,2026-08-26T10:57:55+08:00
IPC_2025-08-14.15.30.17.9140,clear,,,,false,,7,blue_standard,/home/yuehe/cjn/lisence-plate-forgery/data/images/IPC_2025-08-14.15.30.17.9140.jpg,/home/yuehe/cjn/lisence-plate-forgery/outputs/annotation-remaining1363-local-v3_20260825_210051/IPC_2025-08-14.15.30.17.9140/03_rectified.jpg,,2026-08-26T10:57:59+08:00
IPC_2025-08-14.15.30.19.8139,clear,,,,false,,7,blue_standard,/home/yuehe/cjn/lisence-plate-forgery/data/images/IPC_2025-08-14.15.30.19.8139.jpg,/home/yuehe/cjn/lisence-plate-forgery/outputs/annotation-remaining1363-local-v3_20260825_210051/IPC_2025-08-14.15.30.19.8139/03_rectified.jpg,,2026-08-26T10:58:01+08:00
IPC_2025-08-14.15.30.21.5230,clear,,,,false,,7,blue_standard,/home/yuehe/cjn/lisence-plate-forgery/data/images/IPC_2025-08-14.15.30.21.5230.jpg,/home/yuehe/cjn/lisence-plate-forgery/outputs/annotation-remaining1363-local-v3_20260825_210051/IPC_2025-08-14.15.30.21.5230/03_rectified.jpg,,2026-08-26T10:58:07+08:00
IPC_2025-08-14.15.30.25.1350,clear,,,,false,,7,blue_standard,/home/yuehe/cjn/lisence-plate-forgery/data/images/IPC_2025-08-14.15.30.25.1350.jpg,/home/yuehe/cjn/lisence-plate-forgery/outputs/annotation-remaining1363-local-v3_20260825_210051/IPC_2025-08-14.15.30.25.1350/03_rectified.jpg,,2026-08-26T10:58:09+08:00
IPC_2025-08-14.15.30.26.5450,clear,,,,false,,7,blue_standard,/home/yuehe/cjn/lisence-plate-forgery/data/images/IPC_2025-08-14.15.30.26.5450.jpg,/home/yuehe/cjn/lisence-plate-forgery/outputs/annotation-remaining1363-local-v3_20260825_210051/IPC_2025-08-14.15.30.26.5450/03_rectified.jpg,,2026-08-26T10:58:11+08:00
IPC_2025-08-14.15.30.28.7930,clear,,,,false,,7,blue_standard,/home/yuehe/cjn/lisence-plate-forgery/data/images/IPC_2025-08-14.15.30.28.7930.jpg,/home/yuehe/cjn/lisence-plate-forgery/outputs/annotation-remaining1363-local-v3_20260825_210051/IPC_2025-08-14.15.30.28.7930/03_rectified.jpg,,2026-08-26T10:58:13+08:00
IPC_2025-08-14.15.30.34.9420,clear,,,,false,,7,blue_standard,/home/yuehe/cjn/lisence-plate-forgery/data/images/IPC_2025-08-14.15.30.34.9420.jpg,/home/yuehe/cjn/lisence-plate-forgery/outputs/annotation-remaining1363-local-v3_20260825_210051/IPC_2025-08-14.15.30.34.9420/03_rectified.jpg,,2026-08-26T10:58:16+08:00
IPC_2025-08-14.15.30.36.4960,clear,,,,false,,7,blue_standard,/home/yuehe/cjn/lisence-plate-forgery/data/images/IPC_2025-08-14.15.30.36.4960.jpg,/home/yuehe/cjn/lisence-plate-forgery/outputs/annotation-remaining1363-local-v3_20260825_210051/IPC_2025-08-14.15.30.36.4960/03_rectified.jpg,,2026-08-26T10:58:19+08:00
IPC_2025-08-14.15.30.39.1580,clear,,,,false,,7,blue_standard,/home/yuehe/cjn/lisence-plate-forgery/data/images/IPC_2025-08-14.15.30.39.1580.jpg,/home/yuehe/cjn/lisence-plate-forgery/outputs/annotation-remaining1363-local-v3_20260825_210051/IPC_2025-08-14.15.30.39.1580/03_rectified.jpg,,2026-08-26T10:58:21+08:00
IPC_2025-08-14.15.30.51.0460,clear,,,,false,,7,blue_standard,/home/yuehe/cjn/lisence-plate-forgery/data/images/IPC_2025-08-14.15.30.51.0460.jpg,/home/yuehe/cjn/lisence-plate-forgery/outputs/annotation-remaining1363-local-v3_20260825_210051/IPC_2025-08-14.15.30.51.0460/03_rectified.jpg,,2026-08-26T10:58:24+08:00
IPC_2025-08-14.15.30.55.8850,clear,,,,false,,7,blue_standard,/home/yuehe/cjn/lisence-plate-forgery/data/images/IPC_2025-08-14.15.30.55.8850.jpg,/home/yuehe/cjn/lisence-plate-forgery/outputs/annotation-remaining1363-local-v3_20260825_210051/IPC_2025-08-14.15.30.55.8850/03_rectified.jpg,,2026-08-26T10:58:27+08:00
IPC_2025-08-14.15.31.00.8690,clear,,,,false,,7,blue_standard,/home/yuehe/cjn/lisence-plate-forgery/data/images/IPC_2025-08-14.15.31.00.8690.jpg,/home/yuehe/cjn/lisence-plate-forgery/outputs/annotation-remaining1363-local-v3_20260825_210051/IPC_2025-08-14.15.31.00.8690/03_rectified.jpg,,2026-08-26T10:58:33+08:00
IPC_2025-08-14.15.31.05.9610,clear,,,,false,,7,blue_standard,/home/yuehe/cjn/lisence-plate-forgery/data/images/IPC_2025-08-14.15.31.05.9610.jpg,/home/yuehe/cjn/lisence-plate-forgery/outputs/annotation-remaining1363-local-v3_20260825_210051/IPC_2025-08-14.15.31.05.9610/03_rectified.jpg,,2026-08-26T10:58:35+08:00
IPC_2025-08-14.15.31.08.3439,clear,,,,false,,7,blue_standard,/home/yuehe/cjn/lisence-plate-forgery/data/images/IPC_2025-08-14.15.31.08.3439.jpg,/home/yuehe/cjn/lisence-plate-forgery/outputs/annotation-remaining1363-local-v3_20260825_210051/IPC_2025-08-14.15.31.08.3439/03_rectified.jpg,,2026-08-26T10:58:38+08:00
IPC_2025-08-14.15.31.13.9950,clear,,,,false,,7,blue_standard,/home/yuehe/cjn/lisence-plate-forgery/data/images/IPC_2025-08-14.15.31.13.9950.jpg,/home/yuehe/cjn/lisence-plate-forgery/outputs/annotation-remaining1363-local-v3_20260825_210051/IPC_2025-08-14.15.31.13.9950/03_rectified.jpg,,2026-08-26T10:58:40+08:00
IPC_2025-08-14.15.31.15.3680,clear,,,,false,,7,blue_standard,/home/yuehe/cjn/lisence-plate-forgery/data/images/IPC_2025-08-14.15.31.15.3680.jpg,/home/yuehe/cjn/lisence-plate-forgery/outputs/annotation-remaining1363-local-v3_20260825_210051/IPC_2025-08-14.15.31.15.3680/03_rectified.jpg,,2026-08-26T10:58:42+08:00
IPC_2025-08-14.15.31.17.3990,clear,,,,false,,7,blue_standard,/home/yuehe/cjn/lisence-plate-forgery/data/images/IPC_2025-08-14.15.31.17.3990.jpg,/home/yuehe/cjn/lisence-plate-forgery/outputs/annotation-remaining1363-local-v3_20260825_210051/IPC_2025-08-14.15.31.17.3990/03_rectified.jpg,,2026-08-26T10:58:44+08:00
IPC_2025-08-14.15.31.21.9030,clear,,,,false,,7,blue_standard,/home/yuehe/cjn/lisence-plate-forgery/data/images/IPC_2025-08-14.15.31.21.9030.jpg,/home/yuehe/cjn/lisence-plate-forgery/outputs/annotation-remaining1363-local-v3_20260825_210051/IPC_2025-08-14.15.31.21.9030/03_rectified.jpg,,2026-08-26T10:58:46+08:00
IPC_2025-08-14.15.31.25.0750,clear,,,,false,,7,blue_standard,/home/yuehe/cjn/lisence-plate-forgery/data/images/IPC_2025-08-14.15.31.25.0750.jpg,/home/yuehe/cjn/lisence-plate-forgery/outputs/annotation-remaining1363-local-v3_20260825_210051/IPC_2025-08-14.15.31.25.0750/03_rectified.jpg,,2026-08-26T10:58:48+08:00
IPC_2025-08-14.15.31.26.2839,clear,,,,false,,7,blue_standard,/home/yuehe/cjn/lisence-plate-forgery/data/images/IPC_2025-08-14.15.31.26.2839.jpg,/home/yuehe/cjn/lisence-plate-forgery/outputs/annotation-remaining1363-local-v3_20260825_210051/IPC_2025-08-14.15.31.26.2839/03_rectified.jpg,,2026-08-26T10:58:50+08:00
IPC_2025-08-14.15.31.27.9520,clear,,,,false,,7,blue_standard,/home/yuehe/cjn/lisence-plate-forgery/data/images/IPC_2025-08-14.15.31.27.9520.jpg,/home/yuehe/cjn/lisence-plate-forgery/outputs/annotation-remaining1363-local-v3_20260825_210051/IPC_2025-08-14.15.31.27.9520/03_rectified.jpg,,2026-08-26T10:58:53+08:00
IPC_2025-08-14.15.31.30.2430,clear,,,,false,,7,blue_standard,/home/yuehe/cjn/lisence-plate-forgery/data/images/IPC_2025-08-14.15.31.30.2430.jpg,/home/yuehe/cjn/lisence-plate-forgery/outputs/annotation-remaining1363-local-v3_20260825_210051/IPC_2025-08-14.15.31.30.2430/03_rectified.jpg,,2026-08-26T10:58:56+08:00
IPC_2025-08-14.15.31.37.1150,clear,,,,false,,7,blue_standard,/home/yuehe/cjn/lisence-plate-forgery/data/images/IPC_2025-08-14.15.31.37.1150.jpg,/home/yuehe/cjn/lisence-plate-forgery/outputs/annotation-remaining1363-local-v3_20260825_210051/IPC_2025-08-14.15.31.37.1150/03_rectified.jpg,,2026-08-26T10:58:58+08:00
IPC_2025-08-14.15.31.38.7350,clear,,,,false,,7,blue_standard,/home/yuehe/cjn/lisence-plate-forgery/data/images/IPC_2025-08-14.15.31.38.7350.jpg,/home/yuehe/cjn/lisence-plate-forgery/outputs/annotation-remaining1363-local-v3_20260825_210051/IPC_2025-08-14.15.31.38.7350/03_rectified.jpg,,2026-08-26T10:59:00+08:00
IPC_2025-08-14.15.31.40.4089,clear,,,,false,,7,blue_standard,/home/yuehe/cjn/lisence-plate-forgery/data/images/IPC_2025-08-14.15.31.40.4089.jpg,/home/yuehe/cjn/lisence-plate-forgery/outputs/annotation-remaining1363-local-v3_20260825_210051/IPC_2025-08-14.15.31.40.4089/03_rectified.jpg,,2026-08-26T10:59:06+08:00
IPC_2025-08-14.15.31.41.7630,clear,,,,false,,7,blue_standard,/home/yuehe/cjn/lisence-plate-forgery/data/images/IPC_2025-08-14.15.31.41.7630.jpg,/home/yuehe/cjn/lisence-plate-forgery/outputs/annotation-remaining1363-local-v3_20260825_210051/IPC_2025-08-14.15.31.41.7630/03_rectified.jpg,,2026-08-26T10:59:12+08:00
IPC_2025-08-14.15.31.44.4270,clear,,,,false,,7,blue_standard,/home/yuehe/cjn/lisence-plate-forgery/data/images/IPC_2025-08-14.15.31.44.4270.jpg,/home/yuehe/cjn/lisence-plate-forgery/outputs/annotation-remaining1363-local-v3_20260825_210051/IPC_2025-08-14.15.31.44.4270/03_rectified.jpg,,2026-08-26T10:59:14+08:00
IPC_2025-08-14.15.31.45.4630,clear,,,,false,,7,blue_standard,/home/yuehe/cjn/lisence-plate-forgery/data/images/IPC_2025-08-14.15.31.45.4630.jpg,/home/yuehe/cjn/lisence-plate-forgery/outputs/annotation-remaining1363-local-v3_20260825_210051/IPC_2025-08-14.15.31.45.4630/03_rectified.jpg,,2026-08-26T10:59:16+08:00
IPC_2025-08-14.15.31.46.6440,clear,,,,false,,7,blue_standard,/home/yuehe/cjn/lisence-plate-forgery/data/images/IPC_2025-08-14.15.31.46.6440.jpg,/home/yuehe/cjn/lisence-plate-forgery/outputs/annotation-remaining1363-local-v3_20260825_210051/IPC_2025-08-14.15.31.46.6440/03_rectified.jpg,,2026-08-26T10:59:18+08:00
IPC_2025-08-14.15.31.48.7840,clear,,,,false,,7,blue_standard,/home/yuehe/cjn/lisence-plate-forgery/data/images/IPC_2025-08-14.15.31.48.7840.jpg,/home/yuehe/cjn/lisence-plate-forgery/outputs/annotation-remaining1363-local-v3_20260825_210051/IPC_2025-08-14.15.31.48.7840/03_rectified.jpg,,2026-08-26T10:59:20+08:00
IPC_2025-08-14.15.31.50.2100,clear,,,,false,,7,blue_standard,/home/yuehe/cjn/lisence-plate-forgery/data/images/IPC_2025-08-14.15.31.50.2100.jpg,/home/yuehe/cjn/lisence-plate-forgery/outputs/annotation-remaining1363-local-v3_20260825_210051/IPC_2025-08-14.15.31.50.2100/03_rectified.jpg,,2026-08-26T10:59:23+08:00
IPC_2025-08-14.15.31.52.6760,clear,,,,false,,7,blue_standard,/home/yuehe/cjn/lisence-plate-forgery/data/images/IPC_2025-08-14.15.31.52.6760.jpg,/home/yuehe/cjn/lisence-plate-forgery/outputs/annotation-remaining1363-local-v3_20260825_210051/IPC_2025-08-14.15.31.52.6760/03_rectified.jpg,,2026-08-26T10:59:31+08:00
IPC_2025-08-14.15.31.53.8540,clear,,,,false,,7,blue_standard,/home/yuehe/cjn/lisence-plate-forgery/data/images/IPC_2025-08-14.15.31.53.8540.jpg,/home/yuehe/cjn/lisence-plate-forgery/outputs/annotation-remaining1363-local-v3_20260825_210051/IPC_2025-08-14.15.31.53.8540/03_rectified.jpg,,2026-08-26T10:59:33+08:00
IPC_2025-08-14.15.31.55.3930,clear,,,,false,,7,blue_standard,/home/yuehe/cjn/lisence-plate-forgery/data/images/IPC_2025-08-14.15.31.55.3930.jpg,/home/yuehe/cjn/lisence-plate-forgery/outputs/annotation-remaining1363-local-v3_20260825_210051/IPC_2025-08-14.15.31.55.3930/03_rectified.jpg,,2026-08-26T10:59:35+08:00
IPC_2025-08-14.15.31.57.2490,clear,,,,false,,7,blue_standard,/home/yuehe/cjn/lisence-plate-forgery/data/images/IPC_2025-08-14.15.31.57.2490.jpg,/home/yuehe/cjn/lisence-plate-forgery/outputs/annotation-remaining1363-local-v3_20260825_210051/IPC_2025-08-14.15.31.57.2490/03_rectified.jpg,,2026-08-26T10:59:39+08:00
IPC_2025-08-14.15.32.09.2730,clear,,,,false,,7,blue_standard,/home/yuehe/cjn/lisence-plate-forgery/data/images/IPC_2025-08-14.15.32.09.2730.jpg,/home/yuehe/cjn/lisence-plate-forgery/outputs/annotation-remaining1363-local-v3_20260825_210051/IPC_2025-08-14.15.32.09.2730/03_rectified.jpg,,2026-08-26T10:59:41+08:00
IPC_2025-08-14.15.32.10.9520,clear,,,,false,,7,blue_standard,/home/yuehe/cjn/lisence-plate-forgery/data/images/IPC_2025-08-14.15.32.10.9520.jpg,/home/yuehe/cjn/lisence-plate-forgery/outputs/annotation-remaining1363-local-v3_20260825_210051/IPC_2025-08-14.15.32.10.9520/03_rectified.jpg,,2026-08-26T10:59:43+08:00
IPC_2025-08-14.15.32.12.7740,clear,,,,false,,7,blue_standard,/home/yuehe/cjn/lisence-plate-forgery/data/images/IPC_2025-08-14.15.32.12.7740.jpg,/home/yuehe/cjn/lisence-plate-forgery/outputs/annotation-remaining1363-local-v3_20260825_210051/IPC_2025-08-14.15.32.12.7740/03_rectified.jpg,,2026-08-26T10:59:47+08:00
IPC_2025-08-14.15.32.14.0920,clear,,,,false,,7,blue_standard,/home/yuehe/cjn/lisence-plate-forgery/data/images/IPC_2025-08-14.15.32.14.0920.jpg,/home/yuehe/cjn/lisence-plate-forgery/outputs/annotation-remaining1363-local-v3_20260825_210051/IPC_2025-08-14.15.32.14.0920/03_rectified.jpg,,2026-08-26T10:59:49+08:00
IPC_2025-08-14.15.32.17.2460,clear,,,,false,,7,blue_standard,/home/yuehe/cjn/lisence-plate-forgery/data/images/IPC_2025-08-14.15.32.17.2460.jpg,/home/yuehe/cjn/lisence-plate-forgery/outputs/annotation-remaining1363-local-v3_20260825_210051/IPC_2025-08-14.15.32.17.2460/03_rectified.jpg,,2026-08-26T10:59:52+08:00
IPC_2025-08-14.15.32.18.9560,clear,,,,false,,7,blue_standard,/home/yuehe/cjn/lisence-plate-forgery/data/images/IPC_2025-08-14.15.32.18.9560.jpg,/home/yuehe/cjn/lisence-plate-forgery/outputs/annotation-remaining1363-local-v3_20260825_210051/IPC_2025-08-14.15.32.18.9560/03_rectified.jpg,,2026-08-26T10:59:57+08:00
IPC_2025-08-14.15.32.21.3280,clear,,,,false,,7,blue_standard,/home/yuehe/cjn/lisence-plate-forgery/data/images/IPC_2025-08-14.15.32.21.3280.jpg,/home/yuehe/cjn/lisence-plate-forgery/outputs/annotation-remaining1363-local-v3_20260825_210051/IPC_2025-08-14.15.32.21.3280/03_rectified.jpg,,2026-08-26T11:00:00+08:00
IPC_2025-08-14.15.32.28.1240,clear,,,,false,,7,blue_standard,/home/yuehe/cjn/lisence-plate-forgery/data/images/IPC_2025-08-14.15.32.28.1240.jpg,/home/yuehe/cjn/lisence-plate-forgery/outputs/annotation-remaining1363-local-v3_20260825_210051/IPC_2025-08-14.15.32.28.1240/03_rectified.jpg,,2026-08-26T11:00:02+08:00
IPC_2025-08-14.15.32.31.8520,clear,,,,false,,7,blue_standard,/home/yuehe/cjn/lisence-plate-forgery/data/images/IPC_2025-08-14.15.32.31.8520.jpg,/home/yuehe/cjn/lisence-plate-forgery/outputs/annotation-remaining1363-local-v3_20260825_210051/IPC_2025-08-14.15.32.31.8520/03_rectified.jpg,,2026-08-26T11:00:17+08:00
IPC_2025-08-14.15.32.41.3760,clear,,,,false,,7,blue_standard,/home/yuehe/cjn/lisence-plate-forgery/data/images/IPC_2025-08-14.15.32.41.3760.jpg,/home/yuehe/cjn/lisence-plate-forgery/outputs/annotation-remaining1363-local-v3_20260825_210051/IPC_2025-08-14.15.32.41.3760/03_rectified.jpg,,2026-08-26T11:00:20+08:00
IPC_2025-08-14.15.32.43.2090,clear,,,,false,,7,blue_standard,/home/yuehe/cjn/lisence-plate-forgery/data/images/IPC_2025-08-14.15.32.43.2090.jpg,/home/yuehe/cjn/lisence-plate-forgery/outputs/annotation-remaining1363-local-v3_20260825_210051/IPC_2025-08-14.15.32.43.2090/03_rectified.jpg,,2026-08-26T11:00:23+08:00
IPC_2025-08-14.15.32.45.9790,clear,,,,false,,7,blue_standard,/home/yuehe/cjn/lisence-plate-forgery/data/images/IPC_2025-08-14.15.32.45.9790.jpg,/home/yuehe/cjn/lisence-plate-forgery/outputs/annotation-remaining1363-local-v3_20260825_210051/IPC_2025-08-14.15.32.45.9790/03_rectified.jpg,,2026-08-26T11:00:25+08:00
IPC_2025-08-14.15.32.47.7500,clear,,,,false,,7,blue_standard,/home/yuehe/cjn/lisence-plate-forgery/data/images/IPC_2025-08-14.15.32.47.7500.jpg,/home/yuehe/cjn/lisence-plate-forgery/outputs/annotation-remaining1363-local-v3_20260825_210051/IPC_2025-08-14.15.32.47.7500/03_rectified.jpg,,2026-08-26T11:00:28+08:00
IPC_2025-08-14.15.32.58.1190,clear,,,,false,,7,blue_standard,/home/yuehe/cjn/lisence-plate-forgery/data/images/IPC_2025-08-14.15.32.58.1190.jpg,/home/yuehe/cjn/lisence-plate-forgery/outputs/annotation-remaining1363-local-v3_20260825_210051/IPC_2025-08-14.15.32.58.1190/03_rectified.jpg,,2026-08-26T11:00:31+08:00
IPC_2025-08-14.15.33.02.9580,clear,,,,false,,7,blue_standard,/home/yuehe/cjn/lisence-plate-forgery/data/images/IPC_2025-08-14.15.33.02.9580.jpg,/home/yuehe/cjn/lisence-plate-forgery/outputs/annotation-remaining1363-local-v3_20260825_210051/IPC_2025-08-14.15.33.02.9580/03_rectified.jpg,,2026-08-26T11:00:33+08:00
IPC_2025-08-14.15.33.05.3410,clear,,,,false,,7,blue_standard,/home/yuehe/cjn/lisence-plate-forgery/data/images/IPC_2025-08-14.15.33.05.3410.jpg,/home/yuehe/cjn/lisence-plate-forgery/outputs/annotation-remaining1363-local-v3_20260825_210051/IPC_2025-08-14.15.33.05.3410/03_rectified.jpg,,2026-08-26T11:00:35+08:00
IPC_2025-08-14.15.33.07.5160,clear,,,,false,,7,blue_standard,/home/yuehe/cjn/lisence-plate-forgery/data/images/IPC_2025-08-14.15.33.07.5160.jpg,/home/yuehe/cjn/lisence-plate-forgery/outputs/annotation-remaining1363-local-v3_20260825_210051/IPC_2025-08-14.15.33.07.5160/03_rectified.jpg,,2026-08-26T11:00:38+08:00
IPC_2025-08-14.15.33.10.6680,clear,,,,false,,7,blue_standard,/home/yuehe/cjn/lisence-plate-forgery/data/images/IPC_2025-08-14.15.33.10.6680.jpg,/home/yuehe/cjn/lisence-plate-forgery/outputs/annotation-remaining1363-local-v3_20260825_210051/IPC_2025-08-14.15.33.10.6680/03_rectified.jpg,,2026-08-26T11:00:40+08:00
IPC_2025-08-14.15.33.12.9600,clear,,,,false,,7,blue_standard,/home/yuehe/cjn/lisence-plate-forgery/data/images/IPC_2025-08-14.15.33.12.9600.jpg,/home/yuehe/cjn/lisence-plate-forgery/outputs/annotation-remaining1363-local-v3_20260825_210051/IPC_2025-08-14.15.33.12.9600/03_rectified.jpg,,2026-08-26T11:00:44+08:00
IPC_2025-08-14.15.33.14.3310,clear,,,,false,,7,blue_standard,/home/yuehe/cjn/lisence-plate-forgery/data/images/IPC_2025-08-14.15.33.14.3310.jpg,/home/yuehe/cjn/lisence-plate-forgery/outputs/annotation-remaining1363-local-v3_20260825_210051/IPC_2025-08-14.15.33.14.3310/03_rectified.jpg,,2026-08-26T11:00:46+08:00
IPC_2025-08-14.15.33.16.1780,clear,,,,false,,7,blue_standard,/home/yuehe/cjn/lisence-plate-forgery/data/images/IPC_2025-08-14.15.33.16.1780.jpg,/home/yuehe/cjn/lisence-plate-forgery/outputs/annotation-remaining1363-local-v3_20260825_210051/IPC_2025-08-14.15.33.16.1780/03_rectified.jpg,,2026-08-26T11:00:52+08:00
IPC_2025-08-14.15.33.18.3710,clear,,,,false,,7,blue_standard,/home/yuehe/cjn/lisence-plate-forgery/data/images/IPC_2025-08-14.15.33.18.3710.jpg,/home/yuehe/cjn/lisence-plate-forgery/outputs/annotation-remaining1363-local-v3_20260825_210051/IPC_2025-08-14.15.33.18.3710/03_rectified.jpg,,2026-08-26T11:00:54+08:00
IPC_2025-08-14.15.33.31.1140,clear,,,,false,,8,green_new_energy,/home/yuehe/cjn/lisence-plate-forgery/data/images/IPC_2025-08-14.15.33.31.1140.jpg,/home/yuehe/cjn/lisence-plate-forgery/outputs/annotation-remaining1363-local-v3_20260825_210051/IPC_2025-08-14.15.33.31.1140/03_rectified.jpg,,2026-08-26T11:00:57+08:00
IPC_2025-08-14.15.33.32.5910,clear,,,,false,,8,green_new_energy,/home/yuehe/cjn/lisence-plate-forgery/data/images/IPC_2025-08-14.15.33.32.5910.jpg,/home/yuehe/cjn/lisence-plate-forgery/outputs/annotation-remaining1363-local-v3_20260825_210051/IPC_2025-08-14.15.33.32.5910/03_rectified.jpg,,2026-08-26T11:01:00+08:00
IPC_2025-08-14.15.33.34.5520,clear,,,,false,,8,green_new_energy,/home/yuehe/cjn/lisence-plate-forgery/data/images/IPC_2025-08-14.15.33.34.5520.jpg,/home/yuehe/cjn/lisence-plate-forgery/outputs/annotation-remaining1363-local-v3_20260825_210051/IPC_2025-08-14.15.33.34.5520/03_rectified.jpg,,2026-08-26T11:01:02+08:00
IPC_2025-08-14.15.33.36.5300,clear,,,,false,,8,green_new_energy,/home/yuehe/cjn/lisence-plate-forgery/data/images/IPC_2025-08-14.15.33.36.5300.jpg,/home/yuehe/cjn/lisence-plate-forgery/outputs/annotation-remaining1363-local-v3_20260825_210051/IPC_2025-08-14.15.33.36.5300/03_rectified.jpg,,2026-08-26T11:01:05+08:00
IPC_2025-08-14.15.33.40.0270,clear,,,,false,,8,green_new_energy,/home/yuehe/cjn/lisence-plate-forgery/data/images/IPC_2025-08-14.15.33.40.0270.jpg,/home/yuehe/cjn/lisence-plate-forgery/outputs/annotation-remaining1363-local-v3_20260825_210051/IPC_2025-08-14.15.33.40.0270/03_rectified.jpg,,2026-08-26T11:01:10+08:00
IPC_2025-08-14.15.33.41.9010,clear,,,,false,,8,green_new_energy,/home/yuehe/cjn/lisence-plate-forgery/data/images/IPC_2025-08-14.15.33.41.9010.jpg,/home/yuehe/cjn/lisence-plate-forgery/outputs/annotation-remaining1363-local-v3_20260825_210051/IPC_2025-08-14.15.33.41.9010/03_rectified.jpg,,2026-08-26T11:01:15+08:00
IPC_2025-08-14.15.33.43.9740,clear,,,,false,,8,green_new_energy,/home/yuehe/cjn/lisence-plate-forgery/data/images/IPC_2025-08-14.15.33.43.9740.jpg,/home/yuehe/cjn/lisence-plate-forgery/outputs/annotation-remaining1363-local-v3_20260825_210051/IPC_2025-08-14.15.33.43.9740/03_rectified.jpg,,2026-08-26T11:01:18+08:00
IPC_2025-08-14.15.33.59.3420,clear,,,,false,,8,green_new_energy,/home/yuehe/cjn/lisence-plate-forgery/data/images/IPC_2025-08-14.15.33.59.3420.jpg,/home/yuehe/cjn/lisence-plate-forgery/outputs/annotation-remaining1363-local-v3_20260825_210051/IPC_2025-08-14.15.33.59.3420/03_rectified.jpg,,2026-08-26T11:01:21+08:00
IPC_2025-08-14.15.34.04.0310,clear,,,,false,,8,green_new_energy,/home/yuehe/cjn/lisence-plate-forgery/data/images/IPC_2025-08-14.15.34.04.0310.jpg,/home/yuehe/cjn/lisence-plate-forgery/outputs/annotation-remaining1363-local-v3_20260825_210051/IPC_2025-08-14.15.34.04.0310/03_rectified.jpg,,2026-08-26T11:01:24+08:00
IPC_2025-08-14.15.34.04.2960,clear,,,,false,,8,green_new_energy,/home/yuehe/cjn/lisence-plate-forgery/data/images/IPC_2025-08-14.15.34.04.2960.jpg,/home/yuehe/cjn/lisence-plate-forgery/outputs/annotation-remaining1363-local-v3_20260825_210051/IPC_2025-08-14.15.34.04.2960/03_rectified.jpg,,2026-08-26T11:01:26+08:00
IPC_2025-08-14.15.34.05.7730,clear,,,,false,,8,green_new_energy,/home/yuehe/cjn/lisence-plate-forgery/data/images/IPC_2025-08-14.15.34.05.7730.jpg,/home/yuehe/cjn/lisence-plate-forgery/outputs/annotation-remaining1363-local-v3_20260825_210051/IPC_2025-08-14.15.34.05.7730/03_rectified.jpg,,2026-08-26T11:01:29+08:00
IPC_2025-08-14.15.34.39.7860,clear,,,,false,,8,green_new_energy,/home/yuehe/cjn/lisence-plate-forgery/data/images/IPC_2025-08-14.15.34.39.7860.jpg,/home/yuehe/cjn/lisence-plate-forgery/outputs/annotation-remaining1363-local-v3_20260825_210051/IPC_2025-08-14.15.34.39.7860/03_rectified.jpg,,2026-08-26T11:01:32+08:00
IPC_2025-08-14.15.34.42.1770,clear,,,,false,,8,green_new_energy,/home/yuehe/cjn/lisence-plate-forgery/data/images/IPC_2025-08-14.15.34.42.1770.jpg,/home/yuehe/cjn/lisence-plate-forgery/outputs/annotation-remaining1363-local-v3_20260825_210051/IPC_2025-08-14.15.34.42.1770/03_rectified.jpg,,2026-08-26T11:01:34+08:00
IPC_2025-08-14.15.34.44.5170,clear,,,,false,,8,green_new_energy,/home/yuehe/cjn/lisence-plate-forgery/data/images/IPC_2025-08-14.15.34.44.5170.jpg,/home/yuehe/cjn/lisence-plate-forgery/outputs/annotation-remaining1363-local-v3_20260825_210051/IPC_2025-08-14.15.34.44.5170/03_rectified.jpg,,2026-08-26T11:01:36+08:00
IPC_2025-08-14.15.34.58.4320,clear,,,,false,,8,green_new_energy,/home/yuehe/cjn/lisence-plate-forgery/data/images/IPC_2025-08-14.15.34.58.4320.jpg,/home/yuehe/cjn/lisence-plate-forgery/outputs/annotation-remaining1363-local-v3_20260825_210051/IPC_2025-08-14.15.34.58.4320/03_rectified.jpg,,2026-08-26T11:01:39+08:00
IPC_2025-08-14.15.34.59.4580,clear,,,,false,,8,green_new_energy,/home/yuehe/cjn/lisence-plate-forgery/data/images/IPC_2025-08-14.15.34.59.4580.jpg,/home/yuehe/cjn/lisence-plate-forgery/outputs/annotation-remaining1363-local-v3_20260825_210051/IPC_2025-08-14.15.34.59.4580/03_rectified.jpg,,2026-08-26T11:01:45+08:00
IPC_2025-08-14.15.35.01.1429,unassessable,,,,false,,8,green_new_energy,/home/yuehe/cjn/lisence-plate-forgery/data/images/IPC_2025-08-14.15.35.01.1429.jpg,/home/yuehe/cjn/lisence-plate-forgery/outputs/annotation-remaining1363-local-v3_20260825_210051/IPC_2025-08-14.15.35.01.1429/03_rectified.jpg,,2026-08-26T11:01:55+08:00
IPC_2025-08-14.15.35.06.9290,clear,,,,false,,8,green_new_energy,/home/yuehe/cjn/lisence-plate-forgery/data/images/IPC_2025-08-14.15.35.06.9290.jpg,/home/yuehe/cjn/lisence-plate-forgery/outputs/annotation-remaining1363-local-v3_20260825_210051/IPC_2025-08-14.15.35.06.9290/03_rectified.jpg,,2026-08-26T11:02:03+08:00
IPC_2025-08-14.15.35.08.7050,clear,,,,false,,8,green_new_energy,/home/yuehe/cjn/lisence-plate-forgery/data/images/IPC_2025-08-14.15.35.08.7050.jpg,/home/yuehe/cjn/lisence-plate-forgery/outputs/annotation-remaining1363-local-v3_20260825_210051/IPC_2025-08-14.15.35.08.7050/03_rectified.jpg,,2026-08-26T11:02:05+08:00
IPC_2025-08-14.15.35.13.0190,clear,,,,false,,8,green_new_energy,/home/yuehe/cjn/lisence-plate-forgery/data/images/IPC_2025-08-14.15.35.13.0190.jpg,/home/yuehe/cjn/lisence-plate-forgery/outputs/annotation-remaining1363-local-v3_20260825_210051/IPC_2025-08-14.15.35.13.0190/03_rectified.jpg,,2026-08-26T11:02:10+08:00
IPC_2025-08-14.15.35.16.3550,clear,,,,false,,8,green_new_energy,/home/yuehe/cjn/lisence-plate-forgery/data/images/IPC_2025-08-14.15.35.16.3550.jpg,/home/yuehe/cjn/lisence-plate-forgery/outputs/annotation-remaining1363-local-v3_20260825_210051/IPC_2025-08-14.15.35.16.3550/03_rectified.jpg,,2026-08-26T11:02:14+08:00
IPC_2025-08-14.15.35.18.0770,clear,,,,false,,8,green_new_energy,/home/yuehe/cjn/lisence-plate-forgery/data/images/IPC_2025-08-14.15.35.18.0770.jpg,/home/yuehe/cjn/lisence-plate-forgery/outputs/annotation-remaining1363-local-v3_20260825_210051/IPC_2025-08-14.15.35.18.0770/03_rectified.jpg,,2026-08-26T11:02:17+08:00
IPC_2025-08-14.15.35.21.5230,unassessable,,,,false,,7,blue_standard,/home/yuehe/cjn/lisence-plate-forgery/data/images/IPC_2025-08-14.15.35.21.5230.jpg,/home/yuehe/cjn/lisence-plate-forgery/outputs/annotation-remaining1363-local-v3_20260825_210051/IPC_2025-08-14.15.35.21.5230/03_rectified.jpg,,2026-08-26T11:02:19+08:00
IPC_2025-08-14.15.35.22.7970,clear,,,,false,,8,green_new_energy,/home/yuehe/cjn/lisence-plate-forgery/data/images/IPC_2025-08-14.15.35.22.7970.jpg,/home/yuehe/cjn/lisence-plate-forgery/outputs/annotation-remaining1363-local-v3_20260825_210051/IPC_2025-08-14.15.35.22.7970/03_rectified.jpg,,2026-08-26T11:02:22+08:00
IPC_2025-08-14.15.35.24.9380,clear,,,,false,,8,green_new_energy,/home/yuehe/cjn/lisence-plate-forgery/data/images/IPC_2025-08-14.15.35.24.9380.jpg,/home/yuehe/cjn/lisence-plate-forgery/outputs/annotation-remaining1363-local-v3_20260825_210051/IPC_2025-08-14.15.35.24.9380/03_rectified.jpg,,2026-08-26T11:02:25+08:00
IPC_2025-08-14.15.35.26.4390,clear,,,,false,,8,green_new_energy,/home/yuehe/cjn/lisence-plate-forgery/data/images/IPC_2025-08-14.15.35.26.4390.jpg,/home/yuehe/cjn/lisence-plate-forgery/outputs/annotation-remaining1363-local-v3_20260825_210051/IPC_2025-08-14.15.35.26.4390/03_rectified.jpg,,2026-08-26T11:02:27+08:00
IPC_2025-08-14.15.35.33.2730,clear,,,,false,,8,green_new_energy,/home/yuehe/cjn/lisence-plate-forgery/data/images/IPC_2025-08-14.15.35.33.2730.jpg,/home/yuehe/cjn/lisence-plate-forgery/outputs/annotation-remaining1363-local-v3_20260825_210051/IPC_2025-08-14.15.35.33.2730/03_rectified.jpg,,2026-08-26T11:02:29+08:00
IPC_2025-08-14.15.35.34.4770,clear,,,,false,,8,green_new_energy,/home/yuehe/cjn/lisence-plate-forgery/data/images/IPC_2025-08-14.15.35.34.4770.jpg,/home/yuehe/cjn/lisence-plate-forgery/outputs/annotation-remaining1363-local-v3_20260825_210051/IPC_2025-08-14.15.35.34.4770/03_rectified.jpg,,2026-08-26T11:02:31+08:00
IPC_2025-08-14.15.35.35.9870,clear,,,,false,,8,green_new_energy,/home/yuehe/cjn/lisence-plate-forgery/data/images/IPC_2025-08-14.15.35.35.9870.jpg,/home/yuehe/cjn/lisence-plate-forgery/outputs/annotation-remaining1363-local-v3_20260825_210051/IPC_2025-08-14.15.35.35.9870/03_rectified.jpg,,2026-08-26T11:02:34+08:00
IPC_2025-08-14.15.35.38.8900,clear,,,,false,,8,green_new_energy,/home/yuehe/cjn/lisence-plate-forgery/data/images/IPC_2025-08-14.15.35.38.8900.jpg,/home/yuehe/cjn/lisence-plate-forgery/outputs/annotation-remaining1363-local-v3_20260825_210051/IPC_2025-08-14.15.35.38.8900/03_rectified.jpg,,2026-08-26T11:02:36+08:00
IPC_2025-08-14.15.35.44.5860,clear,,,,false,,8,green_new_energy,/home/yuehe/cjn/lisence-plate-forgery/data/images/IPC_2025-08-14.15.35.44.5860.jpg,/home/yuehe/cjn/lisence-plate-forgery/outputs/annotation-remaining1363-local-v3_20260825_210051/IPC_2025-08-14.15.35.44.5860/03_rectified.jpg,,2026-08-26T11:02:40+08:00
IPC_2025-08-14.15.35.45.9320,clear,,,,false,,8,green_new_energy,/home/yuehe/cjn/lisence-plate-forgery/data/images/IPC_2025-08-14.15.35.45.9320.jpg,/home/yuehe/cjn/lisence-plate-forgery/outputs/annotation-remaining1363-local-v3_20260825_210051/IPC_2025-08-14.15.35.45.9320/03_rectified.jpg,,2026-08-26T11:02:42+08:00
IPC_2025-08-14.15.35.47.8320,clear,,,,false,,8,green_new_energy,/home/yuehe/cjn/lisence-plate-forgery/data/images/IPC_2025-08-14.15.35.47.8320.jpg,/home/yuehe/cjn/lisence-plate-forgery/outputs/annotation-remaining1363-local-v3_20260825_210051/IPC_2025-08-14.15.35.47.8320/03_rectified.jpg,,2026-08-26T11:02:44+08:00
IPC_2025-08-14.15.35.49.7570,clear,,,,false,,8,green_new_energy,/home/yuehe/cjn/lisence-plate-forgery/data/images/IPC_2025-08-14.15.35.49.7570.jpg,/home/yuehe/cjn/lisence-plate-forgery/outputs/annotation-remaining1363-local-v3_20260825_210051/IPC_2025-08-14.15.35.49.7570/03_rectified.jpg,,2026-08-26T11:02:46+08:00
IPC_2025-08-14.15.36.02.3310,clear,,,,false,,8,green_new_energy,/home/yuehe/cjn/lisence-plate-forgery/data/images/IPC_2025-08-14.15.36.02.3310.jpg,/home/yuehe/cjn/lisence-plate-forgery/outputs/annotation-remaining1363-local-v3_20260825_210051/IPC_2025-08-14.15.36.02.3310/03_rectified.jpg,,2026-08-26T11:02:50+08:00
IPC_2025-08-14.15.36.04.0320,clear,,,,false,,8,green_new_energy,/home/yuehe/cjn/lisence-plate-forgery/data/images/IPC_2025-08-14.15.36.04.0320.jpg,/home/yuehe/cjn/lisence-plate-forgery/outputs/annotation-remaining1363-local-v3_20260825_210051/IPC_2025-08-14.15.36.04.0320/03_rectified.jpg,,2026-08-26T11:02:54+08:00
IPC_2025-08-14.15.36.06.3550,clear,,,,false,,8,green_new_energy,/home/yuehe/cjn/lisence-plate-forgery/data/images/IPC_2025-08-14.15.36.06.3550.jpg,/home/yuehe/cjn/lisence-plate-forgery/outputs/annotation-remaining1363-local-v3_20260825_210051/IPC_2025-08-14.15.36.06.3550/03_rectified.jpg,,2026-08-26T11:02:57+08:00
IPC_2025-08-14.15.36.22.3860,clear,,,,false,,8,green_new_energy,/home/yuehe/cjn/lisence-plate-forgery/data/images/IPC_2025-08-14.15.36.22.3860.jpg,/home/yuehe/cjn/lisence-plate-forgery/outputs/annotation-remaining1363-local-v3_20260825_210051/IPC_2025-08-14.15.36.22.3860/03_rectified.jpg,,2026-08-26T11:03:00+08:00
IPC_2025-08-14.15.36.23.8570,clear,,,,false,,8,green_new_energy,/home/yuehe/cjn/lisence-plate-forgery/data/images/IPC_2025-08-14.15.36.23.8570.jpg,/home/yuehe/cjn/lisence-plate-forgery/outputs/annotation-remaining1363-local-v3_20260825_210051/IPC_2025-08-14.15.36.23.8570/03_rectified.jpg,,2026-08-26T11:03:04+08:00
IPC_2025-08-14.15.36.41.1830,clear,,,,false,,8,green_new_energy,/home/yuehe/cjn/lisence-plate-forgery/data/images/IPC_2025-08-14.15.36.41.1830.jpg,/home/yuehe/cjn/lisence-plate-forgery/outputs/annotation-remaining1363-local-v3_20260825_210051/IPC_2025-08-14.15.36.41.1830/03_rectified.jpg,,2026-08-26T11:03:07+08:00
IPC_2025-08-14.15.36.42.2530,clear,,,,false,,8,green_new_energy,/home/yuehe/cjn/lisence-plate-forgery/data/images/IPC_2025-08-14.15.36.42.2530.jpg,/home/yuehe/cjn/lisence-plate-forgery/outputs/annotation-remaining1363-local-v3_20260825_210051/IPC_2025-08-14.15.36.42.2530/03_rectified.jpg,,2026-08-26T11:03:10+08:00
IPC_2025-08-14.15.36.46.5590,clear,,,,false,,8,green_new_energy,/home/yuehe/cjn/lisence-plate-forgery/data/images/IPC_2025-08-14.15.36.46.5590.jpg,/home/yuehe/cjn/lisence-plate-forgery/outputs/annotation-remaining1363-local-v3_20260825_210051/IPC_2025-08-14.15.36.46.5590/03_rectified.jpg,,2026-08-26T11:03:18+08:00
IPC_2025-08-14.15.37.00.0320,clear,,,,false,,8,green_new_energy,/home/yuehe/cjn/lisence-plate-forgery/data/images/IPC_2025-08-14.15.37.00.0320.jpg,/home/yuehe/cjn/lisence-plate-forgery/outputs/annotation-remaining1363-local-v3_20260825_210051/IPC_2025-08-14.15.37.00.0320/03_rectified.jpg,,2026-08-26T11:03:21+08:00
IPC_2025-08-14.15.37.03.4400,clear,,,,false,,8,green_new_energy,/home/yuehe/cjn/lisence-plate-forgery/data/images/IPC_2025-08-14.15.37.03.4400.jpg,/home/yuehe/cjn/lisence-plate-forgery/outputs/annotation-remaining1363-local-v3_20260825_210051/IPC_2025-08-14.15.37.03.4400/03_rectified.jpg,,2026-08-26T11:03:24+08:00
IPC_2025-08-14.15.37.08.7180,clear,,,,false,,8,green_new_energy,/home/yuehe/cjn/lisence-plate-forgery/data/images/IPC_2025-08-14.15.37.08.7180.jpg,/home/yuehe/cjn/lisence-plate-forgery/outputs/annotation-remaining1363-local-v3_20260825_210051/IPC_2025-08-14.15.37.08.7180/03_rectified.jpg,,2026-08-26T11:03:26+08:00
IPC_2025-08-14.15.37.10.5140,clear,,,,false,,8,green_new_energy,/home/yuehe/cjn/lisence-plate-forgery/data/images/IPC_2025-08-14.15.37.10.5140.jpg,/home/yuehe/cjn/lisence-plate-forgery/outputs/annotation-remaining1363-local-v3_20260825_210051/IPC_2025-08-14.15.37.10.5140/03_rectified.jpg,,2026-08-26T11:03:29+08:00
IPC_2025-08-14.15.37.13.0080,clear,,,,false,,8,green_new_energy,/home/yuehe/cjn/lisence-plate-forgery/data/images/IPC_2025-08-14.15.37.13.0080.jpg,/home/yuehe/cjn/lisence-plate-forgery/outputs/annotation-remaining1363-local-v3_20260825_210051/IPC_2025-08-14.15.37.13.0080/03_rectified.jpg,,2026-08-26T11:03:32+08:00
IPC_2025-08-14.15.37.17.0730,clear,,,,false,,8,green_new_energy,/home/yuehe/cjn/lisence-plate-forgery/data/images/IPC_2025-08-14.15.37.17.0730.jpg,/home/yuehe/cjn/lisence-plate-forgery/outputs/annotation-remaining1363-local-v3_20260825_210051/IPC_2025-08-14.15.37.17.0730/03_rectified.jpg,,2026-08-26T11:03:35+08:00
IPC_2025-08-14.15.37.19.1729,clear,,,,false,,8,green_new_energy,/home/yuehe/cjn/lisence-plate-forgery/data/images/IPC_2025-08-14.15.37.19.1729.jpg,/home/yuehe/cjn/lisence-plate-forgery/outputs/annotation-remaining1363-local-v3_20260825_210051/IPC_2025-08-14.15.37.19.1729/03_rectified.jpg,,2026-08-26T11:03:37+08:00
IPC_2025-08-14.15.37.22.5770,clear,,,,false,,8,green_new_energy,/home/yuehe/cjn/lisence-plate-forgery/data/images/IPC_2025-08-14.15.37.22.5770.jpg,/home/yuehe/cjn/lisence-plate-forgery/outputs/annotation-remaining1363-local-v3_20260825_210051/IPC_2025-08-14.15.37.22.5770/03_rectified.jpg,,2026-08-26T11:03:39+08:00
IPC_2025-08-14.15.37.38.6340,clear,,,,false,,8,green_new_energy,/home/yuehe/cjn/lisence-plate-forgery/data/images/IPC_2025-08-14.15.37.38.6340.jpg,/home/yuehe/cjn/lisence-plate-forgery/outputs/annotation-remaining1363-local-v3_20260825_210051/IPC_2025-08-14.15.37.38.6340/03_rectified.jpg,,2026-08-26T11:03:43+08:00
IPC_2025-08-14.15.37.41.1510,clear,,,,false,,8,green_new_energy,/home/yuehe/cjn/lisence-plate-forgery/data/images/IPC_2025-08-14.15.37.41.1510.jpg,/home/yuehe/cjn/lisence-plate-forgery/outputs/annotation-remaining1363-local-v3_20260825_210051/IPC_2025-08-14.15.37.41.1510/03_rectified.jpg,,2026-08-26T11:03:46+08:00
IPC_2025-08-14.15.37.43.3630,clear,,,,false,,8,green_new_energy,/home/yuehe/cjn/lisence-plate-forgery/data/images/IPC_2025-08-14.15.37.43.3630.jpg,/home/yuehe/cjn/lisence-plate-forgery/outputs/annotation-remaining1363-local-v3_20260825_210051/IPC_2025-08-14.15.37.43.3630/03_rectified.jpg,,2026-08-26T11:03:49+08:00
IPC_2025-08-14.15.37.45.7270,clear,,,,false,,8,green_new_energy,/home/yuehe/cjn/lisence-plate-forgery/data/images/IPC_2025-08-14.15.37.45.7270.jpg,/home/yuehe/cjn/lisence-plate-forgery/outputs/annotation-remaining1363-local-v3_20260825_210051/IPC_2025-08-14.15.37.45.7270/03_rectified.jpg,,2026-08-26T11:03:52+08:00
IPC_2025-08-14.15.37.48.0920,clear,,,,false,,8,green_new_energy,/home/yuehe/cjn/lisence-plate-forgery/data/images/IPC_2025-08-14.15.37.48.0920.jpg,/home/yuehe/cjn/lisence-plate-forgery/outputs/annotation-remaining1363-local-v3_20260825_210051/IPC_2025-08-14.15.37.48.0920/03_rectified.jpg,,2026-08-26T11:03:56+08:00
IPC_2025-08-14.15.37.49.9350,clear,,,,false,,8,green_new_energy,/home/yuehe/cjn/lisence-plate-forgery/data/images/IPC_2025-08-14.15.37.49.9350.jpg,/home/yuehe/cjn/lisence-plate-forgery/outputs/annotation-remaining1363-local-v3_20260825_210051/IPC_2025-08-14.15.37.49.9350/03_rectified.jpg,,2026-08-26T11:03:58+08:00
IPC_2025-08-14.15.37.52.6820,clear,,,,false,,8,green_new_energy,/home/yuehe/cjn/lisence-plate-forgery/data/images/IPC_2025-08-14.15.37.52.6820.jpg,/home/yuehe/cjn/lisence-plate-forgery/outputs/annotation-remaining1363-local-v3_20260825_210051/IPC_2025-08-14.15.37.52.6820/03_rectified.jpg,,2026-08-26T11:04:01+08:00
IPC_2025-08-14.15.37.54.0120,clear,,,,false,,8,green_new_energy,/home/yuehe/cjn/lisence-plate-forgery/data/images/IPC_2025-08-14.15.37.54.0120.jpg,/home/yuehe/cjn/lisence-plate-forgery/outputs/annotation-remaining1363-local-v3_20260825_210051/IPC_2025-08-14.15.37.54.0120/03_rectified.jpg,,2026-08-26T11:04:03+08:00
IPC_2025-08-14.15.37.56.2270,clear,,,,false,,8,green_new_energy,/home/yuehe/cjn/lisence-plate-forgery/data/images/IPC_2025-08-14.15.37.56.2270.jpg,/home/yuehe/cjn/lisence-plate-forgery/outputs/annotation-remaining1363-local-v3_20260825_210051/IPC_2025-08-14.15.37.56.2270/03_rectified.jpg,,2026-08-26T11:04:06+08:00
IPC_2025-08-14.15.37.57.5960,clear,,,,false,,8,green_new_energy,/home/yuehe/cjn/lisence-plate-forgery/data/images/IPC_2025-08-14.15.37.57.5960.jpg,/home/yuehe/cjn/lisence-plate-forgery/outputs/annotation-remaining1363-local-v3_20260825_210051/IPC_2025-08-14.15.37.57.5960/03_rectified.jpg,,2026-08-26T11:04:08+08:00
IPC_2025-08-14.15.37.59.0930,clear,,,,false,,8,green_new_energy,/home/yuehe/cjn/lisence-plate-forgery/data/images/IPC_2025-08-14.15.37.59.0930.jpg,/home/yuehe/cjn/lisence-plate-forgery/outputs/annotation-remaining1363-local-v3_20260825_210051/IPC_2025-08-14.15.37.59.0930/03_rectified.jpg,,2026-08-26T11:04:12+08:00
IPC_2025-08-14.15.38.01.4310,clear,,,,false,,8,green_new_energy,/home/yuehe/cjn/lisence-plate-forgery/data/images/IPC_2025-08-14.15.38.01.4310.jpg,/home/yuehe/cjn/lisence-plate-forgery/outputs/annotation-remaining1363-local-v3_20260825_210051/IPC_2025-08-14.15.38.01.4310/03_rectified.jpg,,2026-08-26T11:04:15+08:00
IPC_2025-08-14.15.38.06.9250,clear,,,,false,,8,green_new_energy,/home/yuehe/cjn/lisence-plate-forgery/data/images/IPC_2025-08-14.15.38.06.9250.jpg,/home/yuehe/cjn/lisence-plate-forgery/outputs/annotation-remaining1363-local-v3_20260825_210051/IPC_2025-08-14.15.38.06.9250/03_rectified.jpg,,2026-08-26T11:04:24+08:00
IPC_2025-08-14.15.38.09.5659,clear,,,,false,,8,green_new_energy,/home/yuehe/cjn/lisence-plate-forgery/data/images/IPC_2025-08-14.15.38.09.5659.jpg,/home/yuehe/cjn/lisence-plate-forgery/outputs/annotation-remaining1363-local-v3_20260825_210051/IPC_2025-08-14.15.38.09.5659/03_rectified.jpg,,2026-08-26T11:04:26+08:00
IPC_2025-08-14.15.38.11.4340,clear,,,,false,,8,green_new_energy,/home/yuehe/cjn/lisence-plate-forgery/data/images/IPC_2025-08-14.15.38.11.4340.jpg,/home/yuehe/cjn/lisence-plate-forgery/outputs/annotation-remaining1363-local-v3_20260825_210051/IPC_2025-08-14.15.38.11.4340/03_rectified.jpg,,2026-08-26T11:04:29+08:00
IPC_2025-08-14.15.38.13.4940,clear,,,,false,,8,green_new_energy,/home/yuehe/cjn/lisence-plate-forgery/data/images/IPC_2025-08-14.15.38.13.4940.jpg,/home/yuehe/cjn/lisence-plate-forgery/outputs/annotation-remaining1363-local-v3_20260825_210051/IPC_2025-08-14.15.38.13.4940/03_rectified.jpg,,2026-08-26T11:04:31+08:00
IPC_2025-08-14.15.38.19.6110,clear,,,,false,,8,green_new_energy,/home/yuehe/cjn/lisence-plate-forgery/data/images/IPC_2025-08-14.15.38.19.6110.jpg,/home/yuehe/cjn/lisence-plate-forgery/outputs/annotation-remaining1363-local-v3_20260825_210051/IPC_2025-08-14.15.38.19.6110/03_rectified.jpg,,2026-08-26T11:04:34+08:00
IPC_2025-08-14.15.38.21.1330,clear,,,,false,,8,green_new_energy,/home/yuehe/cjn/lisence-plate-forgery/data/images/IPC_2025-08-14.15.38.21.1330.jpg,/home/yuehe/cjn/lisence-plate-forgery/outputs/annotation-remaining1363-local-v3_20260825_210051/IPC_2025-08-14.15.38.21.1330/03_rectified.jpg,,2026-08-26T11:04:38+08:00
IPC_2025-08-14.15.38.22.7740,clear,,,,false,,8,green_new_energy,/home/yuehe/cjn/lisence-plate-forgery/data/images/IPC_2025-08-14.15.38.22.7740.jpg,/home/yuehe/cjn/lisence-plate-forgery/outputs/annotation-remaining1363-local-v3_20260825_210051/IPC_2025-08-14.15.38.22.7740/03_rectified.jpg,,2026-08-26T11:04:48+08:00
IPC_2025-08-14.15.38.25.8280,clear,,,,false,,8,green_new_energy,/home/yuehe/cjn/lisence-plate-forgery/data/images/IPC_2025-08-14.15.38.25.8280.jpg,/home/yuehe/cjn/lisence-plate-forgery/outputs/annotation-remaining1363-local-v3_20260825_210051/IPC_2025-08-14.15.38.25.8280/03_rectified.jpg,,2026-08-26T11:04:50+08:00
IPC_2025-08-14.15.38.27.2890,clear,,,,false,,8,green_new_energy,/home/yuehe/cjn/lisence-plate-forgery/data/images/IPC_2025-08-14.15.38.27.2890.jpg,/home/yuehe/cjn/lisence-plate-forgery/outputs/annotation-remaining1363-local-v3_20260825_210051/IPC_2025-08-14.15.38.27.2890/03_rectified.jpg,,2026-08-26T11:04:54+08:00
IPC_2025-08-14.15.38.28.6899,clear,,,,false,,8,green_new_energy,/home/yuehe/cjn/lisence-plate-forgery/data/images/IPC_2025-08-14.15.38.28.6899.jpg,/home/yuehe/cjn/lisence-plate-forgery/outputs/annotation-remaining1363-local-v3_20260825_210051/IPC_2025-08-14.15.38.28.6899/03_rectified.jpg,,2026-08-26T11:05:00+08:00
IPC_2025-08-14.15.38.30.0930,clear,,,,false,,8,green_new_energy,/home/yuehe/cjn/lisence-plate-forgery/data/images/IPC_2025-08-14.15.38.30.0930.jpg,/home/yuehe/cjn/lisence-plate-forgery/outputs/annotation-remaining1363-local-v3_20260825_210051/IPC_2025-08-14.15.38.30.0930/03_rectified.jpg,,2026-08-26T11:05:02+08:00
IPC_2025-08-14.15.38.34.5940,clear,,,,false,,8,green_new_energy,/home/yuehe/cjn/lisence-plate-forgery/data/images/IPC_2025-08-14.15.38.34.5940.jpg,/home/yuehe/cjn/lisence-plate-forgery/outputs/annotation-remaining1363-local-v3_20260825_210051/IPC_2025-08-14.15.38.34.5940/03_rectified.jpg,,2026-08-26T11:05:05+08:00
IPC_2025-08-14.15.38.35.7720,clear,,,,false,,8,green_new_energy,/home/yuehe/cjn/lisence-plate-forgery/data/images/IPC_2025-08-14.15.38.35.7720.jpg,/home/yuehe/cjn/lisence-plate-forgery/outputs/annotation-remaining1363-local-v3_20260825_210051/IPC_2025-08-14.15.38.35.7720/03_rectified.jpg,,2026-08-26T11:05:07+08:00
IPC_2025-08-14.15.38.37.7310,clear,,,,false,,8,green_new_energy,/home/yuehe/cjn/lisence-plate-forgery/data/images/IPC_2025-08-14.15.38.37.7310.jpg,/home/yuehe/cjn/lisence-plate-forgery/outputs/annotation-remaining1363-local-v3_20260825_210051/IPC_2025-08-14.15.38.37.7310/03_rectified.jpg,,2026-08-26T11:05:09+08:00
IPC_2025-08-14.15.38.39.8960,clear,,,,false,,8,green_new_energy,/home/yuehe/cjn/lisence-plate-forgery/data/images/IPC_2025-08-14.15.38.39.8960.jpg,/home/yuehe/cjn/lisence-plate-forgery/outputs/annotation-remaining1363-local-v3_20260825_210051/IPC_2025-08-14.15.38.39.8960/03_rectified.jpg,,2026-08-26T11:05:14+08:00
IPC_2025-08-14.15.38.42.9770,clear,,,,false,,8,green_new_energy,/home/yuehe/cjn/lisence-plate-forgery/data/images/IPC_2025-08-14.15.38.42.9770.jpg,/home/yuehe/cjn/lisence-plate-forgery/outputs/annotation-remaining1363-local-v3_20260825_210051/IPC_2025-08-14.15.38.42.9770/03_rectified.jpg,,2026-08-26T11:05:16+08:00
IPC_2025-08-14.15.38.44.6300,clear,,,,false,,8,green_new_energy,/home/yuehe/cjn/lisence-plate-forgery/data/images/IPC_2025-08-14.15.38.44.6300.jpg,/home/yuehe/cjn/lisence-plate-forgery/outputs/annotation-remaining1363-local-v3_20260825_210051/IPC_2025-08-14.15.38.44.6300/03_rectified.jpg,,2026-08-26T11:05:20+08:00
IPC_2025-08-14.15.38.46.0590,clear,,,,false,,8,green_new_energy,/home/yuehe/cjn/lisence-plate-forgery/data/images/IPC_2025-08-14.15.38.46.0590.jpg,/home/yuehe/cjn/lisence-plate-forgery/outputs/annotation-remaining1363-local-v3_20260825_210051/IPC_2025-08-14.15.38.46.0590/03_rectified.jpg,,2026-08-26T11:05:23+08:00
IPC_2025-08-14.15.38.47.4450,clear,,,,false,,8,green_new_energy,/home/yuehe/cjn/lisence-plate-forgery/data/images/IPC_2025-08-14.15.38.47.4450.jpg,/home/yuehe/cjn/lisence-plate-forgery/outputs/annotation-remaining1363-local-v3_20260825_210051/IPC_2025-08-14.15.38.47.4450/03_rectified.jpg,,2026-08-26T11:05:25+08:00
IPC_2025-08-14.15.38.49.1620,clear,,,,false,,8,green_new_energy,/home/yuehe/cjn/lisence-plate-forgery/data/images/IPC_2025-08-14.15.38.49.1620.jpg,/home/yuehe/cjn/lisence-plate-forgery/outputs/annotation-remaining1363-local-v3_20260825_210051/IPC_2025-08-14.15.38.49.1620/03_rectified.jpg,,2026-08-26T11:05:28+08:00
IPC_2025-08-14.15.38.50.4410,clear,,,,false,,8,green_new_energy,/home/yuehe/cjn/lisence-plate-forgery/data/images/IPC_2025-08-14.15.38.50.4410.jpg,/home/yuehe/cjn/lisence-plate-forgery/outputs/annotation-remaining1363-local-v3_20260825_210051/IPC_2025-08-14.15.38.50.4410/03_rectified.jpg,,2026-08-26T11:05:31+08:00
IPC_2025-08-14.15.38.51.4950,clear,,,,false,,8,green_new_energy,/home/yuehe/cjn/lisence-plate-forgery/data/images/IPC_2025-08-14.15.38.51.4950.jpg,/home/yuehe/cjn/lisence-plate-forgery/outputs/annotation-remaining1363-local-v3_20260825_210051/IPC_2025-08-14.15.38.51.4950/03_rectified.jpg,,2026-08-26T11:05:34+08:00
IPC_2025-08-14.15.38.52.9650,clear,,,,false,,8,green_new_energy,/home/yuehe/cjn/lisence-plate-forgery/data/images/IPC_2025-08-14.15.38.52.9650.jpg,/home/yuehe/cjn/lisence-plate-forgery/outputs/annotation-remaining1363-local-v3_20260825_210051/IPC_2025-08-14.15.38.52.9650/03_rectified.jpg,,2026-08-26T11:05:36+08:00
IPC_2025-08-14.15.38.54.5000,clear,,,,false,,8,green_new_energy,/home/yuehe/cjn/lisence-plate-forgery/data/images/IPC_2025-08-14.15.38.54.5000.jpg,/home/yuehe/cjn/lisence-plate-forgery/outputs/annotation-remaining1363-local-v3_20260825_210051/IPC_2025-08-14.15.38.54.5000/03_rectified.jpg,,2026-08-26T11:05:39+08:00
IPC_2025-08-14.15.38.54.6580,clear,,,,false,,8,green_new_energy,/home/yuehe/cjn/lisence-plate-forgery/data/images/IPC_2025-08-14.15.38.54.6580.jpg,/home/yuehe/cjn/lisence-plate-forgery/outputs/annotation-remaining1363-local-v3_20260825_210051/IPC_2025-08-14.15.38.54.6580/03_rectified.jpg,,2026-08-26T11:05:41+08:00
IPC_2025-08-14.15.39.07.5950,clear,,,,false,,8,green_new_energy,/home/yuehe/cjn/lisence-plate-forgery/data/images/IPC_2025-08-14.15.39.07.5950.jpg,/home/yuehe/cjn/lisence-plate-forgery/outputs/annotation-remaining1363-local-v3_20260825_210051/IPC_2025-08-14.15.39.07.5950/03_rectified.jpg,,2026-08-26T11:05:44+08:00
IPC_2025-08-14.15.39.08.5250,clear,,,,false,,8,green_new_energy,/home/yuehe/cjn/lisence-plate-forgery/data/images/IPC_2025-08-14.15.39.08.5250.jpg,/home/yuehe/cjn/lisence-plate-forgery/outputs/annotation-remaining1363-local-v3_20260825_210051/IPC_2025-08-14.15.39.08.5250/03_rectified.jpg,,2026-08-26T11:05:46+08:00
IPC_2025-08-14.15.39.09.9010,clear,,,,false,,8,green_new_energy,/home/yuehe/cjn/lisence-plate-forgery/data/images/IPC_2025-08-14.15.39.09.9010.jpg,/home/yuehe/cjn/lisence-plate-forgery/outputs/annotation-remaining1363-local-v3_20260825_210051/IPC_2025-08-14.15.39.09.9010/03_rectified.jpg,,2026-08-26T11:05:49+08:00
IPC_2025-08-14.15.39.11.6870,clear,,,,false,,8,green_new_energy,/home/yuehe/cjn/lisence-plate-forgery/data/images/IPC_2025-08-14.15.39.11.6870.jpg,/home/yuehe/cjn/lisence-plate-forgery/outputs/annotation-remaining1363-local-v3_20260825_210051/IPC_2025-08-14.15.39.11.6870/03_rectified.jpg,,2026-08-26T11:05:52+08:00
IPC_2025-08-14.15.39.28.1729,clear,,,,false,,8,green_new_energy,/home/yuehe/cjn/lisence-plate-forgery/data/images/IPC_2025-08-14.15.39.28.1729.jpg,/home/yuehe/cjn/lisence-plate-forgery/outputs/annotation-remaining1363-local-v3_20260825_210051/IPC_2025-08-14.15.39.28.1729/03_rectified.jpg,,2026-08-26T11:05:59+08:00
IPC_2025-08-14.15.39.34.5320,clear,,,,false,,8,green_new_energy,/home/yuehe/cjn/lisence-plate-forgery/data/images/IPC_2025-08-14.15.39.34.5320.jpg,/home/yuehe/cjn/lisence-plate-forgery/outputs/annotation-remaining1363-local-v3_20260825_210051/IPC_2025-08-14.15.39.34.5320/03_rectified.jpg,,2026-08-26T11:06:02+08:00
IPC_2025-08-14.15.39.37.8730,clear,,,,false,,8,green_new_energy,/home/yuehe/cjn/lisence-plate-forgery/data/images/IPC_2025-08-14.15.39.37.8730.jpg,/home/yuehe/cjn/lisence-plate-forgery/outputs/annotation-remaining1363-local-v3_20260825_210051/IPC_2025-08-14.15.39.37.8730/03_rectified.jpg,,2026-08-26T11:06:06+08:00
IPC_2025-08-14.15.39.41.9990,clear,,,,false,,8,green_new_energy,/home/yuehe/cjn/lisence-plate-forgery/data/images/IPC_2025-08-14.15.39.41.9990.jpg,/home/yuehe/cjn/lisence-plate-forgery/outputs/annotation-remaining1363-local-v3_20260825_210051/IPC_2025-08-14.15.39.41.9990/03_rectified.jpg,,2026-08-26T11:06:08+08:00
IPC_2025-08-14.15.39.43.8270,clear,,,,false,,8,green_new_energy,/home/yuehe/cjn/lisence-plate-forgery/data/images/IPC_2025-08-14.15.39.43.8270.jpg,/home/yuehe/cjn/lisence-plate-forgery/outputs/annotation-remaining1363-local-v3_20260825_210051/IPC_2025-08-14.15.39.43.8270/03_rectified.jpg,,2026-08-26T11:06:12+08:00
IPC_2025-08-14.15.39.46.1090,clear,,,,false,,8,green_new_energy,/home/yuehe/cjn/lisence-plate-forgery/data/images/IPC_2025-08-14.15.39.46.1090.jpg,/home/yuehe/cjn/lisence-plate-forgery/outputs/annotation-remaining1363-local-v3_20260825_210051/IPC_2025-08-14.15.39.46.1090/03_rectified.jpg,,2026-08-26T11:06:17+08:00
IPC_2025-08-14.15.40.11.9790,clear,,,,false,,8,green_new_energy,/home/yuehe/cjn/lisence-plate-forgery/data/images/IPC_2025-08-14.15.40.11.9790.jpg,/home/yuehe/cjn/lisence-plate-forgery/outputs/annotation-remaining1363-local-v3_20260825_210051/IPC_2025-08-14.15.40.11.9790/03_rectified.jpg,,2026-08-26T11:06:37+08:00
IPC_2025-08-14.15.40.13.2400,clear,,,,false,,8,green_new_energy,/home/yuehe/cjn/lisence-plate-forgery/data/images/IPC_2025-08-14.15.40.13.2400.jpg,/home/yuehe/cjn/lisence-plate-forgery/outputs/annotation-remaining1363-local-v3_20260825_210051/IPC_2025-08-14.15.40.13.2400/03_rectified.jpg,,2026-08-26T11:06:39+08:00
IPC_2025-08-14.15.40.15.4650,clear,,,,false,,8,green_new_energy,/home/yuehe/cjn/lisence-plate-forgery/data/images/IPC_2025-08-14.15.40.15.4650.jpg,/home/yuehe/cjn/lisence-plate-forgery/outputs/annotation-remaining1363-local-v3_20260825_210051/IPC_2025-08-14.15.40.15.4650/03_rectified.jpg,,2026-08-26T11:06:41+08:00
IPC_2025-08-14.15.40.19.0740,clear,,,,false,,8,green_new_energy,/home/yuehe/cjn/lisence-plate-forgery/data/images/IPC_2025-08-14.15.40.19.0740.jpg,/home/yuehe/cjn/lisence-plate-forgery/outputs/annotation-remaining1363-local-v3_20260825_210051/IPC_2025-08-14.15.40.19.0740/03_rectified.jpg,,2026-08-26T11:06:45+08:00
IPC_2025-08-14.15.40.20.4190,clear,,,,false,,8,green_new_energy,/home/yuehe/cjn/lisence-plate-forgery/data/images/IPC_2025-08-14.15.40.20.4190.jpg,/home/yuehe/cjn/lisence-plate-forgery/outputs/annotation-remaining1363-local-v3_20260825_210051/IPC_2025-08-14.15.40.20.4190/03_rectified.jpg,,2026-08-26T11:06:50+08:00
IPC_2025-08-14.16.21.59.2440,clear,,,,false,,7,blue_standard,/home/yuehe/cjn/lisence-plate-forgery/data/images/IPC_2025-08-14.16.21.59.2440.jpg,/home/yuehe/cjn/lisence-plate-forgery/outputs/annotation-remaining1363-local-v3_20260825_210051/IPC_2025-08-14.16.21.59.2440/03_rectified.jpg,,2026-08-26T11:06:53+08:00
IPC_2025-08-14.16.22.00.7870,unassessable,,,,false,,7,blue_standard,/home/yuehe/cjn/lisence-plate-forgery/data/images/IPC_2025-08-14.16.22.00.7870.jpg,/home/yuehe/cjn/lisence-plate-forgery/outputs/annotation-remaining1363-local-v3_20260825_210051/IPC_2025-08-14.16.22.00.7870/03_rectified.jpg,,2026-08-26T11:06:55+08:00
IPC_2025-08-14.16.22.08.2450,clear,,,,false,,7,blue_standard,/home/yuehe/cjn/lisence-plate-forgery/data/images/IPC_2025-08-14.16.22.08.2450.jpg,/home/yuehe/cjn/lisence-plate-forgery/outputs/annotation-remaining1363-local-v3_20260825_210051/IPC_2025-08-14.16.22.08.2450/03_rectified.jpg,,2026-08-26T11:06:58+08:00
IPC_2025-08-14.16.22.09.9880,clear,,,,false,,7,blue_standard,/home/yuehe/cjn/lisence-plate-forgery/data/images/IPC_2025-08-14.16.22.09.9880.jpg,/home/yuehe/cjn/lisence-plate-forgery/outputs/annotation-remaining1363-local-v3_20260825_210051/IPC_2025-08-14.16.22.09.9880/03_rectified.jpg,,2026-08-26T11:07:03+08:00
IPC_2025-08-14.16.22.14.7870,clear,,,,false,,7,blue_standard,/home/yuehe/cjn/lisence-plate-forgery/data/images/IPC_2025-08-14.16.22.14.7870.jpg,/home/yuehe/cjn/lisence-plate-forgery/outputs/annotation-remaining1363-local-v3_20260825_210051/IPC_2025-08-14.16.22.14.7870/03_rectified.jpg,,2026-08-26T11:07:07+08:00
IPC_2025-08-14.16.22.15.9430,clear,,,,false,,7,blue_standard,/home/yuehe/cjn/lisence-plate-forgery/data/images/IPC_2025-08-14.16.22.15.9430.jpg,/home/yuehe/cjn/lisence-plate-forgery/outputs/annotation-remaining1363-local-v3_20260825_210051/IPC_2025-08-14.16.22.15.9430/03_rectified.jpg,,2026-08-26T11:07:17+08:00
IPC_2025-08-14.16.22.18.6540,clear,,,,false,,7,blue_standard,/home/yuehe/cjn/lisence-plate-forgery/data/images/IPC_2025-08-14.16.22.18.6540.jpg,/home/yuehe/cjn/lisence-plate-forgery/outputs/annotation-remaining1363-local-v3_20260825_210051/IPC_2025-08-14.16.22.18.6540/03_rectified.jpg,,2026-08-26T11:07:19+08:00
IPC_2025-08-14.16.22.22.4640,clear,,,,false,,7,blue_standard,/home/yuehe/cjn/lisence-plate-forgery/data/images/IPC_2025-08-14.16.22.22.4640.jpg,/home/yuehe/cjn/lisence-plate-forgery/outputs/annotation-remaining1363-local-v3_20260825_210051/IPC_2025-08-14.16.22.22.4640/03_rectified.jpg,,2026-08-26T11:07:22+08:00
IPC_2025-08-14.16.22.24.2970,clear,,,,false,,7,blue_standard,/home/yuehe/cjn/lisence-plate-forgery/data/images/IPC_2025-08-14.16.22.24.2970.jpg,/home/yuehe/cjn/lisence-plate-forgery/outputs/annotation-remaining1363-local-v3_20260825_210051/IPC_2025-08-14.16.22.24.2970/03_rectified.jpg,,2026-08-26T11:07:24+08:00
IPC_2025-08-14.16.22.26.3469,clear,,,,false,,7,blue_standard,/home/yuehe/cjn/lisence-plate-forgery/data/images/IPC_2025-08-14.16.22.26.3469.jpg,/home/yuehe/cjn/lisence-plate-forgery/outputs/annotation-remaining1363-local-v3_20260825_210051/IPC_2025-08-14.16.22.26.3469/03_rectified.jpg,,2026-08-26T11:07:26+08:00
IPC_2025-08-14.16.22.28.1150,clear,,,,false,,7,blue_standard,/home/yuehe/cjn/lisence-plate-forgery/data/images/IPC_2025-08-14.16.22.28.1150.jpg,/home/yuehe/cjn/lisence-plate-forgery/outputs/annotation-remaining1363-local-v3_20260825_210051/IPC_2025-08-14.16.22.28.1150/03_rectified.jpg,,2026-08-26T11:07:29+08:00
IPC_2025-08-14.16.22.31.1130,clear,,,,false,,7,blue_standard,/home/yuehe/cjn/lisence-plate-forgery/data/images/IPC_2025-08-14.16.22.31.1130.jpg,/home/yuehe/cjn/lisence-plate-forgery/outputs/annotation-remaining1363-local-v3_20260825_210051/IPC_2025-08-14.16.22.31.1130/03_rectified.jpg,,2026-08-26T11:07:31+08:00
IPC_2025-08-14.16.22.32.4480,clear,,,,false,,7,blue_standard,/home/yuehe/cjn/lisence-plate-forgery/data/images/IPC_2025-08-14.16.22.32.4480.jpg,/home/yuehe/cjn/lisence-plate-forgery/outputs/annotation-remaining1363-local-v3_20260825_210051/IPC_2025-08-14.16.22.32.4480/03_rectified.jpg,,2026-08-26T11:07:35+08:00
IPC_2025-08-14.16.22.37.7790,clear,,,,false,,7,blue_standard,/home/yuehe/cjn/lisence-plate-forgery/data/images/IPC_2025-08-14.16.22.37.7790.jpg,/home/yuehe/cjn/lisence-plate-forgery/outputs/annotation-remaining1363-local-v3_20260825_210051/IPC_2025-08-14.16.22.37.7790/03_rectified.jpg,,2026-08-26T11:07:37+08:00
IPC_2025-08-14.16.22.39.4060,clear,,,,false,,7,blue_standard,/home/yuehe/cjn/lisence-plate-forgery/data/images/IPC_2025-08-14.16.22.39.4060.jpg,/home/yuehe/cjn/lisence-plate-forgery/outputs/annotation-remaining1363-local-v3_20260825_210051/IPC_2025-08-14.16.22.39.4060/03_rectified.jpg,,2026-08-26T11:07:39+08:00
IPC_2025-08-14.16.22.41.1270,clear,,,,false,,7,blue_standard,/home/yuehe/cjn/lisence-plate-forgery/data/images/IPC_2025-08-14.16.22.41.1270.jpg,/home/yuehe/cjn/lisence-plate-forgery/outputs/annotation-remaining1363-local-v3_20260825_210051/IPC_2025-08-14.16.22.41.1270/03_rectified.jpg,,2026-08-26T11:07:42+08:00
IPC_2025-08-14.16.22.42.7940,clear,,,,false,,7,blue_standard,/home/yuehe/cjn/lisence-plate-forgery/data/images/IPC_2025-08-14.16.22.42.7940.jpg,/home/yuehe/cjn/lisence-plate-forgery/outputs/annotation-remaining1363-local-v3_20260825_210051/IPC_2025-08-14.16.22.42.7940/03_rectified.jpg,,2026-08-26T11:07:45+08:00
IPC_2025-08-14.16.22.44.0210,clear,,,,false,,7,blue_standard,/home/yuehe/cjn/lisence-plate-forgery/data/images/IPC_2025-08-14.16.22.44.0210.jpg,/home/yuehe/cjn/lisence-plate-forgery/outputs/annotation-remaining1363-local-v3_20260825_210051/IPC_2025-08-14.16.22.44.0210/03_rectified.jpg,,2026-08-26T11:07:49+08:00
IPC_2025-08-14.16.22.47.7900,clear,,,,false,,7,blue_standard,/home/yuehe/cjn/lisence-plate-forgery/data/images/IPC_2025-08-14.16.22.47.7900.jpg,/home/yuehe/cjn/lisence-plate-forgery/outputs/annotation-remaining1363-local-v3_20260825_210051/IPC_2025-08-14.16.22.47.7900/03_rectified.jpg,,2026-08-26T11:07:53+08:00
IPC_2025-08-14.16.22.49.3420,clear,,,,false,,7,blue_standard,/home/yuehe/cjn/lisence-plate-forgery/data/images/IPC_2025-08-14.16.22.49.3420.jpg,/home/yuehe/cjn/lisence-plate-forgery/outputs/annotation-remaining1363-local-v3_20260825_210051/IPC_2025-08-14.16.22.49.3420/03_rectified.jpg,,2026-08-26T11:07:55+08:00
IPC_2025-08-14.16.22.51.6090,clear,,,,false,,7,blue_standard,/home/yuehe/cjn/lisence-plate-forgery/data/images/IPC_2025-08-14.16.22.51.6090.jpg,/home/yuehe/cjn/lisence-plate-forgery/outputs/annotation-remaining1363-local-v3_20260825_210051/IPC_2025-08-14.16.22.51.6090/03_rectified.jpg,,2026-08-26T11:07:57+08:00
IPC_2025-08-14.16.22.53.3500,clear,,,,false,,7,blue_standard,/home/yuehe/cjn/lisence-plate-forgery/data/images/IPC_2025-08-14.16.22.53.3500.jpg,/home/yuehe/cjn/lisence-plate-forgery/outputs/annotation-remaining1363-local-v3_20260825_210051/IPC_2025-08-14.16.22.53.3500/03_rectified.jpg,,2026-08-26T11:08:01+08:00
IPC_2025-08-14.16.22.58.0690,clear,,,,false,,7,blue_standard,/home/yuehe/cjn/lisence-plate-forgery/data/images/IPC_2025-08-14.16.22.58.0690.jpg,/home/yuehe/cjn/lisence-plate-forgery/outputs/annotation-remaining1363-local-v3_20260825_210051/IPC_2025-08-14.16.22.58.0690/03_rectified.jpg,,2026-08-26T11:08:04+08:00
IPC_2025-08-14.16.22.59.1140,clear,,,,false,,7,blue_standard,/home/yuehe/cjn/lisence-plate-forgery/data/images/IPC_2025-08-14.16.22.59.1140.jpg,/home/yuehe/cjn/lisence-plate-forgery/outputs/annotation-remaining1363-local-v3_20260825_210051/IPC_2025-08-14.16.22.59.1140/03_rectified.jpg,,2026-08-26T11:08:07+08:00
IPC_2025-08-14.16.23.00.6830,clear,,,,false,,7,blue_standard,/home/yuehe/cjn/lisence-plate-forgery/data/images/IPC_2025-08-14.16.23.00.6830.jpg,/home/yuehe/cjn/lisence-plate-forgery/outputs/annotation-remaining1363-local-v3_20260825_210051/IPC_2025-08-14.16.23.00.6830/03_rectified.jpg,,2026-08-26T11:08:12+08:00
IPC_2025-08-14.16.23.02.3650,clear,,,,false,,7,blue_standard,/home/yuehe/cjn/lisence-plate-forgery/data/images/IPC_2025-08-14.16.23.02.3650.jpg,/home/yuehe/cjn/lisence-plate-forgery/outputs/annotation-remaining1363-local-v3_20260825_210051/IPC_2025-08-14.16.23.02.3650/03_rectified.jpg,,2026-08-26T11:08:14+08:00
IPC_2025-08-14.16.23.03.7750,clear,,,,false,,7,blue_standard,/home/yuehe/cjn/lisence-plate-forgery/data/images/IPC_2025-08-14.16.23.03.7750.jpg,/home/yuehe/cjn/lisence-plate-forgery/outputs/annotation-remaining1363-local-v3_20260825_210051/IPC_2025-08-14.16.23.03.7750/03_rectified.jpg,,2026-08-26T11:08:17+08:00
IPC_2025-08-14.16.23.08.7180,clear,,,,false,,7,blue_standard,/home/yuehe/cjn/lisence-plate-forgery/data/images/IPC_2025-08-14.16.23.08.7180.jpg,/home/yuehe/cjn/lisence-plate-forgery/outputs/annotation-remaining1363-local-v3_20260825_210051/IPC_2025-08-14.16.23.08.7180/03_rectified.jpg,,2026-08-26T11:08:20+08:00
IPC_2025-08-14.16.23.10.4290,clear,,,,false,,7,blue_standard,/home/yuehe/cjn/lisence-plate-forgery/data/images/IPC_2025-08-14.16.23.10.4290.jpg,/home/yuehe/cjn/lisence-plate-forgery/outputs/annotation-remaining1363-local-v3_20260825_210051/IPC_2025-08-14.16.23.10.4290/03_rectified.jpg,,2026-08-26T11:08:22+08:00
IPC_2025-08-14.16.23.11.9880,clear,,,,false,,7,blue_standard,/home/yuehe/cjn/lisence-plate-forgery/data/images/IPC_2025-08-14.16.23.11.9880.jpg,/home/yuehe/cjn/lisence-plate-forgery/outputs/annotation-remaining1363-local-v3_20260825_210051/IPC_2025-08-14.16.23.11.9880/03_rectified.jpg,,2026-08-26T11:08:26+08:00
IPC_2025-08-14.16.23.13.5310,clear,,,,false,,7,blue_standard,/home/yuehe/cjn/lisence-plate-forgery/data/images/IPC_2025-08-14.16.23.13.5310.jpg,/home/yuehe/cjn/lisence-plate-forgery/outputs/annotation-remaining1363-local-v3_20260825_210051/IPC_2025-08-14.16.23.13.5310/03_rectified.jpg,,2026-08-26T11:08:30+08:00
IPC_2025-08-14.16.23.15.9530,clear,,,,false,,7,blue_standard,/home/yuehe/cjn/lisence-plate-forgery/data/images/IPC_2025-08-14.16.23.15.9530.jpg,/home/yuehe/cjn/lisence-plate-forgery/outputs/annotation-remaining1363-local-v3_20260825_210051/IPC_2025-08-14.16.23.15.9530/03_rectified.jpg,,2026-08-26T11:08:32+08:00
IPC_2025-08-14.16.23.17.0010,clear,,,,false,,7,blue_standard,/home/yuehe/cjn/lisence-plate-forgery/data/images/IPC_2025-08-14.16.23.17.0010.jpg,/home/yuehe/cjn/lisence-plate-forgery/outputs/annotation-remaining1363-local-v3_20260825_210051/IPC_2025-08-14.16.23.17.0010/03_rectified.jpg,,2026-08-26T11:08:35+08:00
IPC_2025-08-14.16.23.18.2790,clear,,,,false,,7,blue_standard,/home/yuehe/cjn/lisence-plate-forgery/data/images/IPC_2025-08-14.16.23.18.2790.jpg,/home/yuehe/cjn/lisence-plate-forgery/outputs/annotation-remaining1363-local-v3_20260825_210051/IPC_2025-08-14.16.23.18.2790/03_rectified.jpg,,2026-08-26T11:08:37+08:00
IPC_2025-08-14.16.23.20.1380,clear,,,,false,,7,blue_standard,/home/yuehe/cjn/lisence-plate-forgery/data/images/IPC_2025-08-14.16.23.20.1380.jpg,/home/yuehe/cjn/lisence-plate-forgery/outputs/annotation-remaining1363-local-v3_20260825_210051/IPC_2025-08-14.16.23.20.1380/03_rectified.jpg,,2026-08-26T11:08:44+08:00
IPC_2025-08-14.16.23.21.8490,clear,,,,false,,7,blue_standard,/home/yuehe/cjn/lisence-plate-forgery/data/images/IPC_2025-08-14.16.23.21.8490.jpg,/home/yuehe/cjn/lisence-plate-forgery/outputs/annotation-remaining1363-local-v3_20260825_210051/IPC_2025-08-14.16.23.21.8490/03_rectified.jpg,,2026-08-26T11:08:47+08:00
IPC_2025-08-14.16.23.22.8470,clear,,,,false,,7,blue_standard,/home/yuehe/cjn/lisence-plate-forgery/data/images/IPC_2025-08-14.16.23.22.8470.jpg,/home/yuehe/cjn/lisence-plate-forgery/outputs/annotation-remaining1363-local-v3_20260825_210051/IPC_2025-08-14.16.23.22.8470/03_rectified.jpg,,2026-08-26T11:08:49+08:00
IPC_2025-08-14.16.23.23.9820,clear,,,,false,,7,blue_standard,/home/yuehe/cjn/lisence-plate-forgery/data/images/IPC_2025-08-14.16.23.23.9820.jpg,/home/yuehe/cjn/lisence-plate-forgery/outputs/annotation-remaining1363-local-v3_20260825_210051/IPC_2025-08-14.16.23.23.9820/03_rectified.jpg,,2026-08-26T11:08:52+08:00
IPC_2025-08-14.16.23.25.0550,clear,,,,false,,7,blue_standard,/home/yuehe/cjn/lisence-plate-forgery/data/images/IPC_2025-08-14.16.23.25.0550.jpg,/home/yuehe/cjn/lisence-plate-forgery/outputs/annotation-remaining1363-local-v3_20260825_210051/IPC_2025-08-14.16.23.25.0550/03_rectified.jpg,,2026-08-26T11:08:58+08:00
IPC_2025-08-14.16.23.26.8560,clear,,,,false,,7,blue_standard,/home/yuehe/cjn/lisence-plate-forgery/data/images/IPC_2025-08-14.16.23.26.8560.jpg,/home/yuehe/cjn/lisence-plate-forgery/outputs/annotation-remaining1363-local-v3_20260825_210051/IPC_2025-08-14.16.23.26.8560/03_rectified.jpg,,2026-08-26T11:09:08+08:00
IPC_2025-08-14.16.23.27.8000,clear,,,,false,,7,blue_standard,/home/yuehe/cjn/lisence-plate-forgery/data/images/IPC_2025-08-14.16.23.27.8000.jpg,/home/yuehe/cjn/lisence-plate-forgery/outputs/annotation-remaining1363-local-v3_20260825_210051/IPC_2025-08-14.16.23.27.8000/03_rectified.jpg,,2026-08-26T11:09:14+08:00
IPC_2025-08-14.16.23.29.3110,clear,,,,false,,7,blue_standard,/home/yuehe/cjn/lisence-plate-forgery/data/images/IPC_2025-08-14.16.23.29.3110.jpg,/home/yuehe/cjn/lisence-plate-forgery/outputs/annotation-remaining1363-local-v3_20260825_210051/IPC_2025-08-14.16.23.29.3110/03_rectified.jpg,,2026-08-26T11:09:17+08:00
IPC_2025-08-14.16.23.30.5430,clear,,,,false,,7,blue_standard,/home/yuehe/cjn/lisence-plate-forgery/data/images/IPC_2025-08-14.16.23.30.5430.jpg,/home/yuehe/cjn/lisence-plate-forgery/outputs/annotation-remaining1363-local-v3_20260825_210051/IPC_2025-08-14.16.23.30.5430/03_rectified.jpg,,2026-08-26T11:09:21+08:00
IPC_2025-08-14.16.23.31.6610,clear,,,,false,,7,blue_standard,/home/yuehe/cjn/lisence-plate-forgery/data/images/IPC_2025-08-14.16.23.31.6610.jpg,/home/yuehe/cjn/lisence-plate-forgery/outputs/annotation-remaining1363-local-v3_20260825_210051/IPC_2025-08-14.16.23.31.6610/03_rectified.jpg,,2026-08-26T11:09:23+08:00
IPC_2025-08-14.16.23.33.2180,clear,,,,false,,7,blue_standard,/home/yuehe/cjn/lisence-plate-forgery/data/images/IPC_2025-08-14.16.23.33.2180.jpg,/home/yuehe/cjn/lisence-plate-forgery/outputs/annotation-remaining1363-local-v3_20260825_210051/IPC_2025-08-14.16.23.33.2180/03_rectified.jpg,,2026-08-26T11:09:27+08:00
IPC_2025-08-14.16.23.34.5920,clear,,,,false,,7,blue_standard,/home/yuehe/cjn/lisence-plate-forgery/data/images/IPC_2025-08-14.16.23.34.5920.jpg,/home/yuehe/cjn/lisence-plate-forgery/outputs/annotation-remaining1363-local-v3_20260825_210051/IPC_2025-08-14.16.23.34.5920/03_rectified.jpg,,2026-08-26T11:09:29+08:00
IPC_2025-08-14.16.23.35.4450,clear,,,,false,,7,blue_standard,/home/yuehe/cjn/lisence-plate-forgery/data/images/IPC_2025-08-14.16.23.35.4450.jpg,/home/yuehe/cjn/lisence-plate-forgery/outputs/annotation-remaining1363-local-v3_20260825_210051/IPC_2025-08-14.16.23.35.4450/03_rectified.jpg,,2026-08-26T11:09:31+08:00
IPC_2025-08-14.16.23.36.6260,clear,,,,false,,7,blue_standard,/home/yuehe/cjn/lisence-plate-forgery/data/images/IPC_2025-08-14.16.23.36.6260.jpg,/home/yuehe/cjn/lisence-plate-forgery/outputs/annotation-remaining1363-local-v3_20260825_210051/IPC_2025-08-14.16.23.36.6260/03_rectified.jpg,,2026-08-26T11:09:34+08:00
IPC_2025-08-14.16.23.38.3840,clear,,,,false,,7,blue_standard,/home/yuehe/cjn/lisence-plate-forgery/data/images/IPC_2025-08-14.16.23.38.3840.jpg,/home/yuehe/cjn/lisence-plate-forgery/outputs/annotation-remaining1363-local-v3_20260825_210051/IPC_2025-08-14.16.23.38.3840/03_rectified.jpg,,2026-08-26T11:09:36+08:00
IPC_2025-08-14.16.23.40.3430,clear,,,,false,,7,blue_standard,/home/yuehe/cjn/lisence-plate-forgery/data/images/IPC_2025-08-14.16.23.40.3430.jpg,/home/yuehe/cjn/lisence-plate-forgery/outputs/annotation-remaining1363-local-v3_20260825_210051/IPC_2025-08-14.16.23.40.3430/03_rectified.jpg,,2026-08-26T11:09:39+08:00
IPC_2025-08-14.16.23.41.9360,clear,,,,false,,7,blue_standard,/home/yuehe/cjn/lisence-plate-forgery/data/images/IPC_2025-08-14.16.23.41.9360.jpg,/home/yuehe/cjn/lisence-plate-forgery/outputs/annotation-remaining1363-local-v3_20260825_210051/IPC_2025-08-14.16.23.41.9360/03_rectified.jpg,,2026-08-26T11:09:41+08:00
IPC_2025-08-14.16.23.43.1890,clear,,,,false,,7,blue_standard,/home/yuehe/cjn/lisence-plate-forgery/data/images/IPC_2025-08-14.16.23.43.1890.jpg,/home/yuehe/cjn/lisence-plate-forgery/outputs/annotation-remaining1363-local-v3_20260825_210051/IPC_2025-08-14.16.23.43.1890/03_rectified.jpg,,2026-08-26T11:09:43+08:00
IPC_2025-08-14.16.23.45.8139,clear,,,,false,,7,blue_standard,/home/yuehe/cjn/lisence-plate-forgery/data/images/IPC_2025-08-14.16.23.45.8139.jpg,/home/yuehe/cjn/lisence-plate-forgery/outputs/annotation-remaining1363-local-v3_20260825_210051/IPC_2025-08-14.16.23.45.8139/03_rectified.jpg,,2026-08-26T11:09:49+08:00
IPC_2025-08-14.16.23.48.0790,clear,,,,false,,7,blue_standard,/home/yuehe/cjn/lisence-plate-forgery/data/images/IPC_2025-08-14.16.23.48.0790.jpg,/home/yuehe/cjn/lisence-plate-forgery/outputs/annotation-remaining1363-local-v3_20260825_210051/IPC_2025-08-14.16.23.48.0790/03_rectified.jpg,,2026-08-26T11:09:51+08:00
IPC_2025-08-14.16.23.49.3620,clear,,,,false,,7,blue_standard,/home/yuehe/cjn/lisence-plate-forgery/data/images/IPC_2025-08-14.16.23.49.3620.jpg,/home/yuehe/cjn/lisence-plate-forgery/outputs/annotation-remaining1363-local-v3_20260825_210051/IPC_2025-08-14.16.23.49.3620/03_rectified.jpg,,2026-08-26T11:09:54+08:00
IPC_2025-08-14.16.23.52.4110,clear,,,,false,,7,blue_standard,/home/yuehe/cjn/lisence-plate-forgery/data/images/IPC_2025-08-14.16.23.52.4110.jpg,/home/yuehe/cjn/lisence-plate-forgery/outputs/annotation-remaining1363-local-v3_20260825_210051/IPC_2025-08-14.16.23.52.4110/03_rectified.jpg,,2026-08-26T11:09:56+08:00
IPC_2025-08-14.16.24.28.0140,clear,,,,false,,7,blue_standard,/home/yuehe/cjn/lisence-plate-forgery/data/images/IPC_2025-08-14.16.24.28.0140.jpg,/home/yuehe/cjn/lisence-plate-forgery/outputs/annotation-remaining1363-local-v3_20260825_210051/IPC_2025-08-14.16.24.28.0140/03_rectified.jpg,,2026-08-26T11:09:58+08:00
IPC_2025-08-14.16.24.29.4130,clear,,,,false,,7,blue_standard,/home/yuehe/cjn/lisence-plate-forgery/data/images/IPC_2025-08-14.16.24.29.4130.jpg,/home/yuehe/cjn/lisence-plate-forgery/outputs/annotation-remaining1363-local-v3_20260825_210051/IPC_2025-08-14.16.24.29.4130/03_rectified.jpg,,2026-08-26T11:10:01+08:00
IPC_2025-08-14.16.24.31.7540,clear,,,,false,,7,blue_standard,/home/yuehe/cjn/lisence-plate-forgery/data/images/IPC_2025-08-14.16.24.31.7540.jpg,/home/yuehe/cjn/lisence-plate-forgery/outputs/annotation-remaining1363-local-v3_20260825_210051/IPC_2025-08-14.16.24.31.7540/03_rectified.jpg,,2026-08-26T11:10:06+08:00
IPC_2025-08-14.16.24.33.6710,clear,,,,false,,7,blue_standard,/home/yuehe/cjn/lisence-plate-forgery/data/images/IPC_2025-08-14.16.24.33.6710.jpg,/home/yuehe/cjn/lisence-plate-forgery/outputs/annotation-remaining1363-local-v3_20260825_210051/IPC_2025-08-14.16.24.33.6710/03_rectified.jpg,,2026-08-26T11:10:08+08:00
IPC_2025-08-14.16.24.35.0330,clear,,,,false,,7,blue_standard,/home/yuehe/cjn/lisence-plate-forgery/data/images/IPC_2025-08-14.16.24.35.0330.jpg,/home/yuehe/cjn/lisence-plate-forgery/outputs/annotation-remaining1363-local-v3_20260825_210051/IPC_2025-08-14.16.24.35.0330/03_rectified.jpg,,2026-08-26T11:10:11+08:00
IPC_2025-08-14.16.24.37.1750,clear,,,,false,,7,blue_standard,/home/yuehe/cjn/lisence-plate-forgery/data/images/IPC_2025-08-14.16.24.37.1750.jpg,/home/yuehe/cjn/lisence-plate-forgery/outputs/annotation-remaining1363-local-v3_20260825_210051/IPC_2025-08-14.16.24.37.1750/03_rectified.jpg,,2026-08-26T11:10:14+08:00
IPC_2025-08-14.16.24.38.8060,clear,,,,false,,7,blue_standard,/home/yuehe/cjn/lisence-plate-forgery/data/images/IPC_2025-08-14.16.24.38.8060.jpg,/home/yuehe/cjn/lisence-plate-forgery/outputs/annotation-remaining1363-local-v3_20260825_210051/IPC_2025-08-14.16.24.38.8060/03_rectified.jpg,,2026-08-26T11:10:17+08:00
IPC_2025-08-14.16.24.39.9980,clear,,,,false,,7,blue_standard,/home/yuehe/cjn/lisence-plate-forgery/data/images/IPC_2025-08-14.16.24.39.9980.jpg,/home/yuehe/cjn/lisence-plate-forgery/outputs/annotation-remaining1363-local-v3_20260825_210051/IPC_2025-08-14.16.24.39.9980/03_rectified.jpg,,2026-08-26T11:10:20+08:00
IPC_2025-08-14.16.24.43.8840,clear,,,,false,,7,blue_standard,/home/yuehe/cjn/lisence-plate-forgery/data/images/IPC_2025-08-14.16.24.43.8840.jpg,/home/yuehe/cjn/lisence-plate-forgery/outputs/annotation-remaining1363-local-v3_20260825_210051/IPC_2025-08-14.16.24.43.8840/03_rectified.jpg,,2026-08-26T11:10:23+08:00
IPC_2025-08-14.16.24.45.2260,clear,,,,false,,7,blue_standard,/home/yuehe/cjn/lisence-plate-forgery/data/images/IPC_2025-08-14.16.24.45.2260.jpg,/home/yuehe/cjn/lisence-plate-forgery/outputs/annotation-remaining1363-local-v3_20260825_210051/IPC_2025-08-14.16.24.45.2260/03_rectified.jpg,,2026-08-26T11:10:25+08:00
IPUF5016,suspicious,7,,,false,S7,8,green_new_energy,/home/yuehe/cjn/lisence-plate-forgery/data/images/IPUF5016.JPG,/home/yuehe/cjn/lisence-plate-forgery/outputs/annotation-remaining1363-local-v3_20260825_210051/IPUF5016/03_rectified.jpg,,2026-08-26T11:10:47+08:00
IQNL4399,suspicious,3;6,,,false,S3;S6,8,green_new_energy,/home/yuehe/cjn/lisence-plate-forgery/data/images/IQNL4399.JPG,/home/yuehe/cjn/lisence-plate-forgery/outputs/annotation-remaining1363-local-v3_20260825_210051/IQNL4399/03_rectified.jpg,,2026-08-26T11:10:53+08:00
IRMG0599,suspicious,5,,,false,S5,8,green_new_energy,/home/yuehe/cjn/lisence-plate-forgery/data/images/IRMG0599.JPG,/home/yuehe/cjn/lisence-plate-forgery/outputs/annotation-remaining1363-local-v3_20260825_210051/IRMG0599/03_rectified.jpg,,2026-08-26T11:10:56+08:00
ISOL9435,clear,,,,false,,8,green_new_energy,/home/yuehe/cjn/lisence-plate-forgery/data/images/ISOL9435.JPG,/home/yuehe/cjn/lisence-plate-forgery/outputs/annotation-remaining1363-local-v3_20260825_210051/ISOL9435/03_rectified.jpg,,2026-08-26T11:11:01+08:00
ITUF6289,suspicious,8,,,false,S8,8,green_new_energy,/home/yuehe/cjn/lisence-plate-forgery/data/images/ITUF6289.JPG,/home/yuehe/cjn/lisence-plate-forgery/outputs/annotation-remaining1363-local-v3_20260825_210051/ITUF6289/03_rectified.jpg,,2026-08-26T11:11:10+08:00
IUIT5429,suspicious,3,,,false,S3,8,green_new_energy,/home/yuehe/cjn/lisence-plate-forgery/data/images/IUIT5429.JPG,/home/yuehe/cjn/lisence-plate-forgery/outputs/annotation-remaining1363-local-v3_20260825_210051/IUIT5429/03_rectified.jpg,,2026-08-26T11:11:14+08:00
IWQK3230,suspicious,8,,,false,S8,8,green_new_energy,/home/yuehe/cjn/lisence-plate-forgery/data/images/IWQK3230.JPG,/home/yuehe/cjn/lisence-plate-forgery/outputs/annotation-remaining1363-local-v3_20260825_210051/IWQK3230/03_rectified.jpg,,2026-08-26T11:11:17+08:00
IWXD2543,clear,,,,false,,8,green_new_energy,/home/yuehe/cjn/lisence-plate-forgery/data/images/IWXD2543.JPG,/home/yuehe/cjn/lisence-plate-forgery/outputs/annotation-remaining1363-local-v3_20260825_210051/IWXD2543/03_rectified.jpg,,2026-08-26T11:11:26+08:00
IXIU4655,suspicious,7,,,false,S7,8,green_new_energy,/home/yuehe/cjn/lisence-plate-forgery/data/images/IXIU4655.JPG,/home/yuehe/cjn/lisence-plate-forgery/outputs/annotation-remaining1363-local-v3_20260825_210051/IXIU4655/03_rectified.jpg,,2026-08-26T11:11:29+08:00
IXWO4463,suspicious,8,,,false,S8,8,green_new_energy,/home/yuehe/cjn/lisence-plate-forgery/data/images/IXWO4463.JPG,/home/yuehe/cjn/lisence-plate-forgery/outputs/annotation-remaining1363-local-v3_20260825_210051/IXWO4463/03_rectified.jpg,,2026-08-26T11:11:31+08:00
JBJM1246,suspicious,2;8,,,false,S2;S8,8,green_new_energy,/home/yuehe/cjn/lisence-plate-forgery/data/images/JBJM1246.JPG,/home/yuehe/cjn/lisence-plate-forgery/outputs/annotation-remaining1363-local-v3_20260825_210051/JBJM1246/03_rectified.jpg,,2026-08-26T11:11:39+08:00
JCNB5151,suspicious,2,,,false,S2,8,green_new_energy,/home/yuehe/cjn/lisence-plate-forgery/data/images/JCNB5151.JPG,/home/yuehe/cjn/lisence-plate-forgery/outputs/annotation-remaining1363-local-v3_20260825_210051/JCNB5151/03_rectified.jpg,,2026-08-26T11:11:41+08:00
JCTO9267,suspicious,7,,,false,S7,8,green_new_energy,/home/yuehe/cjn/lisence-plate-forgery/data/images/JCTO9267.JPG,/home/yuehe/cjn/lisence-plate-forgery/outputs/annotation-remaining1363-local-v3_20260825_210051/JCTO9267/03_rectified.jpg,,2026-08-26T11:11:49+08:00
JDLP6132,suspicious,8,,,false,S8,8,green_new_energy,/home/yuehe/cjn/lisence-plate-forgery/data/images/JDLP6132.JPG,/home/yuehe/cjn/lisence-plate-forgery/outputs/annotation-remaining1363-local-v3_20260825_210051/JDLP6132/03_rectified.jpg,,2026-08-26T11:12:20+08:00
JHDP9097,suspicious,3,,,false,S3,8,green_new_energy,/home/yuehe/cjn/lisence-plate-forgery/data/images/JHDP9097.JPG,/home/yuehe/cjn/lisence-plate-forgery/outputs/annotation-remaining1363-local-v3_20260825_210051/JHDP9097/03_rectified.jpg,,2026-08-26T11:12:26+08:00
JLNP0601,suspicious,2;7,,,false,S2;S7,8,green_new_energy,/home/yuehe/cjn/lisence-plate-forgery/data/images/JLNP0601.JPG,/home/yuehe/cjn/lisence-plate-forgery/outputs/annotation-remaining1363-local-v3_20260825_210051/JLNP0601/03_rectified.jpg,,2026-08-26T11:12:32+08:00
JLXE1560,suspicious,2;8,,,false,S2;S8,8,green_new_energy,/home/yuehe/cjn/lisence-plate-forgery/data/images/JLXE1560.JPG,/home/yuehe/cjn/lisence-plate-forgery/outputs/annotation-remaining1363-local-v3_20260825_210051/JLXE1560/03_rectified.jpg,,2026-08-26T11:12:35+08:00
JOLZ3944,suspicious,2;7,,,false,S2;S7,8,green_new_energy,/home/yuehe/cjn/lisence-plate-forgery/data/images/JOLZ3944.JPG,/home/yuehe/cjn/lisence-plate-forgery/outputs/annotation-remaining1363-local-v3_20260825_210051/JOLZ3944/03_rectified.jpg,,2026-08-26T11:12:40+08:00
JPMF7711,suspicious,3;5,,,false,S3;S5,8,green_new_energy,/home/yuehe/cjn/lisence-plate-forgery/data/images/JPMF7711.JPG,/home/yuehe/cjn/lisence-plate-forgery/outputs/annotation-remaining1363-local-v3_20260825_210051/JPMF7711/03_rectified.jpg,,2026-08-26T11:12:47+08:00
JSFP4223,suspicious,7,,,false,S7,8,green_new_energy,/home/yuehe/cjn/lisence-plate-forgery/data/images/JSFP4223.JPG,/home/yuehe/cjn/lisence-plate-forgery/outputs/annotation-remaining1363-local-v3_20260825_210051/JSFP4223/03_rectified.jpg,,2026-08-26T11:13:05+08:00
JUVF1022,suspicious,5,,,false,S5,8,green_new_energy,/home/yuehe/cjn/lisence-plate-forgery/data/images/JUVF1022.JPG,/home/yuehe/cjn/lisence-plate-forgery/outputs/annotation-remaining1363-local-v3_20260825_210051/JUVF1022/03_rectified.jpg,,2026-08-26T11:13:08+08:00
JVXC9905,clear,,,,false,,8,green_new_energy,/home/yuehe/cjn/lisence-plate-forgery/data/images/JVXC9905.JPG,/home/yuehe/cjn/lisence-plate-forgery/outputs/annotation-remaining1363-local-v3_20260825_210051/JVXC9905/03_rectified.jpg,,2026-08-26T11:13:10+08:00
JXVT3655,suspicious,7,,,false,S7,8,green_new_energy,/home/yuehe/cjn/lisence-plate-forgery/data/images/JXVT3655.JPG,/home/yuehe/cjn/lisence-plate-forgery/outputs/annotation-remaining1363-local-v3_20260825_210051/JXVT3655/03_rectified.jpg,,2026-08-26T11:13:56+08:00
JXXD4363,suspicious,3,,,false,S3,8,green_new_energy,/home/yuehe/cjn/lisence-plate-forgery/data/images/JXXD4363.JPG,/home/yuehe/cjn/lisence-plate-forgery/outputs/annotation-remaining1363-local-v3_20260825_210051/JXXD4363/03_rectified.jpg,,2026-08-26T11:13:59+08:00
JYAK6129,clear,,,,false,,8,green_new_energy,/home/yuehe/cjn/lisence-plate-forgery/data/images/JYAK6129.JPG,/home/yuehe/cjn/lisence-plate-forgery/outputs/annotation-remaining1363-local-v3_20260825_210051/JYAK6129/03_rectified.jpg,,2026-08-26T11:14:02+08:00
JZFS4346,suspicious,3,,,false,S3,8,green_new_energy,/home/yuehe/cjn/lisence-plate-forgery/data/images/JZFS4346.JPG,/home/yuehe/cjn/lisence-plate-forgery/outputs/annotation-remaining1363-local-v3_20260825_210051/JZFS4346/03_rectified.jpg,,2026-08-26T11:14:05+08:00
JZHN6618,suspicious,8,,,false,S8,8,green_new_energy,/home/yuehe/cjn/lisence-plate-forgery/data/images/JZHN6618.JPG,/home/yuehe/cjn/lisence-plate-forgery/outputs/annotation-remaining1363-local-v3_20260825_210051/JZHN6618/03_rectified.jpg,,2026-08-26T11:14:08+08:00
KBBA4614,clear,,,,false,,8,green_new_energy,/home/yuehe/cjn/lisence-plate-forgery/data/images/KBBA4614.JPG,/home/yuehe/cjn/lisence-plate-forgery/outputs/annotation-remaining1363-local-v3_20260825_210051/KBBA4614/03_rectified.jpg,,2026-08-26T11:14:14+08:00
KBJR0179,suspicious,6,,,false,S6,8,green_new_energy,/home/yuehe/cjn/lisence-plate-forgery/data/images/KBJR0179.JPG,/home/yuehe/cjn/lisence-plate-forgery/outputs/annotation-remaining1363-local-v3_20260825_210051/KBJR0179/03_rectified.jpg,,2026-08-26T11:14:17+08:00
KDDP3162,suspicious,3;5,,,false,S3;S5,8,green_new_energy,/home/yuehe/cjn/lisence-plate-forgery/data/images/KDDP3162.JPG,/home/yuehe/cjn/lisence-plate-forgery/outputs/annotation-remaining1363-local-v3_20260825_210051/KDDP3162/03_rectified.jpg,,2026-08-26T11:14:22+08:00
KDOY4466,suspicious,3;4,,,false,S3;S4,8,green_new_energy,/home/yuehe/cjn/lisence-plate-forgery/data/images/KDOY4466.JPG,/home/yuehe/cjn/lisence-plate-forgery/outputs/annotation-remaining1363-local-v3_20260825_210051/KDOY4466/03_rectified.jpg,,2026-08-26T11:14:25+08:00
KEYI6868,clear,,,,false,,8,green_new_energy,/home/yuehe/cjn/lisence-plate-forgery/data/images/KEYI6868.JPG,/home/yuehe/cjn/lisence-plate-forgery/outputs/annotation-remaining1363-local-v3_20260825_210051/KEYI6868/03_rectified.jpg,,2026-08-26T11:14:29+08:00
KFOL2557,suspicious,5,,,false,S5,8,green_new_energy,/home/yuehe/cjn/lisence-plate-forgery/data/images/KFOL2557.JPG,/home/yuehe/cjn/lisence-plate-forgery/outputs/annotation-remaining1363-local-v3_20260825_210051/KFOL2557/03_rectified.jpg,,2026-08-26T11:14:32+08:00
KIDC7134,suspicious,2,,,false,S2,8,green_new_energy,/home/yuehe/cjn/lisence-plate-forgery/data/images/KIDC7134.JPG,/home/yuehe/cjn/lisence-plate-forgery/outputs/annotation-remaining1363-local-v3_20260825_210051/KIDC7134/03_rectified.jpg,,2026-08-26T11:14:35+08:00
KIUW8458,clear,,,,false,,8,green_new_energy,/home/yuehe/cjn/lisence-plate-forgery/data/images/KIUW8458.JPG,/home/yuehe/cjn/lisence-plate-forgery/outputs/annotation-remaining1363-local-v3_20260825_210051/KIUW8458/03_rectified.jpg,,2026-08-26T11:14:38+08:00
KIZK9123,suspicious,5,,,false,S5,8,green_new_energy,/home/yuehe/cjn/lisence-plate-forgery/data/images/KIZK9123.JPG,/home/yuehe/cjn/lisence-plate-forgery/outputs/annotation-remaining1363-local-v3_20260825_210051/KIZK9123/03_rectified.jpg,,2026-08-26T11:14:41+08:00
KKQU3400,clear,,,,false,,8,green_new_energy,/home/yuehe/cjn/lisence-plate-forgery/data/images/KKQU3400.JPG,/home/yuehe/cjn/lisence-plate-forgery/outputs/annotation-remaining1363-local-v3_20260825_210051/KKQU3400/03_rectified.jpg,,2026-08-26T11:14:43+08:00
KKVY2274,clear,,,,false,,8,green_new_energy,/home/yuehe/cjn/lisence-plate-forgery/data/images/KKVY2274.JPG,/home/yuehe/cjn/lisence-plate-forgery/outputs/annotation-remaining1363-local-v3_20260825_210051/KKVY2274/03_rectified.jpg,,2026-08-26T11:14:46+08:00
KMGD0780,suspicious,3,,,false,S3,8,green_new_energy,/home/yuehe/cjn/lisence-plate-forgery/data/images/KMGD0780.JPG,/home/yuehe/cjn/lisence-plate-forgery/outputs/annotation-remaining1363-local-v3_20260825_210051/KMGD0780/03_rectified.jpg,,2026-08-26T11:14:52+08:00
KNUA8319,suspicious,7,,,false,S7,8,green_new_energy,/home/yuehe/cjn/lisence-plate-forgery/data/images/KNUA8319.JPG,/home/yuehe/cjn/lisence-plate-forgery/outputs/annotation-remaining1363-local-v3_20260825_210051/KNUA8319/03_rectified.jpg,,2026-08-26T11:15:53+08:00
KOGG8413,suspicious,6,,,false,S6,8,green_new_energy,/home/yuehe/cjn/lisence-plate-forgery/data/images/KOGG8413.JPG,/home/yuehe/cjn/lisence-plate-forgery/outputs/annotation-remaining1363-local-v3_20260825_210051/KOGG8413/03_rectified.jpg,,2026-08-26T11:15:57+08:00
KOYZ7376,suspicious,2;8,,,false,S2;S8,8,green_new_energy,/home/yuehe/cjn/lisence-plate-forgery/data/images/KOYZ7376.JPG,/home/yuehe/cjn/lisence-plate-forgery/outputs/annotation-remaining1363-local-v3_20260825_210051/KOYZ7376/03_rectified.jpg,,2026-08-26T11:16:01+08:00
KPEF3182,suspicious,6,,,false,S6,8,green_new_energy,/home/yuehe/cjn/lisence-plate-forgery/data/images/KPEF3182.JPG,/home/yuehe/cjn/lisence-plate-forgery/outputs/annotation-remaining1363-local-v3_20260825_210051/KPEF3182/03_rectified.jpg,,2026-08-26T11:16:06+08:00
KPQB6395,clear,,,,false,,8,green_new_energy,/home/yuehe/cjn/lisence-plate-forgery/data/images/KPQB6395.JPG,/home/yuehe/cjn/lisence-plate-forgery/outputs/annotation-remaining1363-local-v3_20260825_210051/KPQB6395/03_rectified.jpg,,2026-08-26T11:16:08+08:00
KPQK2606,suspicious,7;8,,,false,S7;S8,8,green_new_energy,/home/yuehe/cjn/lisence-plate-forgery/data/images/KPQK2606.JPG,/home/yuehe/cjn/lisence-plate-forgery/outputs/annotation-remaining1363-local-v3_20260825_210051/KPQK2606/03_rectified.jpg,,2026-08-26T11:17:36+08:00
KQCC1026,clear,,,,false,,8,green_new_energy,/home/yuehe/cjn/lisence-plate-forgery/data/images/KQCC1026.JPG,/home/yuehe/cjn/lisence-plate-forgery/outputs/annotation-remaining1363-local-v3_20260825_210051/KQCC1026/03_rectified.jpg,,2026-08-26T11:17:38+08:00
KRCR9478,suspicious,6,,,false,S6,8,green_new_energy,/home/yuehe/cjn/lisence-plate-forgery/data/images/KRCR9478.JPG,/home/yuehe/cjn/lisence-plate-forgery/outputs/annotation-remaining1363-local-v3_20260825_210051/KRCR9478/03_rectified.jpg,,2026-08-26T11:17:42+08:00
KSHW6219,suspicious,4;7,,,false,S4;S7,8,green_new_energy,/home/yuehe/cjn/lisence-plate-forgery/data/images/KSHW6219.JPG,/home/yuehe/cjn/lisence-plate-forgery/outputs/annotation-remaining1363-local-v3_20260825_210051/KSHW6219/03_rectified.jpg,,2026-08-26T11:17:46+08:00
KSZD8108,suspicious,5;7,,,false,S5;S7,8,green_new_energy,/home/yuehe/cjn/lisence-plate-forgery/data/images/KSZD8108.JPG,/home/yuehe/cjn/lisence-plate-forgery/outputs/annotation-remaining1363-local-v3_20260825_210051/KSZD8108/03_rectified.jpg,,2026-08-26T11:17:50+08:00
KUSZ7857,suspicious,3;5,,,false,S3;S5,8,green_new_energy,/home/yuehe/cjn/lisence-plate-forgery/data/images/KUSZ7857.JPG,/home/yuehe/cjn/lisence-plate-forgery/outputs/annotation-remaining1363-local-v3_20260825_210051/KUSZ7857/03_rectified.jpg,,2026-08-26T11:17:54+08:00
KWZC4281,suspicious,3;4,,,false,S3;S4,8,green_new_energy,/home/yuehe/cjn/lisence-plate-forgery/data/images/KWZC4281.JPG,/home/yuehe/cjn/lisence-plate-forgery/outputs/annotation-remaining1363-local-v3_20260825_210051/KWZC4281/03_rectified.jpg,,2026-08-26T11:17:57+08:00
LANE5243,suspicious,3,,,false,S3,8,green_new_energy,/home/yuehe/cjn/lisence-plate-forgery/data/images/LANE5243.JPG,/home/yuehe/cjn/lisence-plate-forgery/outputs/annotation-remaining1363-local-v3_20260825_210051/LANE5243/03_rectified.jpg,,2026-08-26T11:17:59+08:00
LAUC7743,suspicious,5,,,false,S5,8,green_new_energy,/home/yuehe/cjn/lisence-plate-forgery/data/images/LAUC7743.JPG,/home/yuehe/cjn/lisence-plate-forgery/outputs/annotation-remaining1363-local-v3_20260825_210051/LAUC7743/03_rectified.jpg,,2026-08-26T11:18:02+08:00
LBFD7234,suspicious,8,,,false,S8,8,green_new_energy,/home/yuehe/cjn/lisence-plate-forgery/data/images/LBFD7234.JPG,/home/yuehe/cjn/lisence-plate-forgery/outputs/annotation-remaining1363-local-v3_20260825_210051/LBFD7234/03_rectified.jpg,,2026-08-26T11:18:05+08:00
LCTA3457,suspicious,3;4,,,false,S3;S4,8,green_new_energy,/home/yuehe/cjn/lisence-plate-forgery/data/images/LCTA3457.JPG,/home/yuehe/cjn/lisence-plate-forgery/outputs/annotation-remaining1363-local-v3_20260825_210051/LCTA3457/03_rectified.jpg,,2026-08-26T11:18:09+08:00
LDAV5068,suspicious,7,,,false,S7,8,green_new_energy,/home/yuehe/cjn/lisence-plate-forgery/data/images/LDAV5068.JPG,/home/yuehe/cjn/lisence-plate-forgery/outputs/annotation-remaining1363-local-v3_20260825_210051/LDAV5068/03_rectified.jpg,,2026-08-26T11:18:11+08:00
LDHX7225,suspicious,3,,,false,S3,8,green_new_energy,/home/yuehe/cjn/lisence-plate-forgery/data/images/LDHX7225.JPG,/home/yuehe/cjn/lisence-plate-forgery/outputs/annotation-remaining1363-local-v3_20260825_210051/LDHX7225/03_rectified.jpg,,2026-08-26T11:18:15+08:00
LFAX3461,clear,,,,false,,8,green_new_energy,/home/yuehe/cjn/lisence-plate-forgery/data/images/LFAX3461.JPG,/home/yuehe/cjn/lisence-plate-forgery/outputs/annotation-remaining1363-local-v3_20260825_210051/LFAX3461/03_rectified.jpg,,2026-08-26T11:18:19+08:00
LGVI5428,suspicious,3;7,,,false,S3;S7,8,green_new_energy,/home/yuehe/cjn/lisence-plate-forgery/data/images/LGVI5428.JPG,/home/yuehe/cjn/lisence-plate-forgery/outputs/annotation-remaining1363-local-v3_20260825_210051/LGVI5428/03_rectified.jpg,,2026-08-26T11:18:29+08:00
LHWE4935,suspicious,6,,,false,S6,8,green_new_energy,/home/yuehe/cjn/lisence-plate-forgery/data/images/LHWE4935.JPG,/home/yuehe/cjn/lisence-plate-forgery/outputs/annotation-remaining1363-local-v3_20260825_210051/LHWE4935/03_rectified.jpg,,2026-08-26T11:18:39+08:00
LJEC7284,suspicious,4;7;8,,,false,S4;S7;S8,8,green_new_energy,/home/yuehe/cjn/lisence-plate-forgery/data/images/LJEC7284.JPG,/home/yuehe/cjn/lisence-plate-forgery/outputs/annotation-remaining1363-local-v3_20260825_210051/LJEC7284/03_rectified.jpg,,2026-08-26T11:18:45+08:00
LJMM6612,suspicious,6,,,false,S6,8,green_new_energy,/home/yuehe/cjn/lisence-plate-forgery/data/images/LJMM6612.JPG,/home/yuehe/cjn/lisence-plate-forgery/outputs/annotation-remaining1363-local-v3_20260825_210051/LJMM6612/03_rectified.jpg,,2026-08-26T11:18:48+08:00
LLGL9469,suspicious,6,,,false,S6,8,green_new_energy,/home/yuehe/cjn/lisence-plate-forgery/data/images/LLGL9469.JPG,/home/yuehe/cjn/lisence-plate-forgery/outputs/annotation-remaining1363-local-v3_20260825_210051/LLGL9469/03_rectified.jpg,,2026-08-26T11:18:53+08:00
LMIL5556,clear,,,,false,,8,green_new_energy,/home/yuehe/cjn/lisence-plate-forgery/data/images/LMIL5556.JPG,/home/yuehe/cjn/lisence-plate-forgery/outputs/annotation-remaining1363-local-v3_20260825_210051/LMIL5556/03_rectified.jpg,,2026-08-26T11:18:56+08:00
LOFC1035,suspicious,7,,,false,S7,8,green_new_energy,/home/yuehe/cjn/lisence-plate-forgery/data/images/LOFC1035.JPG,/home/yuehe/cjn/lisence-plate-forgery/outputs/annotation-remaining1363-local-v3_20260825_210051/LOFC1035/03_rectified.jpg,,2026-08-26T11:18:59+08:00
LOHA9695,suspicious,8,,,false,S8,8,green_new_energy,/home/yuehe/cjn/lisence-plate-forgery/data/images/LOHA9695.JPG,/home/yuehe/cjn/lisence-plate-forgery/outputs/annotation-remaining1363-local-v3_20260825_210051/LOHA9695/03_rectified.jpg,,2026-08-26T11:19:03+08:00
LOTG0021,suspicious,7,,,false,S7,8,green_new_energy,/home/yuehe/cjn/lisence-plate-forgery/data/images/LOTG0021.JPG,/home/yuehe/cjn/lisence-plate-forgery/outputs/annotation-remaining1363-local-v3_20260825_210051/LOTG0021/03_rectified.jpg,,2026-08-26T11:19:06+08:00
LOTQ6009,suspicious,3,,,false,S3,8,green_new_energy,/home/yuehe/cjn/lisence-plate-forgery/data/images/LOTQ6009.JPG,/home/yuehe/cjn/lisence-plate-forgery/outputs/annotation-remaining1363-local-v3_20260825_210051/LOTQ6009/03_rectified.jpg,,2026-08-26T11:19:08+08:00
LOXT5599,suspicious,3;7,,,false,S3;S7,8,green_new_energy,/home/yuehe/cjn/lisence-plate-forgery/data/images/LOXT5599.JPG,/home/yuehe/cjn/lisence-plate-forgery/outputs/annotation-remaining1363-local-v3_20260825_210051/LOXT5599/03_rectified.jpg,,2026-08-26T11:19:12+08:00
LQSO8248,suspicious,5;6,,,false,S5;S6,8,green_new_energy,/home/yuehe/cjn/lisence-plate-forgery/data/images/LQSO8248.JPG,/home/yuehe/cjn/lisence-plate-forgery/outputs/annotation-remaining1363-local-v3_20260825_210051/LQSO8248/03_rectified.jpg,,2026-08-26T11:19:21+08:00
LSDI6240,suspicious,5,,,false,S5,8,green_new_energy,/home/yuehe/cjn/lisence-plate-forgery/data/images/LSDI6240.JPG,/home/yuehe/cjn/lisence-plate-forgery/outputs/annotation-remaining1363-local-v3_20260825_210051/LSDI6240/03_rectified.jpg,,2026-08-26T11:19:25+08:00
LTWM4364,suspicious,3,,,false,S3,8,green_new_energy,/home/yuehe/cjn/lisence-plate-forgery/data/images/LTWM4364.JPG,/home/yuehe/cjn/lisence-plate-forgery/outputs/annotation-remaining1363-local-v3_20260825_210051/LTWM4364/03_rectified.jpg,,2026-08-26T11:19:28+08:00
LUUX3693,suspicious,3;5;7,,,false,S3;S5;S7,8,green_new_energy,/home/yuehe/cjn/lisence-plate-forgery/data/images/LUUX3693.JPG,/home/yuehe/cjn/lisence-plate-forgery/outputs/annotation-remaining1363-local-v3_20260825_210051/LUUX3693/03_rectified.jpg,,2026-08-26T11:23:16+08:00
LWMD7954,suspicious,2,,,false,S2,8,green_new_energy,/home/yuehe/cjn/lisence-plate-forgery/data/images/LWMD7954.JPG,/home/yuehe/cjn/lisence-plate-forgery/outputs/annotation-remaining1363-local-v3_20260825_210051/LWMD7954/03_rectified.jpg,,2026-08-26T11:23:18+08:00
LWNW0744,clear,,,,false,,8,green_new_energy,/home/yuehe/cjn/lisence-plate-forgery/data/images/LWNW0744.JPG,/home/yuehe/cjn/lisence-plate-forgery/outputs/annotation-remaining1363-local-v3_20260825_210051/LWNW0744/03_rectified.jpg,,2026-08-26T11:23:21+08:00
LYOX6976,clear,,,,false,,8,green_new_energy,/home/yuehe/cjn/lisence-plate-forgery/data/images/LYOX6976.JPG,/home/yuehe/cjn/lisence-plate-forgery/outputs/annotation-remaining1363-local-v3_20260825_210051/LYOX6976/03_rectified.jpg,,2026-08-26T11:23:23+08:00
MAQI7106,suspicious,3,,,false,S3,8,green_new_energy,/home/yuehe/cjn/lisence-plate-forgery/data/images/MAQI7106.JPG,/home/yuehe/cjn/lisence-plate-forgery/outputs/annotation-remaining1363-local-v3_20260825_210051/MAQI7106/03_rectified.jpg,,2026-08-26T11:23:26+08:00
MBZG3179,suspicious,3;4,,,false,S3;S4,8,green_new_energy,/home/yuehe/cjn/lisence-plate-forgery/data/images/MBZG3179.JPG,/home/yuehe/cjn/lisence-plate-forgery/outputs/annotation-remaining1363-local-v3_20260825_210051/MBZG3179/03_rectified.jpg,,2026-08-26T11:23:28+08:00
MDET8381,suspicious,7,,,false,S7,8,green_new_energy,/home/yuehe/cjn/lisence-plate-forgery/data/images/MDET8381.JPG,/home/yuehe/cjn/lisence-plate-forgery/outputs/annotation-remaining1363-local-v3_20260825_210051/MDET8381/03_rectified.jpg,,2026-08-26T11:23:31+08:00
MELO8247,suspicious,6,,,false,S6,8,green_new_energy,/home/yuehe/cjn/lisence-plate-forgery/data/images/MELO8247.JPG,/home/yuehe/cjn/lisence-plate-forgery/outputs/annotation-remaining1363-local-v3_20260825_210051/MELO8247/03_rectified.jpg,,2026-08-26T11:23:34+08:00
MEUD9737,suspicious,6,,,false,S6,8,green_new_energy,/home/yuehe/cjn/lisence-plate-forgery/data/images/MEUD9737.JPG,/home/yuehe/cjn/lisence-plate-forgery/outputs/annotation-remaining1363-local-v3_20260825_210051/MEUD9737/03_rectified.jpg,,2026-08-26T11:23:37+08:00
MHDF3416,suspicious,3;4,,,false,S3;S4,8,green_new_energy,/home/yuehe/cjn/lisence-plate-forgery/data/images/MHDF3416.JPG,/home/yuehe/cjn/lisence-plate-forgery/outputs/annotation-remaining1363-local-v3_20260825_210051/MHDF3416/03_rectified.jpg,,2026-08-26T11:24:05+08:00
MJUN7223,suspicious,5;7,,,false,S5;S7,8,green_new_energy,/home/yuehe/cjn/lisence-plate-forgery/data/images/MJUN7223.JPG,/home/yuehe/cjn/lisence-plate-forgery/outputs/annotation-remaining1363-local-v3_20260825_210051/MJUN7223/03_rectified.jpg,,2026-08-26T11:24:11+08:00
MLZU6724,suspicious,7,,,false,S7,8,green_new_energy,/home/yuehe/cjn/lisence-plate-forgery/data/images/MLZU6724.JPG,/home/yuehe/cjn/lisence-plate-forgery/outputs/annotation-remaining1363-local-v3_20260825_210051/MLZU6724/03_rectified.jpg,,2026-08-26T11:24:14+08:00
MNHU4044,suspicious,7,,,false,S7,8,green_new_energy,/home/yuehe/cjn/lisence-plate-forgery/data/images/MNHU4044.JPG,/home/yuehe/cjn/lisence-plate-forgery/outputs/annotation-remaining1363-local-v3_20260825_210051/MNHU4044/03_rectified.jpg,,2026-08-26T11:24:17+08:00
MRRR0130,clear,,,,false,,8,green_new_energy,/home/yuehe/cjn/lisence-plate-forgery/data/images/MRRR0130.JPG,/home/yuehe/cjn/lisence-plate-forgery/outputs/annotation-remaining1363-local-v3_20260825_210051/MRRR0130/03_rectified.jpg,,2026-08-26T11:24:19+08:00
MSRK3387,clear,,,,false,,8,green_new_energy,/home/yuehe/cjn/lisence-plate-forgery/data/images/MSRK3387.JPG,/home/yuehe/cjn/lisence-plate-forgery/outputs/annotation-remaining1363-local-v3_20260825_210051/MSRK3387/03_rectified.jpg,,2026-08-26T11:24:21+08:00
MTAV1611,suspicious,5,,,false,S5,8,green_new_energy,/home/yuehe/cjn/lisence-plate-forgery/data/images/MTAV1611.JPG,/home/yuehe/cjn/lisence-plate-forgery/outputs/annotation-remaining1363-local-v3_20260825_210051/MTAV1611/03_rectified.jpg,,2026-08-26T11:24:26+08:00
MWNU8425,clear,,,,false,,8,green_new_energy,/home/yuehe/cjn/lisence-plate-forgery/data/images/MWNU8425.JPG,/home/yuehe/cjn/lisence-plate-forgery/outputs/annotation-remaining1363-local-v3_20260825_210051/MWNU8425/03_rectified.jpg,,2026-08-26T11:24:31+08:00
MXMU2041,suspicious,3,,,false,S3,8,green_new_energy,/home/yuehe/cjn/lisence-plate-forgery/data/images/MXMU2041.JPG,/home/yuehe/cjn/lisence-plate-forgery/outputs/annotation-remaining1363-local-v3_20260825_210051/MXMU2041/03_rectified.jpg,,2026-08-26T11:24:33+08:00
MXYR1341,suspicious,5,,,false,S5,8,green_new_energy,/home/yuehe/cjn/lisence-plate-forgery/data/images/MXYR1341.JPG,/home/yuehe/cjn/lisence-plate-forgery/outputs/annotation-remaining1363-local-v3_20260825_210051/MXYR1341/03_rectified.jpg,,2026-08-26T11:24:36+08:00
MZIN2301,suspicious,3;7,,,false,S3;S7,8,green_new_energy,/home/yuehe/cjn/lisence-plate-forgery/data/images/MZIN2301.JPG,/home/yuehe/cjn/lisence-plate-forgery/outputs/annotation-remaining1363-local-v3_20260825_210051/MZIN2301/03_rectified.jpg,,2026-08-26T11:28:23+08:00
MZJW0000,suspicious,4;8,,,false,S4;S8,8,green_new_energy,/home/yuehe/cjn/lisence-plate-forgery/data/images/MZJW0000.JPG,/home/yuehe/cjn/lisence-plate-forgery/outputs/annotation-remaining1363-local-v3_20260825_210051/MZJW0000/03_rectified.jpg,,2026-08-26T11:28:27+08:00
MZTD5467,clear,,,,false,,8,green_new_energy,/home/yuehe/cjn/lisence-plate-forgery/data/images/MZTD5467.JPG,/home/yuehe/cjn/lisence-plate-forgery/outputs/annotation-remaining1363-local-v3_20260825_210051/MZTD5467/03_rectified.jpg,,2026-08-26T11:28:29+08:00
NAKU9604,suspicious,4,,,false,S4,8,green_new_energy,/home/yuehe/cjn/lisence-plate-forgery/data/images/NAKU9604.JPG,/home/yuehe/cjn/lisence-plate-forgery/outputs/annotation-remaining1363-local-v3_20260825_210051/NAKU9604/03_rectified.jpg,,2026-08-26T11:28:32+08:00
NASD5621,suspicious,8,,,false,S8,8,green_new_energy,/home/yuehe/cjn/lisence-plate-forgery/data/images/NASD5621.JPG,/home/yuehe/cjn/lisence-plate-forgery/outputs/annotation-remaining1363-local-v3_20260825_210051/NASD5621/03_rectified.jpg,,2026-08-26T11:28:35+08:00
NEFJ0885,suspicious,6,,,false,S6,8,green_new_energy,/home/yuehe/cjn/lisence-plate-forgery/data/images/NEFJ0885.JPG,/home/yuehe/cjn/lisence-plate-forgery/outputs/annotation-remaining1363-local-v3_20260825_210051/NEFJ0885/03_rectified.jpg,,2026-08-26T11:28:38+08:00
NHTV4882,suspicious,3,,,false,S3,8,green_new_energy,/home/yuehe/cjn/lisence-plate-forgery/data/images/NHTV4882.JPG,/home/yuehe/cjn/lisence-plate-forgery/outputs/annotation-remaining1363-local-v3_20260825_210051/NHTV4882/03_rectified.jpg,,2026-08-26T11:28:41+08:00
NILD3970,suspicious,7;8,,,false,S7;S8,8,green_new_energy,/home/yuehe/cjn/lisence-plate-forgery/data/images/NILD3970.JPG,/home/yuehe/cjn/lisence-plate-forgery/outputs/annotation-remaining1363-local-v3_20260825_210051/NILD3970/03_rectified.jpg,,2026-08-26T11:28:48+08:00
NKSP4515,suspicious,3,,,false,S3,8,green_new_energy,/home/yuehe/cjn/lisence-plate-forgery/data/images/NKSP4515.JPG,/home/yuehe/cjn/lisence-plate-forgery/outputs/annotation-remaining1363-local-v3_20260825_210051/NKSP4515/03_rectified.jpg,,2026-08-26T11:28:50+08:00
NMFG3857,suspicious,3,,,false,S3,8,green_new_energy,/home/yuehe/cjn/lisence-plate-forgery/data/images/NMFG3857.JPG,/home/yuehe/cjn/lisence-plate-forgery/outputs/annotation-remaining1363-local-v3_20260825_210051/NMFG3857/03_rectified.jpg,,2026-08-26T11:28:53+08:00
NPGE7266,clear,,,,false,,8,green_new_energy,/home/yuehe/cjn/lisence-plate-forgery/data/images/NPGE7266.JPG,/home/yuehe/cjn/lisence-plate-forgery/outputs/annotation-remaining1363-local-v3_20260825_210051/NPGE7266/03_rectified.jpg,,2026-08-26T11:28:56+08:00
NQOT4021,suspicious,7,,,false,S7,8,green_new_energy,/home/yuehe/cjn/lisence-plate-forgery/data/images/NQOT4021.JPG,/home/yuehe/cjn/lisence-plate-forgery/outputs/annotation-remaining1363-local-v3_20260825_210051/NQOT4021/03_rectified.jpg,,2026-08-26T11:28:59+08:00
NRJU1655,suspicious,3;6,,,false,S3;S6,8,green_new_energy,/home/yuehe/cjn/lisence-plate-forgery/data/images/NRJU1655.JPG,/home/yuehe/cjn/lisence-plate-forgery/outputs/annotation-remaining1363-local-v3_20260825_210051/NRJU1655/03_rectified.jpg,,2026-08-26T11:29:04+08:00
NUKT4017,suspicious,4;8,,,false,S4;S8,8,green_new_energy,/home/yuehe/cjn/lisence-plate-forgery/data/images/NUKT4017.JPG,/home/yuehe/cjn/lisence-plate-forgery/outputs/annotation-remaining1363-local-v3_20260825_210051/NUKT4017/03_rectified.jpg,,2026-08-26T11:29:10+08:00
NVFK1094,suspicious,3,,,false,S3,8,green_new_energy,/home/yuehe/cjn/lisence-plate-forgery/data/images/NVFK1094.JPG,/home/yuehe/cjn/lisence-plate-forgery/outputs/annotation-remaining1363-local-v3_20260825_210051/NVFK1094/03_rectified.jpg,,2026-08-26T11:29:13+08:00
NVUC1361,suspicious,7,,,false,S7,8,green_new_energy,/home/yuehe/cjn/lisence-plate-forgery/data/images/NVUC1361.JPG,/home/yuehe/cjn/lisence-plate-forgery/outputs/annotation-remaining1363-local-v3_20260825_210051/NVUC1361/03_rectified.jpg,,2026-08-26T11:29:40+08:00
NZDU5445,suspicious,4,,,false,S4,8,green_new_energy,/home/yuehe/cjn/lisence-plate-forgery/data/images/NZDU5445.JPG,/home/yuehe/cjn/lisence-plate-forgery/outputs/annotation-remaining1363-local-v3_20260825_210051/NZDU5445/03_rectified.jpg,,2026-08-26T11:29:42+08:00
OCWE8750,suspicious,7,,,false,S7,8,green_new_energy,/home/yuehe/cjn/lisence-plate-forgery/data/images/OCWE8750.JPG,/home/yuehe/cjn/lisence-plate-forgery/outputs/annotation-remaining1363-local-v3_20260825_210051/OCWE8750/03_rectified.jpg,,2026-08-26T11:29:45+08:00
ODTY0945,suspicious,6,,,false,S6,8,green_new_energy,/home/yuehe/cjn/lisence-plate-forgery/data/images/ODTY0945.JPG,/home/yuehe/cjn/lisence-plate-forgery/outputs/annotation-remaining1363-local-v3_20260825_210051/ODTY0945/03_rectified.jpg,,2026-08-26T11:29:49+08:00
OEES5890,clear,,,,false,,8,green_new_energy,/home/yuehe/cjn/lisence-plate-forgery/data/images/OEES5890.JPG,/home/yuehe/cjn/lisence-plate-forgery/outputs/annotation-remaining1363-local-v3_20260825_210051/OEES5890/03_rectified.jpg,,2026-08-26T11:29:56+08:00
OEMU0614,suspicious,5,,,false,S5,8,green_new_energy,/home/yuehe/cjn/lisence-plate-forgery/data/images/OEMU0614.JPG,/home/yuehe/cjn/lisence-plate-forgery/outputs/annotation-remaining1363-local-v3_20260825_210051/OEMU0614/03_rectified.jpg,,2026-08-26T11:30:00+08:00
OFAG0266,suspicious,3;5,,,false,S3;S5,8,green_new_energy,/home/yuehe/cjn/lisence-plate-forgery/data/images/OFAG0266.JPG,/home/yuehe/cjn/lisence-plate-forgery/outputs/annotation-remaining1363-local-v3_20260825_210051/OFAG0266/03_rectified.jpg,,2026-08-26T11:30:07+08:00
OGHU3274,suspicious,4;8,,,false,S4;S8,8,green_new_energy,/home/yuehe/cjn/lisence-plate-forgery/data/images/OGHU3274.JPG,/home/yuehe/cjn/lisence-plate-forgery/outputs/annotation-remaining1363-local-v3_20260825_210051/OGHU3274/03_rectified.jpg,,2026-08-26T11:30:10+08:00
OGNE2072,suspicious,5;7,,,false,S5;S7,8,green_new_energy,/home/yuehe/cjn/lisence-plate-forgery/data/images/OGNE2072.JPG,/home/yuehe/cjn/lisence-plate-forgery/outputs/annotation-remaining1363-local-v3_20260825_210051/OGNE2072/03_rectified.jpg,,2026-08-26T11:30:13+08:00
OGTI3783,suspicious,7,,,false,S7,8,green_new_energy,/home/yuehe/cjn/lisence-plate-forgery/data/images/OGTI3783.JPG,/home/yuehe/cjn/lisence-plate-forgery/outputs/annotation-remaining1363-local-v3_20260825_210051/OGTI3783/03_rectified.jpg,,2026-08-26T11:30:16+08:00
OHIM8102,suspicious,8,,,false,S8,8,green_new_energy,/home/yuehe/cjn/lisence-plate-forgery/data/images/OHIM8102.JPG,/home/yuehe/cjn/lisence-plate-forgery/outputs/annotation-remaining1363-local-v3_20260825_210051/OHIM8102/03_rectified.jpg,,2026-08-26T11:30:18+08:00
OHZA8792,suspicious,5,,,false,S5,8,green_new_energy,/home/yuehe/cjn/lisence-plate-forgery/data/images/OHZA8792.JPG,/home/yuehe/cjn/lisence-plate-forgery/outputs/annotation-remaining1363-local-v3_20260825_210051/OHZA8792/03_rectified.jpg,,2026-08-26T11:30:21+08:00
OIEL0898,clear,,,,false,,8,green_new_energy,/home/yuehe/cjn/lisence-plate-forgery/data/images/OIEL0898.JPG,/home/yuehe/cjn/lisence-plate-forgery/outputs/annotation-remaining1363-local-v3_20260825_210051/OIEL0898/03_rectified.jpg,,2026-08-26T11:30:25+08:00
OIQE8445,suspicious,3,,,false,S3,8,green_new_energy,/home/yuehe/cjn/lisence-plate-forgery/data/images/OIQE8445.JPG,/home/yuehe/cjn/lisence-plate-forgery/outputs/annotation-remaining1363-local-v3_20260825_210051/OIQE8445/03_rectified.jpg,,2026-08-26T11:30:28+08:00
OJDF0898,suspicious,3,,,false,S3,8,green_new_energy,/home/yuehe/cjn/lisence-plate-forgery/data/images/OJDF0898.JPG,/home/yuehe/cjn/lisence-plate-forgery/outputs/annotation-remaining1363-local-v3_20260825_210051/OJDF0898/03_rectified.jpg,,2026-08-26T11:30:30+08:00
OKNU9627,suspicious,7,,,false,S7,8,green_new_energy,/home/yuehe/cjn/lisence-plate-forgery/data/images/OKNU9627.JPG,/home/yuehe/cjn/lisence-plate-forgery/outputs/annotation-remaining1363-local-v3_20260825_210051/OKNU9627/03_rectified.jpg,,2026-08-26T11:30:33+08:00
ONFV6886,suspicious,6,,,false,S6,8,green_new_energy,/home/yuehe/cjn/lisence-plate-forgery/data/images/ONFV6886.JPG,/home/yuehe/cjn/lisence-plate-forgery/outputs/annotation-remaining1363-local-v3_20260825_210051/ONFV6886/03_rectified.jpg,,2026-08-26T11:30:35+08:00
ONWD2879,suspicious,3;5;7,,,false,S3;S5;S7,8,green_new_energy,/home/yuehe/cjn/lisence-plate-forgery/data/images/ONWD2879.JPG,/home/yuehe/cjn/lisence-plate-forgery/outputs/annotation-remaining1363-local-v3_20260825_210051/ONWD2879/03_rectified.jpg,,2026-08-26T11:30:39+08:00
OOCZ7741,suspicious,3,,,false,S3,8,green_new_energy,/home/yuehe/cjn/lisence-plate-forgery/data/images/OOCZ7741.JPG,/home/yuehe/cjn/lisence-plate-forgery/outputs/annotation-remaining1363-local-v3_20260825_210051/OOCZ7741/03_rectified.jpg,,2026-08-26T11:30:41+08:00
OPOZ1673,suspicious,7,,,false,S7,8,green_new_energy,/home/yuehe/cjn/lisence-plate-forgery/data/images/OPOZ1673.JPG,/home/yuehe/cjn/lisence-plate-forgery/outputs/annotation-remaining1363-local-v3_20260825_210051/OPOZ1673/03_rectified.jpg,,2026-08-26T11:30:44+08:00
OQVC2682,suspicious,4;7;8,,,false,S4;S7;S8,8,green_new_energy,/home/yuehe/cjn/lisence-plate-forgery/data/images/OQVC2682.JPG,/home/yuehe/cjn/lisence-plate-forgery/outputs/annotation-remaining1363-local-v3_20260825_210051/OQVC2682/03_rectified.jpg,,2026-08-26T11:30:48+08:00
OSJU8849,suspicious,3;5;7,,,false,S3;S5;S7,8,green_new_energy,/home/yuehe/cjn/lisence-plate-forgery/data/images/OSJU8849.JPG,/home/yuehe/cjn/lisence-plate-forgery/outputs/annotation-remaining1363-local-v3_20260825_210051/OSJU8849/03_rectified.jpg,,2026-08-26T11:30:56+08:00
OVHU9907,suspicious,2,,,false,S2,8,green_new_energy,/home/yuehe/cjn/lisence-plate-forgery/data/images/OVHU9907.JPG,/home/yuehe/cjn/lisence-plate-forgery/outputs/annotation-remaining1363-local-v3_20260825_210051/OVHU9907/03_rectified.jpg,,2026-08-26T11:30:59+08:00
OXEF3770,suspicious,3;4,,,false,S3;S4,8,green_new_energy,/home/yuehe/cjn/lisence-plate-forgery/data/images/OXEF3770.JPG,/home/yuehe/cjn/lisence-plate-forgery/outputs/annotation-remaining1363-local-v3_20260825_210051/OXEF3770/03_rectified.jpg,,2026-08-26T11:31:02+08:00
OXRK4376,suspicious,5,,,false,S5,8,green_new_energy,/home/yuehe/cjn/lisence-plate-forgery/data/images/OXRK4376.JPG,/home/yuehe/cjn/lisence-plate-forgery/outputs/annotation-remaining1363-local-v3_20260825_210051/OXRK4376/03_rectified.jpg,,2026-08-26T11:31:05+08:00
OXSD8334,suspicious,8,,,false,S8,8,green_new_energy,/home/yuehe/cjn/lisence-plate-forgery/data/images/OXSD8334.JPG,/home/yuehe/cjn/lisence-plate-forgery/outputs/annotation-remaining1363-local-v3_20260825_210051/OXSD8334/03_rectified.jpg,,2026-08-26T11:31:07+08:00
OYJU9897,suspicious,5,,,false,S5,8,green_new_energy,/home/yuehe/cjn/lisence-plate-forgery/data/images/OYJU9897.JPG,/home/yuehe/cjn/lisence-plate-forgery/outputs/annotation-remaining1363-local-v3_20260825_210051/OYJU9897/03_rectified.jpg,,2026-08-26T11:31:11+08:00
OYXS5479,suspicious,3;5,,,false,S3;S5,8,green_new_energy,/home/yuehe/cjn/lisence-plate-forgery/data/images/OYXS5479.JPG,/home/yuehe/cjn/lisence-plate-forgery/outputs/annotation-remaining1363-local-v3_20260825_210051/OYXS5479/03_rectified.jpg,,2026-08-26T11:31:14+08:00
PALM7056,suspicious,4;7,,,false,S4;S7,8,green_new_energy,/home/yuehe/cjn/lisence-plate-forgery/data/images/PALM7056.JPG,/home/yuehe/cjn/lisence-plate-forgery/outputs/annotation-remaining1363-local-v3_20260825_210051/PALM7056/03_rectified.jpg,,2026-08-26T11:31:18+08:00
PDTH1387,suspicious,4;8,,,false,S4;S8,8,green_new_energy,/home/yuehe/cjn/lisence-plate-forgery/data/images/PDTH1387.JPG,/home/yuehe/cjn/lisence-plate-forgery/outputs/annotation-remaining1363-local-v3_20260825_210051/PDTH1387/03_rectified.jpg,,2026-08-26T11:31:22+08:00
PDZC1587,suspicious,5,,,false,S5,8,green_new_energy,/home/yuehe/cjn/lisence-plate-forgery/data/images/PDZC1587.JPG,/home/yuehe/cjn/lisence-plate-forgery/outputs/annotation-remaining1363-local-v3_20260825_210051/PDZC1587/03_rectified.jpg,,2026-08-26T11:31:25+08:00
PFPJ0450,suspicious,5;7,,,false,S5;S7,8,green_new_energy,/home/yuehe/cjn/lisence-plate-forgery/data/images/PFPJ0450.JPG,/home/yuehe/cjn/lisence-plate-forgery/outputs/annotation-remaining1363-local-v3_20260825_210051/PFPJ0450/03_rectified.jpg,,2026-08-26T11:31:29+08:00
PGIH2304,suspicious,7,,,false,S7,8,green_new_energy,/home/yuehe/cjn/lisence-plate-forgery/data/images/PGIH2304.JPG,/home/yuehe/cjn/lisence-plate-forgery/outputs/annotation-remaining1363-local-v3_20260825_210051/PGIH2304/03_rectified.jpg,,2026-08-26T11:31:32+08:00
PGLZ1030,suspicious,7;8,,,false,S7;S8,8,green_new_energy,/home/yuehe/cjn/lisence-plate-forgery/data/images/PGLZ1030.JPG,/home/yuehe/cjn/lisence-plate-forgery/outputs/annotation-remaining1363-local-v3_20260825_210051/PGLZ1030/03_rectified.jpg,,2026-08-26T11:31:54+08:00
PHXX2997,suspicious,3;5;7,,,false,S3;S5;S7,8,green_new_energy,/home/yuehe/cjn/lisence-plate-forgery/data/images/PHXX2997.JPG,/home/yuehe/cjn/lisence-plate-forgery/outputs/annotation-remaining1363-local-v3_20260825_210051/PHXX2997/03_rectified.jpg,,2026-08-26T11:31:58+08:00
PKBW0405,suspicious,7,,,false,S7,8,green_new_energy,/home/yuehe/cjn/lisence-plate-forgery/data/images/PKBW0405.JPG,/home/yuehe/cjn/lisence-plate-forgery/outputs/annotation-remaining1363-local-v3_20260825_210051/PKBW0405/03_rectified.jpg,,2026-08-26T11:32:01+08:00
PLET1254,suspicious,3;7;8,,,false,S3;S7;S8,8,green_new_energy,/home/yuehe/cjn/lisence-plate-forgery/data/images/PLET1254.JPG,/home/yuehe/cjn/lisence-plate-forgery/outputs/annotation-remaining1363-local-v3_20260825_210051/PLET1254/03_rectified.jpg,,2026-08-26T11:32:04+08:00
PLUO7818,suspicious,4,,,false,S4,8,green_new_energy,/home/yuehe/cjn/lisence-plate-forgery/data/images/PLUO7818.JPG,/home/yuehe/cjn/lisence-plate-forgery/outputs/annotation-remaining1363-local-v3_20260825_210051/PLUO7818/03_rectified.jpg,,2026-08-26T11:32:08+08:00
PNIG0613,suspicious,5,,,false,S5,8,green_new_energy,/home/yuehe/cjn/lisence-plate-forgery/data/images/PNIG0613.JPG,/home/yuehe/cjn/lisence-plate-forgery/outputs/annotation-remaining1363-local-v3_20260825_210051/PNIG0613/03_rectified.jpg,,2026-08-26T11:32:12+08:00
POMY6593,clear,,,,false,,8,green_new_energy,/home/yuehe/cjn/lisence-plate-forgery/data/images/POMY6593.JPG,/home/yuehe/cjn/lisence-plate-forgery/outputs/annotation-remaining1363-local-v3_20260825_210051/POMY6593/03_rectified.jpg,,2026-08-26T11:32:15+08:00
PPNG4514,suspicious,6,,,false,S6,8,green_new_energy,/home/yuehe/cjn/lisence-plate-forgery/data/images/PPNG4514.JPG,/home/yuehe/cjn/lisence-plate-forgery/outputs/annotation-remaining1363-local-v3_20260825_210051/PPNG4514/03_rectified.jpg,,2026-08-26T11:32:22+08:00
PQSM5479,suspicious,8,,,false,S8,8,green_new_energy,/home/yuehe/cjn/lisence-plate-forgery/data/images/PQSM5479.JPG,/home/yuehe/cjn/lisence-plate-forgery/outputs/annotation-remaining1363-local-v3_20260825_210051/PQSM5479/03_rectified.jpg,,2026-08-26T11:33:16+08:00
PRHK3395,suspicious,3,,,false,S3,8,green_new_energy,/home/yuehe/cjn/lisence-plate-forgery/data/images/PRHK3395.JPG,/home/yuehe/cjn/lisence-plate-forgery/outputs/annotation-remaining1363-local-v3_20260825_210051/PRHK3395/03_rectified.jpg,,2026-08-26T11:33:19+08:00
PSPZ0782,suspicious,8,,,false,S8,8,green_new_energy,/home/yuehe/cjn/lisence-plate-forgery/data/images/PSPZ0782.JPG,/home/yuehe/cjn/lisence-plate-forgery/outputs/annotation-remaining1363-local-v3_20260825_210051/PSPZ0782/03_rectified.jpg,,2026-08-26T11:33:21+08:00
PUUH0652,suspicious,2,,,false,S2,8,green_new_energy,/home/yuehe/cjn/lisence-plate-forgery/data/images/PUUH0652.JPG,/home/yuehe/cjn/lisence-plate-forgery/outputs/annotation-remaining1363-local-v3_20260825_210051/PUUH0652/03_rectified.jpg,,2026-08-26T11:33:24+08:00
PZBH9940,clear,,,,false,,8,green_new_energy,/home/yuehe/cjn/lisence-plate-forgery/data/images/PZBH9940.JPG,/home/yuehe/cjn/lisence-plate-forgery/outputs/annotation-remaining1363-local-v3_20260825_210051/PZBH9940/03_rectified.jpg,,2026-08-26T11:33:26+08:00
PZHY0415,suspicious,7,,,false,S7,8,green_new_energy,/home/yuehe/cjn/lisence-plate-forgery/data/images/PZHY0415.JPG,/home/yuehe/cjn/lisence-plate-forgery/outputs/annotation-remaining1363-local-v3_20260825_210051/PZHY0415/03_rectified.jpg,,2026-08-26T11:33:28+08:00
QEBN0766,suspicious,7,,,false,S7,8,green_new_energy,/home/yuehe/cjn/lisence-plate-forgery/data/images/QEBN0766.JPG,/home/yuehe/cjn/lisence-plate-forgery/outputs/annotation-remaining1363-local-v3_20260825_210051/QEBN0766/03_rectified.jpg,,2026-08-26T11:33:30+08:00
QGCZ9699,suspicious,4;7;8,,,false,S4;S7;S8,8,green_new_energy,/home/yuehe/cjn/lisence-plate-forgery/data/images/QGCZ9699.JPG,/home/yuehe/cjn/lisence-plate-forgery/outputs/annotation-remaining1363-local-v3_20260825_210051/QGCZ9699/03_rectified.jpg,,2026-08-26T11:33:34+08:00
QHEK5220,suspicious,5,,,false,S5,8,green_new_energy,/home/yuehe/cjn/lisence-plate-forgery/data/images/QHEK5220.JPG,/home/yuehe/cjn/lisence-plate-forgery/outputs/annotation-remaining1363-local-v3_20260825_210051/QHEK5220/03_rectified.jpg,,2026-08-26T11:33:37+08:00
QIJP6555,suspicious,7,,,false,S7,8,green_new_energy,/home/yuehe/cjn/lisence-plate-forgery/data/images/QIJP6555.JPG,/home/yuehe/cjn/lisence-plate-forgery/outputs/annotation-remaining1363-local-v3_20260825_210051/QIJP6555/03_rectified.jpg,,2026-08-26T11:33:40+08:00
QKBJ6121,suspicious,6,,,false,S6,8,green_new_energy,/home/yuehe/cjn/lisence-plate-forgery/data/images/QKBJ6121.JPG,/home/yuehe/cjn/lisence-plate-forgery/outputs/annotation-remaining1363-local-v3_20260825_210051/QKBJ6121/03_rectified.jpg,,2026-08-26T11:33:43+08:00
QLNV6482,suspicious,3,,,false,S3,8,green_new_energy,/home/yuehe/cjn/lisence-plate-forgery/data/images/QLNV6482.JPG,/home/yuehe/cjn/lisence-plate-forgery/outputs/annotation-remaining1363-local-v3_20260825_210051/QLNV6482/03_rectified.jpg,,2026-08-26T11:33:45+08:00
QMFC3050,suspicious,2;4;7,,,false,S2;S4;S7,8,green_new_energy,/home/yuehe/cjn/lisence-plate-forgery/data/images/QMFC3050.JPG,/home/yuehe/cjn/lisence-plate-forgery/outputs/annotation-remaining1363-local-v3_20260825_210051/QMFC3050/03_rectified.jpg,,2026-08-26T11:33:50+08:00
QMVQ0283,suspicious,3;4,,,false,S3;S4,8,green_new_energy,/home/yuehe/cjn/lisence-plate-forgery/data/images/QMVQ0283.JPG,/home/yuehe/cjn/lisence-plate-forgery/outputs/annotation-remaining1363-local-v3_20260825_210051/QMVQ0283/03_rectified.jpg,,2026-08-26T11:33:54+08:00
QPWH9502,suspicious,7,,,false,S7,8,green_new_energy,/home/yuehe/cjn/lisence-plate-forgery/data/images/QPWH9502.JPG,/home/yuehe/cjn/lisence-plate-forgery/outputs/annotation-remaining1363-local-v3_20260825_210051/QPWH9502/03_rectified.jpg,,2026-08-26T11:34:03+08:00
QRBO1803,suspicious,4,,,false,S4,8,green_new_energy,/home/yuehe/cjn/lisence-plate-forgery/data/images/QRBO1803.JPG,/home/yuehe/cjn/lisence-plate-forgery/outputs/annotation-remaining1363-local-v3_20260825_210051/QRBO1803/03_rectified.jpg,,2026-08-26T11:34:08+08:00
QRFF5555,suspicious,4,,,false,S4,8,green_new_energy,/home/yuehe/cjn/lisence-plate-forgery/data/images/QRFF5555.JPG,/home/yuehe/cjn/lisence-plate-forgery/outputs/annotation-remaining1363-local-v3_20260825_210051/QRFF5555/03_rectified.jpg,,2026-08-26T11:34:10+08:00
QRHW1054,suspicious,4,,,false,S4,8,green_new_energy,/home/yuehe/cjn/lisence-plate-forgery/data/images/QRHW1054.JPG,/home/yuehe/cjn/lisence-plate-forgery/outputs/annotation-remaining1363-local-v3_20260825_210051/QRHW1054/03_rectified.jpg,,2026-08-26T11:34:14+08:00
QTCC9020,suspicious,5,,,false,S5,8,green_new_energy,/home/yuehe/cjn/lisence-plate-forgery/data/images/QTCC9020.JPG,/home/yuehe/cjn/lisence-plate-forgery/outputs/annotation-remaining1363-local-v3_20260825_210051/QTCC9020/03_rectified.jpg,,2026-08-26T11:34:16+08:00
QXHV0986,suspicious,3;6,,,false,S3;S6,8,green_new_energy,/home/yuehe/cjn/lisence-plate-forgery/data/images/QXHV0986.JPG,/home/yuehe/cjn/lisence-plate-forgery/outputs/annotation-remaining1363-local-v3_20260825_210051/QXHV0986/03_rectified.jpg,,2026-08-26T11:34:22+08:00
QZZW4703,suspicious,4,,,false,S4,8,green_new_energy,/home/yuehe/cjn/lisence-plate-forgery/data/images/QZZW4703.JPG,/home/yuehe/cjn/lisence-plate-forgery/outputs/annotation-remaining1363-local-v3_20260825_210051/QZZW4703/03_rectified.jpg,,2026-08-26T11:34:25+08:00
RAFV7409,suspicious,5,,,false,S5,8,green_new_energy,/home/yuehe/cjn/lisence-plate-forgery/data/images/RAFV7409.JPG,/home/yuehe/cjn/lisence-plate-forgery/outputs/annotation-remaining1363-local-v3_20260825_210051/RAFV7409/03_rectified.jpg,,2026-08-26T11:34:29+08:00
RBXW3248,clear,,,,false,,8,green_new_energy,/home/yuehe/cjn/lisence-plate-forgery/data/images/RBXW3248.JPG,/home/yuehe/cjn/lisence-plate-forgery/outputs/annotation-remaining1363-local-v3_20260825_210051/RBXW3248/03_rectified.jpg,,2026-08-26T11:34:34+08:00
RCHI8367,suspicious,4;7;8,,,false,S4;S7;S8,8,green_new_energy,/home/yuehe/cjn/lisence-plate-forgery/data/images/RCHI8367.JPG,/home/yuehe/cjn/lisence-plate-forgery/outputs/annotation-remaining1363-local-v3_20260825_210051/RCHI8367/03_rectified.jpg,,2026-08-26T11:34:39+08:00
RDJI2911,clear,,,,false,,8,green_new_energy,/home/yuehe/cjn/lisence-plate-forgery/data/images/RDJI2911.JPG,/home/yuehe/cjn/lisence-plate-forgery/outputs/annotation-remaining1363-local-v3_20260825_210051/RDJI2911/03_rectified.jpg,,2026-08-26T11:34:41+08:00
REHH9922,suspicious,6,,,false,S6,8,green_new_energy,/home/yuehe/cjn/lisence-plate-forgery/data/images/REHH9922.JPG,/home/yuehe/cjn/lisence-plate-forgery/outputs/annotation-remaining1363-local-v3_20260825_210051/REHH9922/03_rectified.jpg,,2026-08-26T11:34:44+08:00
REKS5671,suspicious,4,,,false,S4,8,green_new_energy,/home/yuehe/cjn/lisence-plate-forgery/data/images/REKS5671.JPG,/home/yuehe/cjn/lisence-plate-forgery/outputs/annotation-remaining1363-local-v3_20260825_210051/REKS5671/03_rectified.jpg,,2026-08-26T11:34:48+08:00
RLFD8792,suspicious,7,,,false,S7,8,green_new_energy,/home/yuehe/cjn/lisence-plate-forgery/data/images/RLFD8792.JPG,/home/yuehe/cjn/lisence-plate-forgery/outputs/annotation-remaining1363-local-v3_20260825_210051/RLFD8792/03_rectified.jpg,,2026-08-26T11:34:59+08:00
RLPP1097,suspicious,7,,,false,S7,8,green_new_energy,/home/yuehe/cjn/lisence-plate-forgery/data/images/RLPP1097.JPG,/home/yuehe/cjn/lisence-plate-forgery/outputs/annotation-remaining1363-local-v3_20260825_210051/RLPP1097/03_rectified.jpg,,2026-08-26T11:35:02+08:00
RMBV9991,clear,,,,false,,8,green_new_energy,/home/yuehe/cjn/lisence-plate-forgery/data/images/RMBV9991.JPG,/home/yuehe/cjn/lisence-plate-forgery/outputs/annotation-remaining1363-local-v3_20260825_210051/RMBV9991/03_rectified.jpg,,2026-08-26T11:35:09+08:00
RMSZ4462,suspicious,3;4,,,false,S3;S4,8,green_new_energy,/home/yuehe/cjn/lisence-plate-forgery/data/images/RMSZ4462.JPG,/home/yuehe/cjn/lisence-plate-forgery/outputs/annotation-remaining1363-local-v3_20260825_210051/RMSZ4462/03_rectified.jpg,,2026-08-26T11:35:13+08:00
ROQG8593,suspicious,5,,,false,S5,8,green_new_energy,/home/yuehe/cjn/lisence-plate-forgery/data/images/ROQG8593.JPG,/home/yuehe/cjn/lisence-plate-forgery/outputs/annotation-remaining1363-local-v3_20260825_210051/ROQG8593/03_rectified.jpg,,2026-08-26T11:35:21+08:00
RPJR1659,suspicious,3;4,,,false,S3;S4,8,green_new_energy,/home/yuehe/cjn/lisence-plate-forgery/data/images/RPJR1659.JPG,/home/yuehe/cjn/lisence-plate-forgery/outputs/annotation-remaining1363-local-v3_20260825_210051/RPJR1659/03_rectified.jpg,,2026-08-26T11:35:23+08:00
RQYX6848,clear,,,,false,,8,green_new_energy,/home/yuehe/cjn/lisence-plate-forgery/data/images/RQYX6848.JPG,/home/yuehe/cjn/lisence-plate-forgery/outputs/annotation-remaining1363-local-v3_20260825_210051/RQYX6848/03_rectified.jpg,,2026-08-26T11:35:26+08:00
RSRB9192,clear,,,,false,,8,green_new_energy,/home/yuehe/cjn/lisence-plate-forgery/data/images/RSRB9192.JPG,/home/yuehe/cjn/lisence-plate-forgery/outputs/annotation-remaining1363-local-v3_20260825_210051/RSRB9192/03_rectified.jpg,,2026-08-26T11:35:36+08:00
RWIE7345,clear,,,,false,,8,green_new_energy,/home/yuehe/cjn/lisence-plate-forgery/data/images/RWIE7345.JPG,/home/yuehe/cjn/lisence-plate-forgery/outputs/annotation-remaining1363-local-v3_20260825_210051/RWIE7345/03_rectified.jpg,,2026-08-26T11:35:31+08:00
RXQS6533,suspicious,6,,,false,S6,8,green_new_energy,/home/yuehe/cjn/lisence-plate-forgery/data/images/RXQS6533.JPG,/home/yuehe/cjn/lisence-plate-forgery/outputs/annotation-remaining1363-local-v3_20260825_210051/RXQS6533/03_rectified.jpg,,2026-08-26T11:35:39+08:00
RYKP7231,suspicious,7,,,false,S7,8,green_new_energy,/home/yuehe/cjn/lisence-plate-forgery/data/images/RYKP7231.JPG,/home/yuehe/cjn/lisence-plate-forgery/outputs/annotation-remaining1363-local-v3_20260825_210051/RYKP7231/03_rectified.jpg,,2026-08-26T11:35:41+08:00
RYLW7347,suspicious,4;8,,,false,S4;S8,8,green_new_energy,/home/yuehe/cjn/lisence-plate-forgery/data/images/RYLW7347.JPG,/home/yuehe/cjn/lisence-plate-forgery/outputs/annotation-remaining1363-local-v3_20260825_210051/RYLW7347/03_rectified.jpg,,2026-08-26T11:35:47+08:00
SBDN9099,clear,,,,false,,8,green_new_energy,/home/yuehe/cjn/lisence-plate-forgery/data/images/SBDN9099.JPG,/home/yuehe/cjn/lisence-plate-forgery/outputs/annotation-remaining1363-local-v3_20260825_210051/SBDN9099/03_rectified.jpg,,2026-08-26T11:35:51+08:00
SBFT9689,suspicious,5,,,false,S5,8,green_new_energy,/home/yuehe/cjn/lisence-plate-forgery/data/images/SBFT9689.JPG,/home/yuehe/cjn/lisence-plate-forgery/outputs/annotation-remaining1363-local-v3_20260825_210051/SBFT9689/03_rectified.jpg,,2026-08-26T11:35:53+08:00
SEPE8165,suspicious,7,,,false,S7,8,green_new_energy,/home/yuehe/cjn/lisence-plate-forgery/data/images/SEPE8165.JPG,/home/yuehe/cjn/lisence-plate-forgery/outputs/annotation-remaining1363-local-v3_20260825_210051/SEPE8165/03_rectified.jpg,,2026-08-26T11:35:55+08:00
SHUJ5152,suspicious,7,,,false,S7,8,green_new_energy,/home/yuehe/cjn/lisence-plate-forgery/data/images/SHUJ5152.JPG,/home/yuehe/cjn/lisence-plate-forgery/outputs/annotation-remaining1363-local-v3_20260825_210051/SHUJ5152/03_rectified.jpg,,2026-08-26T11:36:29+08:00
SJCL4302,suspicious,7,,,false,S7,8,green_new_energy,/home/yuehe/cjn/lisence-plate-forgery/data/images/SJCL4302.JPG,/home/yuehe/cjn/lisence-plate-forgery/outputs/annotation-remaining1363-local-v3_20260825_210051/SJCL4302/03_rectified.jpg,,2026-08-26T11:36:35+08:00
SJPO1542,clear,,,,false,,8,green_new_energy,/home/yuehe/cjn/lisence-plate-forgery/data/images/SJPO1542.JPG,/home/yuehe/cjn/lisence-plate-forgery/outputs/annotation-remaining1363-local-v3_20260825_210051/SJPO1542/03_rectified.jpg,,2026-08-26T11:36:38+08:00
SJQU0991,suspicious,3;5,,,false,S3;S5,8,green_new_energy,/home/yuehe/cjn/lisence-plate-forgery/data/images/SJQU0991.JPG,/home/yuehe/cjn/lisence-plate-forgery/outputs/annotation-remaining1363-local-v3_20260825_210051/SJQU0991/03_rectified.jpg,,2026-08-26T11:36:41+08:00
SLBD1774,clear,,,,false,,8,green_new_energy,/home/yuehe/cjn/lisence-plate-forgery/data/images/SLBD1774.JPG,/home/yuehe/cjn/lisence-plate-forgery/outputs/annotation-remaining1363-local-v3_20260825_210051/SLBD1774/03_rectified.jpg,,2026-08-26T11:36:45+08:00
SMAN6714,suspicious,7;8,,,false,S7;S8,8,green_new_energy,/home/yuehe/cjn/lisence-plate-forgery/data/images/SMAN6714.JPG,/home/yuehe/cjn/lisence-plate-forgery/outputs/annotation-remaining1363-local-v3_20260825_210051/SMAN6714/03_rectified.jpg,,2026-08-26T11:36:49+08:00
SMOK8619,suspicious,4,,,false,S4,8,green_new_energy,/home/yuehe/cjn/lisence-plate-forgery/data/images/SMOK8619.JPG,/home/yuehe/cjn/lisence-plate-forgery/outputs/annotation-remaining1363-local-v3_20260825_210051/SMOK8619/03_rectified.jpg,,2026-08-26T11:36:52+08:00
SNSB3370,clear,,,,false,,8,green_new_energy,/home/yuehe/cjn/lisence-plate-forgery/data/images/SNSB3370.JPG,/home/yuehe/cjn/lisence-plate-forgery/outputs/annotation-remaining1363-local-v3_20260825_210051/SNSB3370/03_rectified.jpg,,2026-08-26T11:36:55+08:00
SNZM7759,suspicious,7;8,,,false,S7;S8,8,green_new_energy,/home/yuehe/cjn/lisence-plate-forgery/data/images/SNZM7759.JPG,/home/yuehe/cjn/lisence-plate-forgery/outputs/annotation-remaining1363-local-v3_20260825_210051/SNZM7759/03_rectified.jpg,,2026-08-26T11:36:58+08:00
SPKK9738,suspicious,3;6,,,false,S3;S6,8,green_new_energy,/home/yuehe/cjn/lisence-plate-forgery/data/images/SPKK9738.JPG,/home/yuehe/cjn/lisence-plate-forgery/outputs/annotation-remaining1363-local-v3_20260825_210051/SPKK9738/03_rectified.jpg,,2026-08-26T11:37:03+08:00
SPPO1150,suspicious,3,,,false,S3,8,green_new_energy,/home/yuehe/cjn/lisence-plate-forgery/data/images/SPPO1150.JPG,/home/yuehe/cjn/lisence-plate-forgery/outputs/annotation-remaining1363-local-v3_20260825_210051/SPPO1150/03_rectified.jpg,,2026-08-26T11:37:06+08:00
SRBV9144,suspicious,3;6,,,false,S3;S6,8,green_new_energy,/home/yuehe/cjn/lisence-plate-forgery/data/images/SRBV9144.JPG,/home/yuehe/cjn/lisence-plate-forgery/outputs/annotation-remaining1363-local-v3_20260825_210051/SRBV9144/03_rectified.jpg,,2026-08-26T11:37:09+08:00
SRSD0190,suspicious,3;7,,,false,S3;S7,8,green_new_energy,/home/yuehe/cjn/lisence-plate-forgery/data/images/SRSD0190.JPG,/home/yuehe/cjn/lisence-plate-forgery/outputs/annotation-remaining1363-local-v3_20260825_210051/SRSD0190/03_rectified.jpg,,2026-08-26T11:37:15+08:00
SSEV1462,suspicious,7,,,false,S7,8,green_new_energy,/home/yuehe/cjn/lisence-plate-forgery/data/images/SSEV1462.JPG,/home/yuehe/cjn/lisence-plate-forgery/outputs/annotation-remaining1363-local-v3_20260825_210051/SSEV1462/03_rectified.jpg,,2026-08-26T11:37:18+08:00
SSNZ6038,suspicious,3;5,,,false,S3;S5,8,green_new_energy,/home/yuehe/cjn/lisence-plate-forgery/data/images/SSNZ6038.JPG,/home/yuehe/cjn/lisence-plate-forgery/outputs/annotation-remaining1363-local-v3_20260825_210051/SSNZ6038/03_rectified.jpg,,2026-08-26T11:37:25+08:00
STVF0439,suspicious,3,,,false,S3,8,green_new_energy,/home/yuehe/cjn/lisence-plate-forgery/data/images/STVF0439.JPG,/home/yuehe/cjn/lisence-plate-forgery/outputs/annotation-remaining1363-local-v3_20260825_210051/STVF0439/03_rectified.jpg,,2026-08-26T11:37:28+08:00
SUAN6051,suspicious,4;7,,,false,S4;S7,8,green_new_energy,/home/yuehe/cjn/lisence-plate-forgery/data/images/SUAN6051.JPG,/home/yuehe/cjn/lisence-plate-forgery/outputs/annotation-remaining1363-local-v3_20260825_210051/SUAN6051/03_rectified.jpg,,2026-08-26T11:37:32+08:00
SVKO0776,suspicious,7,,,false,S7,8,green_new_energy,/home/yuehe/cjn/lisence-plate-forgery/data/images/SVKO0776.JPG,/home/yuehe/cjn/lisence-plate-forgery/outputs/annotation-remaining1363-local-v3_20260825_210051/SVKO0776/03_rectified.jpg,,2026-08-26T11:38:04+08:00
SXSW8868,suspicious,5,,,false,S5,8,green_new_energy,/home/yuehe/cjn/lisence-plate-forgery/data/images/SXSW8868.JPG,/home/yuehe/cjn/lisence-plate-forgery/outputs/annotation-remaining1363-local-v3_20260825_210051/SXSW8868/03_rectified.jpg,,2026-08-26T11:38:08+08:00
SXXY5468,suspicious,6,,,false,S6,8,green_new_energy,/home/yuehe/cjn/lisence-plate-forgery/data/images/SXXY5468.JPG,/home/yuehe/cjn/lisence-plate-forgery/outputs/annotation-remaining1363-local-v3_20260825_210051/SXXY5468/03_rectified.jpg,,2026-08-26T11:38:11+08:00
SYYS9081,suspicious,3,,,false,S3,8,green_new_energy,/home/yuehe/cjn/lisence-plate-forgery/data/images/SYYS9081.JPG,/home/yuehe/cjn/lisence-plate-forgery/outputs/annotation-remaining1363-local-v3_20260825_210051/SYYS9081/03_rectified.jpg,,2026-08-26T11:38:13+08:00
SZFO2783,clear,,,,false,,8,green_new_energy,/home/yuehe/cjn/lisence-plate-forgery/data/images/SZFO2783.JPG,/home/yuehe/cjn/lisence-plate-forgery/outputs/annotation-remaining1363-local-v3_20260825_210051/SZFO2783/03_rectified.jpg,,2026-08-26T11:38:16+08:00
TABN8385,clear,,,,false,,8,green_new_energy,/home/yuehe/cjn/lisence-plate-forgery/data/images/TABN8385.JPG,/home/yuehe/cjn/lisence-plate-forgery/outputs/annotation-remaining1363-local-v3_20260825_210051/TABN8385/03_rectified.jpg,,2026-08-26T11:38:18+08:00
TCWP8846,suspicious,3;6,,,false,S3;S6,8,green_new_energy,/home/yuehe/cjn/lisence-plate-forgery/data/images/TCWP8846.JPG,/home/yuehe/cjn/lisence-plate-forgery/outputs/annotation-remaining1363-local-v3_20260825_210051/TCWP8846/03_rectified.jpg,,2026-08-26T11:38:21+08:00
TFUS2948,suspicious,5;7,,,false,S5;S7,8,green_new_energy,/home/yuehe/cjn/lisence-plate-forgery/data/images/TFUS2948.JPG,/home/yuehe/cjn/lisence-plate-forgery/outputs/annotation-remaining1363-local-v3_20260825_210051/TFUS2948/03_rectified.jpg,,2026-08-26T11:38:24+08:00
THLH0036,suspicious,3;4,,,false,S3;S4,8,green_new_energy,/home/yuehe/cjn/lisence-plate-forgery/data/images/THLH0036.JPG,/home/yuehe/cjn/lisence-plate-forgery/outputs/annotation-remaining1363-local-v3_20260825_210051/THLH0036/03_rectified.jpg,,2026-08-26T11:38:28+08:00
THOM7854,suspicious,6,,,false,S6,8,green_new_energy,/home/yuehe/cjn/lisence-plate-forgery/data/images/THOM7854.JPG,/home/yuehe/cjn/lisence-plate-forgery/outputs/annotation-remaining1363-local-v3_20260825_210051/THOM7854/03_rectified.jpg,,2026-08-26T11:38:32+08:00
TJQA2189,clear,,,,false,,8,green_new_energy,/home/yuehe/cjn/lisence-plate-forgery/data/images/TJQA2189.JPG,/home/yuehe/cjn/lisence-plate-forgery/outputs/annotation-remaining1363-local-v3_20260825_210051/TJQA2189/03_rectified.jpg,,2026-08-26T11:38:34+08:00
TKDI2917,suspicious,4,,,false,S4,8,green_new_energy,/home/yuehe/cjn/lisence-plate-forgery/data/images/TKDI2917.JPG,/home/yuehe/cjn/lisence-plate-forgery/outputs/annotation-remaining1363-local-v3_20260825_210051/TKDI2917/03_rectified.jpg,,2026-08-26T11:38:38+08:00
TKGL9789,suspicious,2;8,,,false,S2;S8,8,green_new_energy,/home/yuehe/cjn/lisence-plate-forgery/data/images/TKGL9789.JPG,/home/yuehe/cjn/lisence-plate-forgery/outputs/annotation-remaining1363-local-v3_20260825_210051/TKGL9789/03_rectified.jpg,,2026-08-26T11:38:41+08:00
TKUJ9510,clear,,,,false,,8,green_new_energy,/home/yuehe/cjn/lisence-plate-forgery/data/images/TKUJ9510.JPG,/home/yuehe/cjn/lisence-plate-forgery/outputs/annotation-remaining1363-local-v3_20260825_210051/TKUJ9510/03_rectified.jpg,,2026-08-26T11:38:43+08:00
TKYT5044,suspicious,7,,,false,S7,8,green_new_energy,/home/yuehe/cjn/lisence-plate-forgery/data/images/TKYT5044.JPG,/home/yuehe/cjn/lisence-plate-forgery/outputs/annotation-remaining1363-local-v3_20260825_210051/TKYT5044/03_rectified.jpg,,2026-08-26T11:38:46+08:00
TMBL4985,suspicious,3;7,,,false,S3;S7,8,green_new_energy,/home/yuehe/cjn/lisence-plate-forgery/data/images/TMBL4985.JPG,/home/yuehe/cjn/lisence-plate-forgery/outputs/annotation-remaining1363-local-v3_20260825_210051/TMBL4985/03_rectified.jpg,,2026-08-26T11:38:49+08:00
TMTX8432,suspicious,3,,,false,S3,8,green_new_energy,/home/yuehe/cjn/lisence-plate-forgery/data/images/TMTX8432.JPG,/home/yuehe/cjn/lisence-plate-forgery/outputs/annotation-remaining1363-local-v3_20260825_210051/TMTX8432/03_rectified.jpg,,2026-08-26T11:38:51+08:00
TQJK2796,suspicious,6,,,false,S6,8,green_new_energy,/home/yuehe/cjn/lisence-plate-forgery/data/images/TQJK2796.JPG,/home/yuehe/cjn/lisence-plate-forgery/outputs/annotation-remaining1363-local-v3_20260825_210051/TQJK2796/03_rectified.jpg,,2026-08-26T11:38:58+08:00
TTGB8783,suspicious,6,,,false,S6,8,green_new_energy,/home/yuehe/cjn/lisence-plate-forgery/data/images/TTGB8783.JPG,/home/yuehe/cjn/lisence-plate-forgery/outputs/annotation-remaining1363-local-v3_20260825_210051/TTGB8783/03_rectified.jpg,,2026-08-26T11:39:07+08:00
TTJP6051,suspicious,3,,,false,S3,8,green_new_energy,/home/yuehe/cjn/lisence-plate-forgery/data/images/TTJP6051.JPG,/home/yuehe/cjn/lisence-plate-forgery/outputs/annotation-remaining1363-local-v3_20260825_210051/TTJP6051/03_rectified.jpg,,2026-08-26T11:39:09+08:00
TZME6085,suspicious,4,,,false,S4,8,green_new_energy,/home/yuehe/cjn/lisence-plate-forgery/data/images/TZME6085.JPG,/home/yuehe/cjn/lisence-plate-forgery/outputs/annotation-remaining1363-local-v3_20260825_210051/TZME6085/03_rectified.jpg,,2026-08-26T11:39:12+08:00
UAXZ5973,suspicious,3,,,false,S3,8,green_new_energy,/home/yuehe/cjn/lisence-plate-forgery/data/images/UAXZ5973.JPG,/home/yuehe/cjn/lisence-plate-forgery/outputs/annotation-remaining1363-local-v3_20260825_210051/UAXZ5973/03_rectified.jpg,,2026-08-26T11:39:15+08:00
UDCI2772,suspicious,5,,,false,S5,8,green_new_energy,/home/yuehe/cjn/lisence-plate-forgery/data/images/UDCI2772.JPG,/home/yuehe/cjn/lisence-plate-forgery/outputs/annotation-remaining1363-local-v3_20260825_210051/UDCI2772/03_rectified.jpg,,2026-08-26T11:39:18+08:00
UFNQ1409,suspicious,7,,,false,S7,8,green_new_energy,/home/yuehe/cjn/lisence-plate-forgery/data/images/UFNQ1409.JPG,/home/yuehe/cjn/lisence-plate-forgery/outputs/annotation-remaining1363-local-v3_20260825_210051/UFNQ1409/03_rectified.jpg,,2026-08-26T11:39:21+08:00
UFPA4521,suspicious,8,,,false,S8,8,green_new_energy,/home/yuehe/cjn/lisence-plate-forgery/data/images/UFPA4521.JPG,/home/yuehe/cjn/lisence-plate-forgery/outputs/annotation-remaining1363-local-v3_20260825_210051/UFPA4521/03_rectified.jpg,,2026-08-26T11:39:24+08:00
UGUL0521,suspicious,8,,,false,S8,8,green_new_energy,/home/yuehe/cjn/lisence-plate-forgery/data/images/UGUL0521.JPG,/home/yuehe/cjn/lisence-plate-forgery/outputs/annotation-remaining1363-local-v3_20260825_210051/UGUL0521/03_rectified.jpg,,2026-08-26T11:39:26+08:00
UJGT3781,clear,,,,false,,8,green_new_energy,/home/yuehe/cjn/lisence-plate-forgery/data/images/UJGT3781.JPG,/home/yuehe/cjn/lisence-plate-forgery/outputs/annotation-remaining1363-local-v3_20260825_210051/UJGT3781/03_rectified.jpg,,2026-08-26T11:39:29+08:00
UNWS0163,clear,,,,false,,8,green_new_energy,/home/yuehe/cjn/lisence-plate-forgery/data/images/UNWS0163.JPG,/home/yuehe/cjn/lisence-plate-forgery/outputs/annotation-remaining1363-local-v3_20260825_210051/UNWS0163/03_rectified.jpg,,2026-08-26T11:39:32+08:00
UOXB8635,suspicious,3;7,,,false,S3;S7,8,green_new_energy,/home/yuehe/cjn/lisence-plate-forgery/data/images/UOXB8635.JPG,/home/yuehe/cjn/lisence-plate-forgery/outputs/annotation-remaining1363-local-v3_20260825_210051/UOXB8635/03_rectified.jpg,,2026-08-26T11:39:36+08:00
UQNV9380,suspicious,8,,,false,S8,8,green_new_energy,/home/yuehe/cjn/lisence-plate-forgery/data/images/UQNV9380.JPG,/home/yuehe/cjn/lisence-plate-forgery/outputs/annotation-remaining1363-local-v3_20260825_210051/UQNV9380/03_rectified.jpg,,2026-08-26T11:39:38+08:00
USMA0353,suspicious,4;8,,,false,S4;S8,8,green_new_energy,/home/yuehe/cjn/lisence-plate-forgery/data/images/USMA0353.JPG,/home/yuehe/cjn/lisence-plate-forgery/outputs/annotation-remaining1363-local-v3_20260825_210051/USMA0353/03_rectified.jpg,,2026-08-26T11:40:07+08:00
UVBK4644,suspicious,5;6,,,false,S5;S6,8,green_new_energy,/home/yuehe/cjn/lisence-plate-forgery/data/images/UVBK4644.JPG,/home/yuehe/cjn/lisence-plate-forgery/outputs/annotation-remaining1363-local-v3_20260825_210051/UVBK4644/03_rectified.jpg,,2026-08-26T11:40:14+08:00
UWFN5170,suspicious,3,,,false,S3,8,green_new_energy,/home/yuehe/cjn/lisence-plate-forgery/data/images/UWFN5170.JPG,/home/yuehe/cjn/lisence-plate-forgery/outputs/annotation-remaining1363-local-v3_20260825_210051/UWFN5170/03_rectified.jpg,,2026-08-26T11:40:19+08:00
UXFB7476,suspicious,3,,,false,S3,8,green_new_energy,/home/yuehe/cjn/lisence-plate-forgery/data/images/UXFB7476.JPG,/home/yuehe/cjn/lisence-plate-forgery/outputs/annotation-remaining1363-local-v3_20260825_210051/UXFB7476/03_rectified.jpg,,2026-08-26T11:40:22+08:00
UXLD3595,suspicious,8,,,false,S8,8,green_new_energy,/home/yuehe/cjn/lisence-plate-forgery/data/images/UXLD3595.JPG,/home/yuehe/cjn/lisence-plate-forgery/outputs/annotation-remaining1363-local-v3_20260825_210051/UXLD3595/03_rectified.jpg,,2026-08-26T11:40:24+08:00
UYHD0903,clear,,,,false,,8,green_new_energy,/home/yuehe/cjn/lisence-plate-forgery/data/images/UYHD0903.JPG,/home/yuehe/cjn/lisence-plate-forgery/outputs/annotation-remaining1363-local-v3_20260825_210051/UYHD0903/03_rectified.jpg,,2026-08-26T11:40:31+08:00
UYLX6485,clear,,,,false,,8,green_new_energy,/home/yuehe/cjn/lisence-plate-forgery/data/images/UYLX6485.JPG,/home/yuehe/cjn/lisence-plate-forgery/outputs/annotation-remaining1363-local-v3_20260825_210051/UYLX6485/03_rectified.jpg,,2026-08-26T11:40:33+08:00
UZIF5257,suspicious,5,,,false,S5,8,green_new_energy,/home/yuehe/cjn/lisence-plate-forgery/data/images/UZIF5257.JPG,/home/yuehe/cjn/lisence-plate-forgery/outputs/annotation-remaining1363-local-v3_20260825_210051/UZIF5257/03_rectified.jpg,,2026-08-26T11:40:36+08:00
VAMT6540,suspicious,5,,,false,S5,8,green_new_energy,/home/yuehe/cjn/lisence-plate-forgery/data/images/VAMT6540.JPG,/home/yuehe/cjn/lisence-plate-forgery/outputs/annotation-remaining1363-local-v3_20260825_210051/VAMT6540/03_rectified.jpg,,2026-08-26T11:40:38+08:00
VBJC8610,clear,,,,false,,8,green_new_energy,/home/yuehe/cjn/lisence-plate-forgery/data/images/VBJC8610.JPG,/home/yuehe/cjn/lisence-plate-forgery/outputs/annotation-remaining1363-local-v3_20260825_210051/VBJC8610/03_rectified.jpg,,2026-08-26T11:40:42+08:00
VDBF8920,clear,,,,false,,8,green_new_energy,/home/yuehe/cjn/lisence-plate-forgery/data/images/VDBF8920.JPG,/home/yuehe/cjn/lisence-plate-forgery/outputs/annotation-remaining1363-local-v3_20260825_210051/VDBF8920/03_rectified.jpg,,2026-08-26T11:40:46+08:00
VEQS6890,clear,,,,false,,8,green_new_energy,/home/yuehe/cjn/lisence-plate-forgery/data/images/VEQS6890.JPG,/home/yuehe/cjn/lisence-plate-forgery/outputs/annotation-remaining1363-local-v3_20260825_210051/VEQS6890/03_rectified.jpg,,2026-08-26T11:40:49+08:00
VFCH5927,suspicious,4;7,,,false,S4;S7,8,green_new_energy,/home/yuehe/cjn/lisence-plate-forgery/data/images/VFCH5927.JPG,/home/yuehe/cjn/lisence-plate-forgery/outputs/annotation-remaining1363-local-v3_20260825_210051/VFCH5927/03_rectified.jpg,,2026-08-26T11:40:53+08:00
VFIS5484,suspicious,4;8,,,false,S4;S8,8,green_new_energy,/home/yuehe/cjn/lisence-plate-forgery/data/images/VFIS5484.JPG,/home/yuehe/cjn/lisence-plate-forgery/outputs/annotation-remaining1363-local-v3_20260825_210051/VFIS5484/03_rectified.jpg,,2026-08-26T11:40:57+08:00
VJMX2187,clear,,,,false,,8,green_new_energy,/home/yuehe/cjn/lisence-plate-forgery/data/images/VJMX2187.JPG,/home/yuehe/cjn/lisence-plate-forgery/outputs/annotation-remaining1363-local-v3_20260825_210051/VJMX2187/03_rectified.jpg,,2026-08-26T11:41:00+08:00
VKNS6860,suspicious,4;8,,,false,S4;S8,8,green_new_energy,/home/yuehe/cjn/lisence-plate-forgery/data/images/VKNS6860.JPG,/home/yuehe/cjn/lisence-plate-forgery/outputs/annotation-remaining1363-local-v3_20260825_210051/VKNS6860/03_rectified.jpg,,2026-08-26T11:41:15+08:00
VKZN6400,suspicious,6,,,false,S6,8,green_new_energy,/home/yuehe/cjn/lisence-plate-forgery/data/images/VKZN6400.JPG,/home/yuehe/cjn/lisence-plate-forgery/outputs/annotation-remaining1363-local-v3_20260825_210051/VKZN6400/03_rectified.jpg,,2026-08-26T11:41:21+08:00
VLIQ3722,suspicious,3;7,,,false,S3;S7,8,green_new_energy,/home/yuehe/cjn/lisence-plate-forgery/data/images/VLIQ3722.JPG,/home/yuehe/cjn/lisence-plate-forgery/outputs/annotation-remaining1363-local-v3_20260825_210051/VLIQ3722/03_rectified.jpg,,2026-08-26T11:41:26+08:00
VLLQ8500,suspicious,2;8,,,false,S2;S8,8,green_new_energy,/home/yuehe/cjn/lisence-plate-forgery/data/images/VLLQ8500.JPG,/home/yuehe/cjn/lisence-plate-forgery/outputs/annotation-remaining1363-local-v3_20260825_210051/VLLQ8500/03_rectified.jpg,,2026-08-26T11:41:29+08:00
VLMZ6763,clear,,,,false,,8,green_new_energy,/home/yuehe/cjn/lisence-plate-forgery/data/images/VLMZ6763.JPG,/home/yuehe/cjn/lisence-plate-forgery/outputs/annotation-remaining1363-local-v3_20260825_210051/VLMZ6763/03_rectified.jpg,,2026-08-26T11:41:32+08:00
VLQF0455,suspicious,5,,,false,S5,8,green_new_energy,/home/yuehe/cjn/lisence-plate-forgery/data/images/VLQF0455.JPG,/home/yuehe/cjn/lisence-plate-forgery/outputs/annotation-remaining1363-local-v3_20260825_210051/VLQF0455/03_rectified.jpg,,2026-08-26T11:41:35+08:00
VPQN4636,suspicious,4;8,,,false,S4;S8,8,green_new_energy,/home/yuehe/cjn/lisence-plate-forgery/data/images/VPQN4636.JPG,/home/yuehe/cjn/lisence-plate-forgery/outputs/annotation-remaining1363-local-v3_20260825_210051/VPQN4636/03_rectified.jpg,,2026-08-26T11:41:38+08:00
VPRG3933,suspicious,6,,,false,S6,8,green_new_energy,/home/yuehe/cjn/lisence-plate-forgery/data/images/VPRG3933.JPG,/home/yuehe/cjn/lisence-plate-forgery/outputs/annotation-remaining1363-local-v3_20260825_210051/VPRG3933/03_rectified.jpg,,2026-08-26T11:41:41+08:00
VRJE8362,suspicious,4;7;8,,,false,S4;S7;S8,8,green_new_energy,/home/yuehe/cjn/lisence-plate-forgery/data/images/VRJE8362.JPG,/home/yuehe/cjn/lisence-plate-forgery/outputs/annotation-remaining1363-local-v3_20260825_210051/VRJE8362/03_rectified.jpg,,2026-08-26T11:41:44+08:00
VRYB1724,suspicious,3,,,false,S3,8,green_new_energy,/home/yuehe/cjn/lisence-plate-forgery/data/images/VRYB1724.JPG,/home/yuehe/cjn/lisence-plate-forgery/outputs/annotation-remaining1363-local-v3_20260825_210051/VRYB1724/03_rectified.jpg,,2026-08-26T11:41:46+08:00
VSRF1808,clear,,,,false,,8,green_new_energy,/home/yuehe/cjn/lisence-plate-forgery/data/images/VSRF1808.JPG,/home/yuehe/cjn/lisence-plate-forgery/outputs/annotation-remaining1363-local-v3_20260825_210051/VSRF1808/03_rectified.jpg,,2026-08-26T11:41:49+08:00
VSYF6138,suspicious,6,,,false,S6,8,green_new_energy,/home/yuehe/cjn/lisence-plate-forgery/data/images/VSYF6138.JPG,/home/yuehe/cjn/lisence-plate-forgery/outputs/annotation-remaining1363-local-v3_20260825_210051/VSYF6138/03_rectified.jpg,,2026-08-26T11:42:43+08:00
VTGD9497,suspicious,6,,,false,S6,8,green_new_energy,/home/yuehe/cjn/lisence-plate-forgery/data/images/VTGD9497.JPG,/home/yuehe/cjn/lisence-plate-forgery/outputs/annotation-remaining1363-local-v3_20260825_210051/VTGD9497/03_rectified.jpg,,2026-08-26T11:42:50+08:00
VTXW0341,suspicious,5,,,false,S5,8,green_new_energy,/home/yuehe/cjn/lisence-plate-forgery/data/images/VTXW0341.JPG,/home/yuehe/cjn/lisence-plate-forgery/outputs/annotation-remaining1363-local-v3_20260825_210051/VTXW0341/03_rectified.jpg,,2026-08-26T11:42:52+08:00
VYZI8602,clear,,,,false,,8,green_new_energy,/home/yuehe/cjn/lisence-plate-forgery/data/images/VYZI8602.JPG,/home/yuehe/cjn/lisence-plate-forgery/outputs/annotation-remaining1363-local-v3_20260825_210051/VYZI8602/03_rectified.jpg,,2026-08-26T11:42:58+08:00
VZNR1725,suspicious,8,,,false,S8,8,green_new_energy,/home/yuehe/cjn/lisence-plate-forgery/data/images/VZNR1725.JPG,/home/yuehe/cjn/lisence-plate-forgery/outputs/annotation-remaining1363-local-v3_20260825_210051/VZNR1725/03_rectified.jpg,,2026-08-26T11:43:00+08:00
WDBI6879,clear,,,,false,,8,green_new_energy,/home/yuehe/cjn/lisence-plate-forgery/data/images/WDBI6879.JPG,/home/yuehe/cjn/lisence-plate-forgery/outputs/annotation-remaining1363-local-v3_20260825_210051/WDBI6879/03_rectified.jpg,,2026-08-26T11:43:03+08:00
WENR2537,suspicious,2,,,false,S2,8,green_new_energy,/home/yuehe/cjn/lisence-plate-forgery/data/images/WENR2537.JPG,/home/yuehe/cjn/lisence-plate-forgery/outputs/annotation-remaining1363-local-v3_20260825_210051/WENR2537/03_rectified.jpg,,2026-08-26T11:43:05+08:00
WFTI2306,suspicious,2;8,,,false,S2;S8,8,green_new_energy,/home/yuehe/cjn/lisence-plate-forgery/data/images/WFTI2306.JPG,/home/yuehe/cjn/lisence-plate-forgery/outputs/annotation-remaining1363-local-v3_20260825_210051/WFTI2306/03_rectified.jpg,,2026-08-26T11:43:09+08:00
WGLA4326,clear,,,,false,,8,green_new_energy,/home/yuehe/cjn/lisence-plate-forgery/data/images/WGLA4326.JPG,/home/yuehe/cjn/lisence-plate-forgery/outputs/annotation-remaining1363-local-v3_20260825_210051/WGLA4326/03_rectified.jpg,,2026-08-26T11:43:15+08:00
WHUE5479,clear,,,,false,,8,green_new_energy,/home/yuehe/cjn/lisence-plate-forgery/data/images/WHUE5479.JPG,/home/yuehe/cjn/lisence-plate-forgery/outputs/annotation-remaining1363-local-v3_20260825_210051/WHUE5479/03_rectified.jpg,,2026-08-26T11:43:18+08:00
WICB2094,suspicious,3,,,false,S3,8,green_new_energy,/home/yuehe/cjn/lisence-plate-forgery/data/images/WICB2094.JPG,/home/yuehe/cjn/lisence-plate-forgery/outputs/annotation-remaining1363-local-v3_20260825_210051/WICB2094/03_rectified.jpg,,2026-08-26T11:43:20+08:00
WIWG5144,suspicious,3;7,,,false,S3;S7,8,green_new_energy,/home/yuehe/cjn/lisence-plate-forgery/data/images/WIWG5144.JPG,/home/yuehe/cjn/lisence-plate-forgery/outputs/annotation-remaining1363-local-v3_20260825_210051/WIWG5144/03_rectified.jpg,,2026-08-26T11:43:24+08:00
WJXY0679,suspicious,3;7,,,false,S3;S7,8,green_new_energy,/home/yuehe/cjn/lisence-plate-forgery/data/images/WJXY0679.JPG,/home/yuehe/cjn/lisence-plate-forgery/outputs/annotation-remaining1363-local-v3_20260825_210051/WJXY0679/03_rectified.jpg,,2026-08-26T11:43:30+08:00
WLFV6526,suspicious,4,,,false,S4,8,green_new_energy,/home/yuehe/cjn/lisence-plate-forgery/data/images/WLFV6526.JPG,/home/yuehe/cjn/lisence-plate-forgery/outputs/annotation-remaining1363-local-v3_20260825_210051/WLFV6526/03_rectified.jpg,,2026-08-26T11:43:34+08:00
WMTP3702,suspicious,3,,,false,S3,8,green_new_energy,/home/yuehe/cjn/lisence-plate-forgery/data/images/WMTP3702.JPG,/home/yuehe/cjn/lisence-plate-forgery/outputs/annotation-remaining1363-local-v3_20260825_210051/WMTP3702/03_rectified.jpg,,2026-08-26T11:43:36+08:00
WPNZ0494,suspicious,3,,,false,S3,8,green_new_energy,/home/yuehe/cjn/lisence-plate-forgery/data/images/WPNZ0494.JPG,/home/yuehe/cjn/lisence-plate-forgery/outputs/annotation-remaining1363-local-v3_20260825_210051/WPNZ0494/03_rectified.jpg,,2026-08-26T11:43:40+08:00
WQMK7187,suspicious,7,,,false,S7,8,green_new_energy,/home/yuehe/cjn/lisence-plate-forgery/data/images/WQMK7187.JPG,/home/yuehe/cjn/lisence-plate-forgery/outputs/annotation-remaining1363-local-v3_20260825_210051/WQMK7187/03_rectified.jpg,,2026-08-26T11:43:42+08:00
WUAP8371,suspicious,8,,,false,S8,8,green_new_energy,/home/yuehe/cjn/lisence-plate-forgery/data/images/WUAP8371.JPG,/home/yuehe/cjn/lisence-plate-forgery/outputs/annotation-remaining1363-local-v3_20260825_210051/WUAP8371/03_rectified.jpg,,2026-08-26T11:43:47+08:00
WUTC7271,suspicious,2;7,,,false,S2;S7,8,green_new_energy,/home/yuehe/cjn/lisence-plate-forgery/data/images/WUTC7271.JPG,/home/yuehe/cjn/lisence-plate-forgery/outputs/annotation-remaining1363-local-v3_20260825_210051/WUTC7271/03_rectified.jpg,,2026-08-26T11:43:51+08:00
WWVW3418,suspicious,3;5,,,false,S3;S5,8,green_new_energy,/home/yuehe/cjn/lisence-plate-forgery/data/images/WWVW3418.JPG,/home/yuehe/cjn/lisence-plate-forgery/outputs/annotation-remaining1363-local-v3_20260825_210051/WWVW3418/03_rectified.jpg,,2026-08-26T11:43:56+08:00
WXVT7146,suspicious,2,,,false,S2,8,green_new_energy,/home/yuehe/cjn/lisence-plate-forgery/data/images/WXVT7146.JPG,/home/yuehe/cjn/lisence-plate-forgery/outputs/annotation-remaining1363-local-v3_20260825_210051/WXVT7146/03_rectified.jpg,,2026-08-26T11:43:58+08:00
WXZY0286,clear,,,,false,,8,green_new_energy,/home/yuehe/cjn/lisence-plate-forgery/data/images/WXZY0286.JPG,/home/yuehe/cjn/lisence-plate-forgery/outputs/annotation-remaining1363-local-v3_20260825_210051/WXZY0286/03_rectified.jpg,,2026-08-26T11:44:07+08:00
WYGT2734,suspicious,5,,,false,S5,8,green_new_energy,/home/yuehe/cjn/lisence-plate-forgery/data/images/WYGT2734.JPG,/home/yuehe/cjn/lisence-plate-forgery/outputs/annotation-remaining1363-local-v3_20260825_210051/WYGT2734/03_rectified.jpg,,2026-08-26T11:44:12+08:00
WZTE0281,suspicious,8,,,false,S8,8,green_new_energy,/home/yuehe/cjn/lisence-plate-forgery/data/images/WZTE0281.JPG,/home/yuehe/cjn/lisence-plate-forgery/outputs/annotation-remaining1363-local-v3_20260825_210051/WZTE0281/03_rectified.jpg,,2026-08-26T11:44:15+08:00
XAKB0266,suspicious,4,,,false,S4,8,green_new_energy,/home/yuehe/cjn/lisence-plate-forgery/data/images/XAKB0266.JPG,/home/yuehe/cjn/lisence-plate-forgery/outputs/annotation-remaining1363-local-v3_20260825_210051/XAKB0266/03_rectified.jpg,,2026-08-26T11:44:19+08:00
XBFQ5191,suspicious,3,,,false,S3,8,green_new_energy,/home/yuehe/cjn/lisence-plate-forgery/data/images/XBFQ5191.JPG,/home/yuehe/cjn/lisence-plate-forgery/outputs/annotation-remaining1363-local-v3_20260825_210051/XBFQ5191/03_rectified.jpg,,2026-08-26T11:44:21+08:00
XDYZ4683,suspicious,3;6,,,false,S3;S6,8,green_new_energy,/home/yuehe/cjn/lisence-plate-forgery/data/images/XDYZ4683.JPG,/home/yuehe/cjn/lisence-plate-forgery/outputs/annotation-remaining1363-local-v3_20260825_210051/XDYZ4683/03_rectified.jpg,,2026-08-26T11:44:25+08:00
XFEW9123,suspicious,3,,,false,S3,8,green_new_energy,/home/yuehe/cjn/lisence-plate-forgery/data/images/XFEW9123.JPG,/home/yuehe/cjn/lisence-plate-forgery/outputs/annotation-remaining1363-local-v3_20260825_210051/XFEW9123/03_rectified.jpg,,2026-08-26T11:44:30+08:00
XIJW3927,suspicious,2;8,,,false,S2;S8,8,green_new_energy,/home/yuehe/cjn/lisence-plate-forgery/data/images/XIJW3927.JPG,/home/yuehe/cjn/lisence-plate-forgery/outputs/annotation-remaining1363-local-v3_20260825_210051/XIJW3927/03_rectified.jpg,,2026-08-26T11:44:34+08:00
XISF7476,suspicious,6,,,false,S6,8,green_new_energy,/home/yuehe/cjn/lisence-plate-forgery/data/images/XISF7476.JPG,/home/yuehe/cjn/lisence-plate-forgery/outputs/annotation-remaining1363-local-v3_20260825_210051/XISF7476/03_rectified.jpg,,2026-08-26T11:44:39+08:00
XLKD1788,suspicious,6,,,false,S6,8,green_new_energy,/home/yuehe/cjn/lisence-plate-forgery/data/images/XLKD1788.JPG,/home/yuehe/cjn/lisence-plate-forgery/outputs/annotation-remaining1363-local-v3_20260825_210051/XLKD1788/03_rectified.jpg,,2026-08-26T11:44:43+08:00
XNNI6115,clear,,,,false,,8,green_new_energy,/home/yuehe/cjn/lisence-plate-forgery/data/images/XNNI6115.JPG,/home/yuehe/cjn/lisence-plate-forgery/outputs/annotation-remaining1363-local-v3_20260825_210051/XNNI6115/03_rectified.jpg,,2026-08-26T11:44:46+08:00
XQCE4448,suspicious,3;6,,,false,S3;S6,8,green_new_energy,/home/yuehe/cjn/lisence-plate-forgery/data/images/XQCE4448.JPG,/home/yuehe/cjn/lisence-plate-forgery/outputs/annotation-remaining1363-local-v3_20260825_210051/XQCE4448/03_rectified.jpg,,2026-08-26T11:44:49+08:00
XQFP6496,suspicious,3;5;7,,,false,S3;S5;S7,8,green_new_energy,/home/yuehe/cjn/lisence-plate-forgery/data/images/XQFP6496.JPG,/home/yuehe/cjn/lisence-plate-forgery/outputs/annotation-remaining1363-local-v3_20260825_210051/XQFP6496/03_rectified.jpg,,2026-08-26T11:45:04+08:00
XQGR5381,suspicious,3;4,,,false,S3;S4,8,green_new_energy,/home/yuehe/cjn/lisence-plate-forgery/data/images/XQGR5381.JPG,/home/yuehe/cjn/lisence-plate-forgery/outputs/annotation-remaining1363-local-v3_20260825_210051/XQGR5381/03_rectified.jpg,,2026-08-26T11:45:12+08:00
XQMP3966,suspicious,7,,,false,S7,8,green_new_energy,/home/yuehe/cjn/lisence-plate-forgery/data/images/XQMP3966.JPG,/home/yuehe/cjn/lisence-plate-forgery/outputs/annotation-remaining1363-local-v3_20260825_210051/XQMP3966/03_rectified.jpg,,2026-08-26T11:45:17+08:00
XRMS6679,suspicious,3,,,false,S3,8,green_new_energy,/home/yuehe/cjn/lisence-plate-forgery/data/images/XRMS6679.JPG,/home/yuehe/cjn/lisence-plate-forgery/outputs/annotation-remaining1363-local-v3_20260825_210051/XRMS6679/03_rectified.jpg,,2026-08-26T11:45:21+08:00
XRRS7975,suspicious,7,,,false,S7,8,green_new_energy,/home/yuehe/cjn/lisence-plate-forgery/data/images/XRRS7975.JPG,/home/yuehe/cjn/lisence-plate-forgery/outputs/annotation-remaining1363-local-v3_20260825_210051/XRRS7975/03_rectified.jpg,,2026-08-26T11:45:24+08:00
XRYV8778,suspicious,3;5,,,false,S3;S5,8,green_new_energy,/home/yuehe/cjn/lisence-plate-forgery/data/images/XRYV8778.JPG,/home/yuehe/cjn/lisence-plate-forgery/outputs/annotation-remaining1363-local-v3_20260825_210051/XRYV8778/03_rectified.jpg,,2026-08-26T11:45:40+08:00
XSHP3072,clear,,,,false,,8,green_new_energy,/home/yuehe/cjn/lisence-plate-forgery/data/images/XSHP3072.JPG,/home/yuehe/cjn/lisence-plate-forgery/outputs/annotation-remaining1363-local-v3_20260825_210051/XSHP3072/03_rectified.jpg,,2026-08-26T11:45:43+08:00
XTCY8548,suspicious,3;5;7,,,false,S3;S5;S7,8,green_new_energy,/home/yuehe/cjn/lisence-plate-forgery/data/images/XTCY8548.JPG,/home/yuehe/cjn/lisence-plate-forgery/outputs/annotation-remaining1363-local-v3_20260825_210051/XTCY8548/03_rectified.jpg,,2026-08-26T11:45:49+08:00
XWAV3054,suspicious,5,,,false,S5,8,green_new_energy,/home/yuehe/cjn/lisence-plate-forgery/data/images/XWAV3054.JPG,/home/yuehe/cjn/lisence-plate-forgery/outputs/annotation-remaining1363-local-v3_20260825_210051/XWAV3054/03_rectified.jpg,,2026-08-26T11:45:54+08:00
XXLG4275,suspicious,7,,,false,S7,8,green_new_energy,/home/yuehe/cjn/lisence-plate-forgery/data/images/XXLG4275.JPG,/home/yuehe/cjn/lisence-plate-forgery/outputs/annotation-remaining1363-local-v3_20260825_210051/XXLG4275/03_rectified.jpg,,2026-08-26T11:45:56+08:00
XYLQ6056,suspicious,8,,,false,S8,8,green_new_energy,/home/yuehe/cjn/lisence-plate-forgery/data/images/XYLQ6056.JPG,/home/yuehe/cjn/lisence-plate-forgery/outputs/annotation-remaining1363-local-v3_20260825_210051/XYLQ6056/03_rectified.jpg,,2026-08-26T11:45:59+08:00
XYON4379,suspicious,5,,,false,S5,8,green_new_energy,/home/yuehe/cjn/lisence-plate-forgery/data/images/XYON4379.JPG,/home/yuehe/cjn/lisence-plate-forgery/outputs/annotation-remaining1363-local-v3_20260825_210051/XYON4379/03_rectified.jpg,,2026-08-26T11:46:01+08:00
XZIT8336,suspicious,8,,,false,S8,8,green_new_energy,/home/yuehe/cjn/lisence-plate-forgery/data/images/XZIT8336.JPG,/home/yuehe/cjn/lisence-plate-forgery/outputs/annotation-remaining1363-local-v3_20260825_210051/XZIT8336/03_rectified.jpg,,2026-08-26T11:46:04+08:00
YAPJ8184,suspicious,3;7,,,false,S3;S7,8,green_new_energy,/home/yuehe/cjn/lisence-plate-forgery/data/images/YAPJ8184.JPG,/home/yuehe/cjn/lisence-plate-forgery/outputs/annotation-remaining1363-local-v3_20260825_210051/YAPJ8184/03_rectified.jpg,,2026-08-26T11:46:07+08:00
YBGO6446,suspicious,6,,,false,S6,8,green_new_energy,/home/yuehe/cjn/lisence-plate-forgery/data/images/YBGO6446.JPG,/home/yuehe/cjn/lisence-plate-forgery/outputs/annotation-remaining1363-local-v3_20260825_210051/YBGO6446/03_rectified.jpg,,2026-08-26T11:46:11+08:00
YCMN9047,clear,,,,false,,8,green_new_energy,/home/yuehe/cjn/lisence-plate-forgery/data/images/YCMN9047.JPG,/home/yuehe/cjn/lisence-plate-forgery/outputs/annotation-remaining1363-local-v3_20260825_210051/YCMN9047/03_rectified.jpg,,2026-08-26T11:46:15+08:00
YCOV5712,suspicious,3;5;7,,,false,S3;S5;S7,8,green_new_energy,/home/yuehe/cjn/lisence-plate-forgery/data/images/YCOV5712.JPG,/home/yuehe/cjn/lisence-plate-forgery/outputs/annotation-remaining1363-local-v3_20260825_210051/YCOV5712/03_rectified.jpg,,2026-08-26T11:46:24+08:00
YDKQ4114,suspicious,8,,,false,S8,8,green_new_energy,/home/yuehe/cjn/lisence-plate-forgery/data/images/YDKQ4114.JPG,/home/yuehe/cjn/lisence-plate-forgery/outputs/annotation-remaining1363-local-v3_20260825_210051/YDKQ4114/03_rectified.jpg,,2026-08-26T11:46:27+08:00
YESE4199,suspicious,7,,,false,S7,8,green_new_energy,/home/yuehe/cjn/lisence-plate-forgery/data/images/YESE4199.JPG,/home/yuehe/cjn/lisence-plate-forgery/outputs/annotation-remaining1363-local-v3_20260825_210051/YESE4199/03_rectified.jpg,,2026-08-26T11:46:31+08:00
YFUO5262,suspicious,7,,,false,S7,8,green_new_energy,/home/yuehe/cjn/lisence-plate-forgery/data/images/YFUO5262.JPG,/home/yuehe/cjn/lisence-plate-forgery/outputs/annotation-remaining1363-local-v3_20260825_210051/YFUO5262/03_rectified.jpg,,2026-08-26T11:46:33+08:00
YKLY6208,suspicious,8,,,false,S8,8,green_new_energy,/home/yuehe/cjn/lisence-plate-forgery/data/images/YKLY6208.JPG,/home/yuehe/cjn/lisence-plate-forgery/outputs/annotation-remaining1363-local-v3_20260825_210051/YKLY6208/03_rectified.jpg,,2026-08-26T11:46:38+08:00
YKMP2665,suspicious,3;7,,,false,S3;S7,8,green_new_energy,/home/yuehe/cjn/lisence-plate-forgery/data/images/YKMP2665.JPG,/home/yuehe/cjn/lisence-plate-forgery/outputs/annotation-remaining1363-local-v3_20260825_210051/YKMP2665/03_rectified.jpg,,2026-08-26T11:46:44+08:00
